DateTime,OrderID,Channel,Category,Product,Quantity,UnitPrice,LineTotal
2025-01-01 13:15:14,d1f6f86c-029a-4245-bb91-433a6aa79987,Web,Keyboards,Compact 60% Keyboard,1,73.31,73.31
2025-01-01 15:02:01,daea58ba-4c73-4942-8d87-78e7d340bbcd,Web,Keyboards,RGB Backlit Keyboard,1,77.32,77.32
2025-01-01 09:35:12,452ec40a-3193-4a54-ae89-71105e503a67,B2B,Storage,1TB NVMe SSD,1,66.86,66.86
2025-01-01 09:48:51,5f811cb9-2964-4f8b-afac-aa5090e5e945,Retail,Keyboards,Membrane Office Keyboard,1,25.15,25.15
2025-01-01 11:13:48,42d6cb5c-6ed4-494b-9fc9-e3b11fcff454,Web,Mice,Vertical Ergonomic Mouse,1,46.5,46.5
2025-01-01 09:46:29,9c9cea0c-2ca1-4789-a091-250e8fe46024,Retail,Headsets,Surround Sound Headphones,2,153.01,306.02
2025-01-01 13:53:40,bcf74d7a-5ada-4121-afd2-b7a48d9fe5b9,Retail,Monitors,34-inch Ultrawide Curved Monitor,1,493.09,493.09
2025-01-01 12:49:18,87f26aee-175f-4cd2-bb9d-58e4f543bbcf,Web,Networking,Powerline Ethernet Adapter,1,56.46,56.46
2025-01-01 15:17:29,95c5fb98-6980-481f-bc42-8d42fa882692,Retail,Monitors,24-inch 144Hz Gaming Monitor,1,183.39,183.39
2025-01-01 20:59:43,34a9af41-25ec-4845-aaa4-857e8101e89a,B2B,Monitors,24-inch 144Hz Gaming Monitor,1,267.0,267.0
2025-01-01 17:46:15,d64a3ce0-30a1-46d5-93ed-748bb80e3b0d,Retail,Keyboards,Membrane Office Keyboard,1,36.8,36.8
2025-01-01 12:43:20,7576714a-0605-4c82-9271-22dc57708107,Web,Storage,128GB USB Flash Drive,3,17.23,51.69
2025-01-01 14:25:17,82bde024-f7ac-4e22-86e0-f45856eaa301,B2B,Keyboards,Wireless Ergonomic Keyboard,1,83.07,83.07
2025-01-02 13:47:37,a9f559fc-f0b3-4868-81b5-577d00e266d0,B2B,Headsets,Noise-Cancelling Gaming Headset,1,131.94,131.94
2025-01-02 17:31:05,94820a06-c555-463f-a9ef-41d0deea959e,Web,Storage,2TB External HDD,2,107.99,215.98
2025-01-02 19:27:38,a70ce1b5-1978-4ec0-895c-fa4f2dcaabd5,Retail,Keyboards,Wireless Ergonomic Keyboard,1,81.04,81.04
2025-01-02 17:55:00,ae711399-e2b2-448b-9b1b-cf726a1eccda,Web,Monitors,15.6-inch Portable USB-C Monitor,1,184.54,184.54
2025-01-02 17:48:17,600027e8-bc90-46ec-ae80-dbd593fd7234,Retail,Storage,512GB Portable SSD,2,48.99,97.98
2025-01-02 20:16:32,9893588c-860a-4da1-b5cd-b9413b8d0e76,B2B,Storage,2TB External HDD,1,88.52,88.52
2025-01-02 13:53:40,5473da68-d328-4151-a9c3-29a8b59a5969,Web,Headsets,USB Conference Headset,2,50.77,101.54
2025-01-02 17:58:00,1eab5cd8-3b78-4b66-8a4d-e3e4ce9fb6a8,Retail,Monitors,27-inch 4K IPS Monitor,1,275.51,275.51
2025-01-02 14:56:53,bcb8a084-3764-452e-bfcd-33d2df8960ad,Web,Storage,128GB USB Flash Drive,2,21.59,43.18
2025-01-02 16:52:04,ab721ab0-8e1a-41f0-818c-6da1cd4944b6,B2B,Networking,Powerline Ethernet Adapter,1,58.33,58.33
2025-01-02 11:42:30,6f055718-96af-4dea-81fa-d2962f927291,Web,Networking,USB Wi-Fi Adapter,1,34.37,34.37
2025-01-02 12:59:34,213f191f-f56a-47ea-aa80-db0684ab5616,B2B,Storage,2TB External HDD,1,70.95,70.95
2025-01-03 10:15:14,4d23bed5-2a04-477a-bad2-b6c50aa25068,Web,Keyboards,Wireless Ergonomic Keyboard,1,91.04,91.04
2025-01-03 10:45:40,026530cd-d50b-412b-9d53-3730fbb91133,Web,Keyboards,Wireless Ergonomic Keyboard,1,98.39,98.39
2025-01-03 14:04:32,5987baf1-3aa7-45cb-b70a-e8c026784184,B2B,Mice,Optical Gaming Mouse,1,56.54,56.54
2025-01-03 18:30:15,62d1c049-282f-4557-978b-24268a04f74f,Retail,Storage,512GB Portable SSD,3,48.99,146.97
2025-01-03 15:22:27,0f967bcc-0ca0-4f4d-8349-9f8452e1fbb0,B2B,Headsets,Noise-Cancelling Gaming Headset,2,105.2,210.4
2025-01-03 09:25:46,635a8ce2-141c-403e-b1f2-f9c4b6307bad,Web,Mice,Vertical Ergonomic Mouse,2,40.52,81.04
2025-01-03 16:08:27,2df2b7c8-ebaa-4701-8c90-5983fe9e6246,Retail,Keyboards,Membrane Office Keyboard,2,34.78,69.56
2025-01-03 17:06:03,b65b9045-c5bc-447a-82ff-5f56c9f0b072,B2B,Monitors,24-inch 144Hz Gaming Monitor,1,199.92,199.92
2025-01-03 10:59:48,8334bb82-adbf-400e-b721-39f35e2503dd,Web,Storage,128GB USB Flash Drive,1,25.68,25.68
2025-01-03 11:24:00,9f318042-7b14-4708-9f1a-f1fac2e1dac4,Retail,Networking,Powerline Ethernet Adapter,1,41.99,41.99
2025-01-03 16:18:27,7de6002d-a048-4922-8389-8f4e0fc01b11,B2B,Storage,1TB NVMe SSD,1,88.27,88.27
2025-01-03 13:13:03,f74fd9ec-9c2e-4c16-85a0-ff6d53650fc7,B2B,Monitors,27-inch 4K IPS Monitor,1,315.88,315.88
2025-01-04 10:38:04,a9b04e95-c4d3-454c-9d41-eb25339bb47e,Web,Monitors,15.6-inch Portable USB-C Monitor,1,177.99,177.99
2025-01-04 18:15:37,26501578-8e7a-49af-9e8f-cb74b2d4f32a,B2B,Monitors,27-inch 4K IPS Monitor,1,307.42,307.42
2025-01-04 14:59:16,e47b342b-2a3a-4667-beb1-4f84147de9b0,B2B,Keyboards,Membrane Office Keyboard,1,24.6,24.6
2025-01-04 13:25:08,34085693-3b0b-4398-95e6-fa5af79fcaa0,Retail,Monitors,15.6-inch Portable USB-C Monitor,1,242.99,242.99
2025-01-04 09:29:39,266fdf5c-49cd-4ec7-a9aa-57a529ddf4c7,Web,Networking,Powerline Ethernet Adapter,2,47.86,95.72
2025-01-04 12:32:16,b21ab98f-8505-4138-9731-48758980bb2c,Retail,Keyboards,Compact 60% Keyboard,1,76.96,76.96
2025-01-04 11:28:53,a85dffca-00d0-4ac4-a583-bf9000da5a80,Retail,Headsets,In-Ear Gaming Earbuds,1,35.36,35.36
2025-01-04 19:33:00,d5d3cee2-2f52-4fb3-a2cc-e77b7efe369a,B2B,Monitors,15.6-inch Portable USB-C Monitor,1,143.26,143.26
2025-01-04 11:16:07,d9c1aa99-cc68-42b6-af0e-1c779b852cbc,B2B,Networking,Wireless Mesh Router System,1,174.99,174.99
2025-01-04 13:18:38,c00187a6-8152-42c5-83a7-c488188b2694,Retail,Mice,Optical Gaming Mouse,2,58.97,117.94
2025-01-04 09:05:40,c05f69af-ca5b-4579-90ed-026067f8ab1f,Retail,Headsets,Noise-Cancelling Gaming Headset,2,140.75,281.5
2025-01-04 14:49:08,2e93761b-6aae-4b74-b5fb-4415f46d4e1d,Retail,Monitors,24-inch 144Hz Gaming Monitor,1,161.56,161.56
2025-01-04 17:00:07,2f2faab7-e0e3-417d-ab3f-4d0a3e46cc1c,B2B,Keyboards,Wireless Ergonomic Keyboard,1,96.7,96.7
2025-01-04 17:02:53,2d0bc102-5499-48e7-9f77-442206fb8a80,B2B,Mice,Precision Laser Mouse,1,60.79,60.79
2025-01-05 12:42:06,92573b50-2d90-49c6-ad87-bab8650ffbcf,B2B,Mice,Vertical Ergonomic Mouse,1,65.99,65.99
2025-01-05 18:47:09,e4b1455b-84ad-4903-92cf-5d1dae103641,Web,Networking,Gigabit Ethernet Switch,1,67.49,67.49
2025-01-05 15:01:11,836170c2-69ca-4c7b-b5ce-60113fba91d2,Retail,Storage,2TB External HDD,1,76.73,76.73
2025-01-05 19:55:47,1ec1db44-5330-47c5-aae3-6852b11f43a4,Retail,Storage,128GB USB Flash Drive,2,19.16,38.32
2025-01-05 16:14:12,be5a4452-75e3-4718-a4cc-1ad011552ddf,Retail,Storage,128GB USB Flash Drive,2,20.75,41.5
2025-01-05 12:14:01,923c7324-9f0e-4690-a0ce-08bb31efbef6,Retail,Monitors,24-inch 144Hz Gaming Monitor,1,288.73,288.73
2025-01-05 13:22:41,87ed24ba-2291-4c37-bfc8-436533af061b,B2B,Headsets,USB Conference Headset,1,34.99,34.99
2025-01-05 17:21:01,915f892f-548d-4214-bbb5-a287e4daa2e7,Retail,Keyboards,RGB Backlit Keyboard,2,87.63,175.26
2025-01-05 10:38:27,82a4e5f2-89cb-46b8-a017-a69d4ad48431,Retail,Mice,Vertical Ergonomic Mouse,1,48.52,48.52
2025-01-05 10:24:57,e4384beb-abc6-4790-8579-5f45b1817b72,Retail,Headsets,In-Ear Gaming Earbuds,2,32.19,64.38
2025-01-05 17:43:46,c6f736f0-428b-4d1b-8f27-e5e8cc638bb9,B2B,Networking,USB Wi-Fi Adapter,1,32.83,32.83
2025-01-05 14:27:04,cc9a502c-5d2c-405c-8b46-34e66d47be83,Retail,Networking,USB Wi-Fi Adapter,1,28.39,28.39
2025-01-05 13:32:19,1b897889-92f4-420d-8930-dd5b84459a03,Retail,Monitors,15.6-inch Portable USB-C Monitor,1,166.75,166.75
2025-01-05 13:35:08,27fafa5d-1165-4edb-8242-81d3a11908e0,B2B,Keyboards,Membrane Office Keyboard,1,25.23,25.23
2025-01-05 18:36:19,a282bbfa-b564-41c8-a15e-16c15f081999,Web,Mice,Trackball Mouse,2,56.73,113.46
2025-01-05 18:38:41,71afc8ad-bf09-46bd-8661-d077090b3597,Retail,Mice,Wireless Bluetooth Mouse,1,27.99,27.99
2025-01-05 20:10:42,4ea838f2-66db-4c44-9e62-2929af973c3d,B2B,Keyboards,Wireless Ergonomic Keyboard,1,94.32,94.32
2025-01-05 18:21:05,4fd550c3-43ab-4549-9c41-72e672fce34d,Web,Storage,128GB USB Flash Drive,1,20.27,20.27
2025-01-05 12:30:39,0ce4ad11-7afb-49be-be14-fe2ebcba851b,Web,Storage,128GB USB Flash Drive,1,20.83,20.83
2025-01-05 18:12:45,383a0301-0783-482e-b210-1a3f43df86ae,Retail,Storage,1TB NVMe SSD,1,77.89,77.89
2025-01-05 10:49:27,00855e6b-ebc6-422b-a2d5-7caa58569a9b,B2B,Mice,Optical Gaming Mouse,2,41.99,83.98
2025-01-05 12:58:54,cdf91845-a027-4bbf-b837-3eebad17d536,Web,Keyboards,Compact 60% Keyboard,1,55.28,55.28
2025-01-05 18:20:48,1c6e7bd0-07d5-4a92-9548-e270ef12d18e,B2B,Networking,Wireless Mesh Router System,1,174.99,174.99
2025-01-05 17:27:53,dcea2252-301d-4a84-9f44-c5b49a3a9565,Retail,Networking,Gigabit Ethernet Switch,1,49.54,49.54
2025-01-05 13:48:15,45caa283-2e8c-439e-bd93-3dcd659e23c2,Retail,Storage,128GB USB Flash Drive,1,15.45,15.45
2025-01-05 19:15:17,4cd68a77-e6c0-4c68-b563-c1a6596091d6,B2B,Headsets,Noise-Cancelling Gaming Headset,1,117.84,117.84
2025-01-05 17:05:08,63663481-d8a6-4224-90b7-da40b9b34ee7,Retail,Keyboards,Compact 60% Keyboard,1,78.69,78.69
2025-01-05 20:13:04,5e4fd35a-4d04-425f-9de9-feb51352e69d,Retail,Headsets,Noise-Cancelling Gaming Headset,1,109.41,109.41
2025-01-05 15:24:57,6b547c70-0a5b-4380-9d6f-3010c8bec05c,B2B,Storage,512GB Portable SSD,2,74.11,148.22
2025-01-05 18:24:30,249176da-14f4-413e-a918-3eca3091a72b,Retail,Keyboards,Mechanical Gaming Keyboard,1,105.63,105.63
2025-01-06 15:21:42,265ffc9c-038c-430b-b36e-875c6c9e62ea,Retail,Monitors,15.6-inch Portable USB-C Monitor,1,216.26,216.26
2025-01-06 18:34:01,0812193f-8395-4252-b3a3-0d701d1940b1,B2B,Networking,Gigabit Ethernet Switch,1,34.99,34.99
2025-01-06 09:05:41,64631da1-574d-4811-bf45-ddffca9353f8,Retail,Headsets,Noise-Cancelling Gaming Headset,2,118.97,237.94
2025-01-06 16:20:21,3dc9a075-0a72-4a2d-9dd1-ddbf51c0d297,Retail,Storage,2TB External HDD,2,90.65,181.3
2025-01-06 15:16:53,941164e4-2605-425c-bc11-330819806fe8,Web,Keyboards,Wireless Ergonomic Keyboard,1,117.99,117.99
2025-01-06 12:41:04,88488c9c-91e1-4cb8-8257-f1be34cd4fcd,B2B,Storage,512GB Portable SSD,3,79.49,238.47
2025-01-06 12:12:53,bdc20b73-fa4c-429b-a88b-fbe35be070a1,Web,Keyboards,Mechanical Gaming Keyboard,2,122.7,245.4
2025-01-06 12:29:44,df176b4f-db35-427e-89bb-367048bb6e3a,Retail,Mice,Optical Gaming Mouse,2,60.81,121.62
2025-01-06 20:45:07,35136f41-8711-4aa9-980f-72c1177e844c,Web,Storage,512GB Portable SSD,1,80.23,80.23
2025-01-07 20:49:19,03e50e54-8624-4766-bb10-5a9568feb082,B2B,Storage,128GB USB Flash Drive,1,18.93,18.93
2025-01-07 17:27:42,96a4087e-26cf-4137-851e-1ad7c71eb812,B2B,Mice,Precision Laser Mouse,2,68.59,137.18
2025-01-07 15:52:31,c334629e-968c-40b9-934a-ad5888183610,Retail,Keyboards,RGB Backlit Keyboard,1,87.43,87.43
2025-01-07 15:11:46,751d0db6-29e8-4a09-a666-5e8ac81d4cd4,B2B,Headsets,Surround Sound Headphones,1,112.39,112.39
2025-01-07 17:49:30,5f2b18db-064a-4c49-b08a-8d146a2254b2,B2B,Headsets,Wireless Bluetooth Headphones,1,95.05,95.05
2025-01-07 10:17:56,637068fc-de37-4e88-8700-937ba99d4575,Retail,Headsets,Wireless Bluetooth Headphones,1,110.11,110.11
2025-01-07 19:24:21,8a7901dc-d0f6-4bf1-ac95-48a85a80c814,Retail,Keyboards,Mechanical Gaming Keyboard,2,136.31,272.62
2025-01-07 14:17:56,51b98cae-045c-436e-9822-a58ca8748eb2,Retail,Monitors,27-inch 4K IPS Monitor,1,454.25,454.25
2025-01-07 17:12:05,51aaceff-0bb5-4d76-b009-64027861a5c5,Retail,Mice,Optical Gaming Mouse,1,54.74,54.74
2025-01-07 16:28:50,4c6872e9-ccf6-4ec9-a3b4-d323502f5232,Retail,Keyboards,Mechanical Gaming Keyboard,2,109.86,219.72
2025-01-08 20:29:17,7c75deae-1c1d-46c8-91fc-7f590e851ffb,Web,Mice,Wireless Bluetooth Mouse,2,38.36,76.72
2025-01-08 10:47:34,9d6285d6-18ae-4765-9e62-f07bf3c10a10,B2B,Networking,USB Wi-Fi Adapter,2,31.44,62.88
2025-01-08 20:37:48,0d1c6a5e-f0a8-43b4-8883-bd312c92bdc3,Retail,Headsets,Surround Sound Headphones,1,162.49,162.49
2025-01-08 12:18:14,866b4614-376b-4c48-95c2-9cea4f10da2e,Retail,Mice,Vertical Ergonomic Mouse,2,46.7,93.4
2025-01-08 17:18:44,7816be63-7fcf-4723-b5df-cbf818b15165,B2B,Networking,USB Wi-Fi Adapter,1,40.49,40.49
2025-01-08 16:06:55,e72c9f16-3855-4b58-ac61-0ed70f137e3f,Retail,Keyboards,Mechanical Gaming Keyboard,1,121.08,121.08
2025-01-08 09:16:55,c8d9d94e-bec1-44d9-945b-909d38dcc11f,Web,Headsets,Wireless Bluetooth Headphones,1,103.49,103.49
2025-01-08 10:36:40,8b1423d4-9690-4191-a219-70b329815fda,Web,Storage,1TB NVMe SSD,2,74.09,148.18
2025-01-08 10:35:48,af9fe017-fe6b-4ff4-bfcf-61d33ddf7bbc,B2B,Headsets,Noise-Cancelling Gaming Headset,1,161.99,161.99
2025-01-08 12:49:33,2e2ff777-ec81-4cf1-b8b8-c927fd9a7775,Retail,Mice,Precision Laser Mouse,2,55.96,111.92
2025-01-08 09:39:47,930a4425-8dbe-43ab-b55e-35a7e66be00f,Web,Keyboards,RGB Backlit Keyboard,1,85.6,85.6
2025-01-08 13:42:05,36c0c591-a3cd-4d00-8d18-9aadee4c8dc6,Web,Keyboards,Membrane Office Keyboard,1,32.83,32.83
2025-01-08 20:38:30,749871e6-bb7b-42aa-ac3a-241f28cdd5ec,Web,Mice,Wireless Bluetooth Mouse,2,46.81,93.62
2025-01-08 16:04:43,a68e3fc8-03b3-4836-824f-dd1bd96ad6e5,Retail,Mice,Optical Gaming Mouse,1,47.65,47.65
2025-01-08 15:07:34,e65325f3-c8c7-457f-92be-104031e63801,Web,Mice,Optical Gaming Mouse,1,41.99,41.99
2025-01-08 10:03:10,cece975d-8f82-46d5-91db-117ac49ee908,B2B,Storage,512GB Portable SSD,1,68.5,68.5
2025-01-08 20:19:44,911cf7d9-43e7-4280-982e-c3da1f4fb4da,Retail,Mice,Trackball Mouse,1,85.99,85.99
2025-01-08 10:38:02,47125412-fb07-4b3b-b6ad-de623c57d6b5,B2B,Networking,Wireless Mesh Router System,1,249.94,249.94
2025-01-08 19:53:55,bbf3ee6e-5ec0-433a-bf67-52de39aee1d2,Web,Headsets,In-Ear Gaming Earbuds,1,43.05,43.05
2025-01-08 19:52:17,674ecffa-a9c5-4447-b25d-1d43b064752d,Web,Headsets,In-Ear Gaming Earbuds,1,30.95,30.95
2025-01-08 11:37:27,735aa0ba-a692-4eb2-bfc7-32df8febd89d,Retail,Monitors,24-inch 144Hz Gaming Monitor,1,153.99,153.99
2025-01-09 14:42:06,81229d6a-e9f8-4ce2-964b-c69fdd710d12,Retail,Storage,128GB USB Flash Drive,1,17.88,17.88
2025-01-09 17:02:29,834bea75-07b6-4cf8-84a4-4b311bc32d7f,Retail,Keyboards,RGB Backlit Keyboard,1,71.36,71.36
2025-01-09 15:55:32,ae4e9557-e907-4678-8a4a-a219e9e11005,Web,Storage,128GB USB Flash Drive,1,17.79,17.79
2025-01-09 14:39:48,7e436521-6652-4d2b-bd24-2bf45e33e84f,Retail,Headsets,USB Conference Headset,1,52.66,52.66
2025-01-09 12:17:35,772ec801-6be8-45e9-9519-5c64af56411d,Retail,Keyboards,Compact 60% Keyboard,1,68.36,68.36
2025-01-09 19:38:51,71b80aa5-3fcc-47de-93e7-dea91c6c5239,Web,Mice,Optical Gaming Mouse,3,55.17,165.51
2025-01-09 15:05:14,1fe63943-90f2-4ccc-acb4-c4544dc094bf,Web,Networking,Powerline Ethernet Adapter,1,76.76,76.76
2025-01-09 16:59:45,9dea7b52-ba87-456c-b7cc-830d2bd47c69,B2B,Mice,Wireless Bluetooth Mouse,2,50.16,100.32
2025-01-09 16:15:29,4321068e-6285-4c25-abb0-a108f8441762,Retail,Headsets,In-Ear Gaming Earbuds,2,30.58,61.16
2025-01-09 11:55:04,c70060a0-a2e1-49c5-a17c-d1f192002619,Retail,Mice,Wireless Bluetooth Mouse,2,32.24,64.48
2025-01-09 13:52:00,016ef2f6-a10d-4421-ad0e-9515cc488391,Retail,Mice,Wireless Bluetooth Mouse,1,31.4,31.4
2025-01-09 16:34:30,46ba6fa6-b872-4885-bb6f-97af843aac11,B2B,Mice,Vertical Ergonomic Mouse,1,36.47,36.47
2025-01-09 14:55:12,7ab46ca8-f096-4600-8e6c-5f5f0614cf0a,Web,Networking,Powerline Ethernet Adapter,1,62.13,62.13
2025-01-09 09:20:47,a195da8d-b19e-4934-9511-9369e60ccaa1,Retail,Headsets,Wireless Bluetooth Headphones,1,125.78,125.78
2025-01-09 19:50:52,4d5de2dc-a027-48f9-8a55-c919339d4eca,Web,Monitors,24-inch 144Hz Gaming Monitor,1,265.97,265.97
2025-01-09 18:21:55,5df551bb-65cf-41b3-ba24-c0400733213d,Retail,Keyboards,RGB Backlit Keyboard,2,82.71,165.42
2025-01-09 16:00:46,fc6bc316-8fad-43b3-afa9-9845372273f9,B2B,Keyboards,Compact 60% Keyboard,1,85.54,85.54
2025-01-09 13:21:39,eb872685-179f-478f-bafe-889c401c00ae,B2B,Storage,1TB NVMe SSD,2,101.84,203.68
2025-01-09 19:54:34,eb147d31-4053-459f-b43b-335bcb3aae05,Retail,Mice,Precision Laser Mouse,1,55.06,55.06
2025-01-10 10:48:40,edc3c715-ca0c-42b7-9500-4140903f13f6,Web,Storage,1TB NVMe SSD,1,93.77,93.77
2025-01-10 09:18:22,36939b01-5411-42cc-a220-718fc8f548aa,Web,Mice,Precision Laser Mouse,2,67.89,135.78
2025-01-10 19:50:11,9f7c054d-9c06-46cb-966d-12fb20df15ca,Web,Keyboards,Membrane Office Keyboard,1,24.38,24.38
2025-01-10 16:58:37,076c3a39-492b-4442-829c-95a24e774658,Retail,Keyboards,Compact 60% Keyboard,1,80.19,80.19
2025-01-10 16:16:42,ebea6318-64b0-4ca6-adc1-89f635ca0e23,Retail,Keyboards,Mechanical Gaming Keyboard,1,126.13,126.13
2025-01-10 16:22:37,ca7d2bef-66cb-4cc8-94bf-5abaaea505cf,Retail,Mice,Wireless Bluetooth Mouse,1,35.78,35.78
2025-01-10 13:12:24,a916ec77-ba52-4147-a3f2-7015a57d91e1,Web,Storage,128GB USB Flash Drive,2,13.99,27.98
2025-01-10 13:01:53,8ffe04db-921f-4cff-b0ae-3c94cf72b4f6,Retail,Monitors,24-inch 144Hz Gaming Monitor,1,163.16,163.16
2025-01-10 19:49:47,484fef17-8087-448a-87ac-c900fd85667a,B2B,Networking,Network Attached Storage (NAS),1,485.92,485.92
2025-01-10 12:38:51,7a2ff98e-a887-462a-92b8-fbf58984dc16,B2B,Mice,Vertical Ergonomic Mouse,2,35.0,70.0
2025-01-10 20:49:42,7b8837d1-b3b2-4bcd-9982-0ed4f8a76ffd,Web,Monitors,15.6-inch Portable USB-C Monitor,1,215.52,215.52
2025-01-10 13:50:28,e63ad718-289e-4e65-a620-1eebeab59d63,Retail,Keyboards,Mechanical Gaming Keyboard,1,117.65,117.65
2025-01-10 10:58:18,192c0628-b419-4a6f-8c29-4e6b6c08115f,Retail,Mice,Wireless Bluetooth Mouse,2,27.99,55.98
2025-01-10 17:32:58,1e8624c2-d47c-4e66-a663-e86abb9342f9,Web,Mice,Wireless Bluetooth Mouse,2,34.76,69.52
2025-01-10 16:51:18,e34eb93e-5091-4063-a9d9-f37d44300023,Retail,Storage,2TB External HDD,1,97.88,97.88
2025-01-10 12:55:43,7a100178-6472-4c12-bb61-3f0c69a83797,Retail,Storage,1TB NVMe SSD,1,101.44,101.44
2025-01-10 14:05:50,b03a0928-63c7-49a1-bb3a-4c4317bb14e0,Retail,Mice,Trackball Mouse,1,71.63,71.63
2025-01-10 18:24:52,6e4f7825-bd4d-4cd4-9f05-1604a4739077,Retail,Monitors,24-inch 144Hz Gaming Monitor,1,167.12,167.12
2025-01-11 20:19:41,a07f3451-27d0-42c6-b577-1499c0485eea,Web,Headsets,Noise-Cancelling Gaming Headset,2,103.41,206.82
2025-01-11 09:19:31,d770c3c3-28fd-4260-9b1f-bb6003aaa714,Web,Keyboards,RGB Backlit Keyboard,1,87.23,87.23
2025-01-11 19:47:44,24fa44c2-e9cf-4a2c-8515-aa49adce60d5,Retail,Networking,USB Wi-Fi Adapter,1,34.96,34.96
2025-01-11 20:09:56,528fa701-4fdf-480a-a90f-f88e63239fb3,Web,Headsets,Noise-Cancelling Gaming Headset,1,88.17,88.17
2025-01-11 13:02:44,6e0e643c-50f1-47f9-99cf-de30a09455f9,Retail,Mice,Precision Laser Mouse,1,51.13,51.13
2025-01-11 14:06:43,b0d1e97c-3eca-488b-9aab-95e60a09b32a,B2B,Mice,Precision Laser Mouse,1,72.25,72.25
2025-01-11 16:05:42,06d854f9-7532-4aea-9cec-869699bd1c73,B2B,Mice,Optical Gaming Mouse,2,64.73,129.46
2025-01-11 14:15:08,7f7122ae-6464-450c-abda-7eb458ce5ecf,Web,Storage,512GB Portable SSD,2,72.22,144.44
2025-01-11 12:21:49,c3dc81c4-c474-4137-9b67-a4f9231a38f7,B2B,Keyboards,Compact 60% Keyboard,2,76.71,153.42
2025-01-11 11:08:34,d58950d7-b0a2-471c-9d21-1fd85fc098d2,Web,Mice,Optical Gaming Mouse,2,66.36,132.72
2025-01-11 12:37:20,4c75e9eb-e66d-48a4-937c-2ad4915ad20e,Retail,Keyboards,Mechanical Gaming Keyboard,2,140.4,280.8
2025-01-11 20:26:33,7fb7b1cc-21dd-4eaa-8c27-824acbe3dbfb,Web,Keyboards,RGB Backlit Keyboard,1,82.09,82.09
2025-01-11 10:28:32,775da1f0-02da-4028-b122-17a173908493,B2B,Mice,Optical Gaming Mouse,2,48.18,96.36
2025-01-11 19:33:19,68d20166-3b12-420f-9e1a-e444c14d9e9b,Web,Headsets,Wireless Bluetooth Headphones,2,84.92,169.84
2025-01-11 19:06:31,9de0893b-39b5-4fc4-b8c7-af70fa01b328,Retail,Storage,1TB NVMe SSD,3,91.99,275.97
2025-01-11 18:09:04,4ba4bd43-7dd8-4881-970d-f529821a34f5,B2B,Keyboards,Compact 60% Keyboard,1,61.53,61.53
2025-01-11 18:33:18,3a8539ef-985d-4c96-b861-c43fd3cbf93c,B2B,Headsets,Wireless Bluetooth Headphones,1,96.01,96.01
2025-01-12 16:25:26,88a92928-2f8a-4ea3-a662-883918f4b94b,Retail,Storage,1TB NVMe SSD,1,106.04,106.04
2025-01-12 14:09:43,fc3ddb5c-b516-45aa-82b8-55c30bd942ef,Web,Networking,Gigabit Ethernet Switch,2,59.13,118.26
2025-01-12 20:47:23,1f794f99-c131-4fb6-b238-5750afa197c8,B2B,Storage,128GB USB Flash Drive,2,22.16,44.32
2025-01-12 17:21:42,5ed9ab67-200a-46e7-a311-a309c7e78f6f,Retail,Keyboards,Compact 60% Keyboard,1,79.77,79.77
2025-01-12 20:03:18,370efb18-a8b9-4db7-b34d-f055106c43e5,Retail,Monitors,27-inch 4K IPS Monitor,1,327.24,327.24
2025-01-12 17:13:09,42c602b0-5649-454a-987c-554e004b2398,Web,Monitors,24-inch 144Hz Gaming Monitor,1,189.99,189.99
2025-01-12 10:48:17,89cbcbc4-a705-4d52-bfbe-8d9c96710d51,Retail,Headsets,In-Ear Gaming Earbuds,1,47.21,47.21
2025-01-12 18:39:43,9d0be60f-f30b-4c8d-86e2-3f859d97ca0f,Web,Monitors,24-inch 144Hz Gaming Monitor,1,186.33,186.33
2025-01-12 09:11:17,58c20099-4f7f-4297-92b3-88c7f980d39a,Retail,Storage,1TB NVMe SSD,1,70.68,70.68
2025-01-12 11:55:09,94bd5da3-057c-4a95-a446-99bd50a35350,Retail,Headsets,In-Ear Gaming Earbuds,2,38.93,77.86
2025-01-12 10:47:33,70b49936-702c-4179-96b5-89011efddfab,Retail,Mice,Optical Gaming Mouse,1,41.99,41.99
2025-01-12 13:46:20,414f2690-3c55-4f74-90c6-4b4da447845c,B2B,Storage,512GB Portable SSD,1,81.23,81.23
2025-01-12 09:43:05,4a39cba3-af58-47ef-abd4-43a519747caa,B2B,Mice,Wireless Bluetooth Mouse,1,51.11,51.11
2025-01-12 15:17:13,20f0b586-8019-40d1-8f92-baa6ac168bca,Web,Storage,2TB External HDD,2,72.98,145.96
2025-01-13 10:00:31,41556875-da50-4c93-b603-822444a235f9,Web,Storage,2TB External HDD,2,81.9,163.8
2025-01-13 19:51:22,1460dd5e-0c12-40e2-9bc3-58bbed183287,B2B,Keyboards,Wireless Ergonomic Keyboard,2,105.22,210.44
2025-01-13 09:29:58,242f4052-e9a5-4980-b386-d7bcefcf8205,Retail,Keyboards,Wireless Ergonomic Keyboard,1,73.09,73.09
2025-01-13 15:18:07,b6328ae0-3bb8-43fd-bdba-ded4caf93eda,Retail,Mice,Trackball Mouse,2,71.59,143.18
2025-01-13 16:53:44,d2e2b32f-cf04-43b7-8b6c-f607f78cac5a,Web,Networking,Gigabit Ethernet Switch,1,58.41,58.41
2025-01-13 15:33:05,24da1b33-0929-481b-8509-08a023adc778,Retail,Mice,Trackball Mouse,1,87.91,87.91
2025-01-13 11:04:32,6bbc936b-945d-44a8-aca3-cca160c4660f,B2B,Monitors,24-inch 144Hz Gaming Monitor,1,250.78,250.78
2025-01-13 20:52:41,2787716e-f462-4a1f-ac55-8da1064f911e,Web,Storage,128GB USB Flash Drive,2,17.92,35.84
2025-01-13 11:38:09,24efffa5-8445-4ca5-8291-2b83ac3c9f36,B2B,Storage,2TB External HDD,2,70.69,141.38
2025-01-13 18:48:37,5b3fb0b6-1ad0-42e8-91e5-f9587def675f,B2B,Headsets,Wireless Bluetooth Headphones,1,87.93,87.93
2025-01-13 18:20:55,27ecb44a-bdd5-466c-932a-aa59bf6e7138,Retail,Networking,Network Attached Storage (NAS),1,478.6,478.6
2025-01-14 09:22:32,d9c63bb0-ce96-4b35-9265-4fd205bdd52a,Retail,Keyboards,Wireless Ergonomic Keyboard,1,95.38,95.38
2025-01-14 09:23:53,5c60d954-eee1-4f67-a1d4-31505ab53e0c,B2B,Mice,Wireless Bluetooth Mouse,1,32.85,32.85
2025-01-14 16:37:35,4b66d6d6-363c-494f-b5c2-b29f5791bb3e,B2B,Networking,USB Wi-Fi Adapter,1,25.27,25.27
2025-01-14 16:58:51,67e06920-54df-4401-8aa0-2a2e32217226,Web,Headsets,In-Ear Gaming Earbuds,1,36.03,36.03
2025-01-14 09:28:06,4054ba94-2999-42fe-94e1-2729121ba84a,Retail,Storage,128GB USB Flash Drive,2,20.34,40.68
2025-01-14 19:11:02,2b69b9ff-8d5c-4ed4-ae4a-b6f078f7191a,Retail,Mice,Optical Gaming Mouse,1,52.65,52.65
2025-01-14 13:24:26,62786d2b-21ca-4af1-b735-fc2d8eba5d44,B2B,Storage,512GB Portable SSD,1,62.72,62.72
2025-01-14 19:21:04,e24b43ff-258f-40bc-b1c0-641b064ccb9d,B2B,Mice,Vertical Ergonomic Mouse,1,48.07,48.07
2025-01-14 18:55:09,c534f3b9-22e7-4a70-8194-cec7e64413d6,B2B,Mice,Vertical Ergonomic Mouse,1,38.45,38.45
2025-01-15 11:42:44,b10c3341-efd8-4c36-80bb-56ab999e5af3,B2B,Storage,128GB USB Flash Drive,1,18.68,18.68
2025-01-15 10:41:42,0095b6dd-b3da-4e45-8a31-2a0941733742,Retail,Headsets,Noise-Cancelling Gaming Headset,2,104.0,208.0
2025-01-15 14:49:31,b6222fea-5e58-4964-908a-dd57847d757c,Web,Keyboards,Membrane Office Keyboard,2,40.49,80.98
2025-01-15 13:54:50,60708c0f-33cd-44e5-8d97-38df66ae380e,B2B,Keyboards,RGB Backlit Keyboard,1,82.06,82.06
2025-01-15 14:56:49,1be683f5-ebdd-41c5-a671-ebcb19d04c51,B2B,Monitors,34-inch Ultrawide Curved Monitor,1,485.18,485.18
2025-01-15 11:11:53,76c3b06e-2b7b-4988-8a0c-93a3a3ebff88,B2B,Storage,1TB NVMe SSD,1,75.73,75.73
2025-01-15 19:46:15,1333af20-2f4a-4c95-8076-bd99cd98d2b3,B2B,Networking,Network Attached Storage (NAS),1,431.4,431.4
2025-01-16 13:49:24,26eecccb-6989-403e-9b98-9716cbf989a7,Retail,Headsets,USB Conference Headset,1,52.93,52.93
2025-01-16 12:51:38,0ba1f89a-b816-4c0d-8220-e249f4888312,Retail,Keyboards,Compact 60% Keyboard,2,60.43,120.86
2025-01-16 10:45:54,6777ea15-1efe-4021-a2ee-090a72fdd732,Web,Headsets,Surround Sound Headphones,1,142.33,142.33
2025-01-16 11:17:28,86241e47-21e1-455f-891d-a37f4212fe1e,Web,Networking,Gigabit Ethernet Switch,1,67.49,67.49
2025-01-16 16:56:22,eb8fcd8e-ce4c-4883-b9a4-7467856ae792,Retail,Networking,USB Wi-Fi Adapter,2,37.17,74.34
2025-01-16 17:23:15,19102e1c-a317-45ce-ad23-49f6bdff7106,Web,Mice,Precision Laser Mouse,2,90.8,181.6
2025-01-16 19:21:50,3e71b5ac-4749-4f02-a5b4-e6ee6d462306,Web,Keyboards,Compact 60% Keyboard,1,61.94,61.94
2025-01-16 16:44:53,50640a54-abd4-4af3-9ea6-b1dbcdcb062d,B2B,Keyboards,Compact 60% Keyboard,1,53.71,53.71
2025-01-16 09:16:13,f608f14e-8ee7-4ac7-a567-439da9e207cc,B2B,Storage,128GB USB Flash Drive,1,14.23,14.23
2025-01-16 15:07:49,c936b68e-96c0-4c9e-bd72-fbfaca683efc,Retail,Mice,Wireless Bluetooth Mouse,2,32.81,65.62
2025-01-16 10:07:53,63f86177-5fa0-4719-b6a7-ba1c436a0355,B2B,Networking,Gigabit Ethernet Switch,1,39.29,39.29
2025-01-16 19:32:36,f8954f90-4aaa-479b-8157-60154f4b07fa,Web,Mice,Optical Gaming Mouse,3,52.16,156.48
2025-01-16 11:42:42,b59f2afe-b628-471e-a464-9c7ce5fee7e1,Retail,Keyboards,Wireless Ergonomic Keyboard,2,102.45,204.9
2025-01-16 17:34:32,6b20a4ea-736e-4d9c-aeeb-5a469d16a2e7,B2B,Storage,512GB Portable SSD,1,53.24,53.24
2025-01-16 14:16:47,797547d3-1aea-43b4-bda9-bb1e7c4253f8,Web,Keyboards,Mechanical Gaming Keyboard,1,133.97,133.97
2025-01-16 20:42:40,0bc9139e-967b-468c-b85a-2ac4797c585f,B2B,Keyboards,RGB Backlit Keyboard,1,78.5,78.5
2025-01-16 17:21:52,308e1f19-81d9-4fad-acb5-3dd059ab4802,B2B,Monitors,24-inch 144Hz Gaming Monitor,1,230.45,230.45
2025-01-16 20:30:40,c0408f65-e9b9-410c-b803-447effd1813d,Web,Keyboards,Membrane Office Keyboard,2,30.9,61.8
2025-01-16 13:12:02,fc851080-f22e-4d04-a73c-b03e13b7cfe9,Web,Storage,512GB Portable SSD,2,56.89,113.78
2025-01-16 15:52:34,dcc2b419-cff2-488b-9531-a7dbcb63180b,Web,Headsets,Wireless Bluetooth Headphones,1,105.09,105.09
2025-01-16 09:55:41,2d6c37e1-356a-42d2-8dfd-c5a9cdfa82cc,Web,Mice,Vertical Ergonomic Mouse,1,57.0,57.0
2025-01-16 15:47:28,01314fdf-a455-4ab7-ace4-9e8721cbfbb1,Retail,Networking,Gigabit Ethernet Switch,1,55.92,55.92
2025-01-16 14:59:51,2105884b-1a1b-470d-a16a-1c6cd3efd804,Web,Headsets,Surround Sound Headphones,1,168.3,168.3
2025-01-16 10:27:38,c1d859d8-f26d-4796-a957-0d9003ae7f66,Web,Networking,Powerline Ethernet Adapter,1,57.87,57.87
2025-01-16 19:18:19,1f3d72b3-42ed-401a-8f06-c3abe8f71c89,B2B,Headsets,Wireless Bluetooth Headphones,1,105.51,105.51
2025-01-16 20:28:22,f4f1e313-4c70-4291-887a-682ad43c9553,B2B,Headsets,Wireless Bluetooth Headphones,1,69.99,69.99
2025-01-16 13:40:50,7b45bb9d-0352-4956-9081-600ed76ddbd0,Web,Networking,USB Wi-Fi Adapter,1,40.49,40.49
2025-01-17 12:49:41,03574b4e-066a-4ce3-97d8-1233a2c7e288,Retail,Mice,Precision Laser Mouse,2,55.28,110.56
2025-01-17 11:43:28,4f2324e0-198b-4a4c-a975-1214a5b097a1,Retail,Networking,USB Wi-Fi Adapter,1,32.88,32.88
2025-01-17 14:25:20,12ce8079-11e9-4143-b9bf-b0fa719112b2,Web,Monitors,24-inch 144Hz Gaming Monitor,2,230.1,460.2
2025-01-17 09:47:11,7380d74c-27ef-43d4-b3b3-47bb6233807f,Retail,Headsets,USB Conference Headset,1,60.19,60.19
2025-01-17 20:28:13,bd62f04e-7835-40ea-b97f-789a53f5f446,Retail,Networking,Powerline Ethernet Adapter,1,73.96,73.96
2025-01-17 16:12:07,d45f04cd-a234-46ac-a4cb-e22ca8bbb0dc,Web,Keyboards,Compact 60% Keyboard,1,78.72,78.72
2025-01-17 10:51:43,3f9f3c1a-da4d-4647-a012-789c8606921b,Retail,Networking,USB Wi-Fi Adapter,1,26.12,26.12
2025-01-17 20:04:35,6ebced25-24e7-4171-9afc-409f692b6a86,Retail,Headsets,In-Ear Gaming Earbuds,1,36.18,36.18
2025-01-17 19:11:50,b4254958-5b6f-4089-965e-326caf6e9b34,Web,Mice,Vertical Ergonomic Mouse,2,34.99,69.98
2025-01-17 11:15:50,f2a96ce4-63e3-4cc6-b9a9-4e7fef4d13f6,Retail,Headsets,USB Conference Headset,1,40.18,40.18
2025-01-17 17:08:39,1e55e4a4-5806-4203-b633-09b4038b91bf,Web,Networking,Wireless Mesh Router System,1,316.18,316.18
2025-01-17 20:46:30,e7e13ecd-7a5d-4578-b2b5-f7dbf5ab784f,Retail,Headsets,Surround Sound Headphones,1,187.92,187.92
2025-01-17 19:04:28,1eaaba64-5e32-407c-a53c-d52dd2a65ac0,B2B,Headsets,Wireless Bluetooth Headphones,1,117.95,117.95
2025-01-17 17:40:37,86a920e8-136f-4155-85f6-67ae9bc13045,Web,Keyboards,Membrane Office Keyboard,1,31.42,31.42
2025-01-17 10:33:09,fd109341-1aa1-4f88-86bc-b46733d5a363,Web,Mice,Wireless Bluetooth Mouse,2,38.55,77.1
2025-01-18 17:41:10,2ea91b2a-a615-4313-be95-160d8ecc5be0,B2B,Monitors,27-inch 4K IPS Monitor,1,340.25,340.25
2025-01-18 19:39:46,6d756b7c-44a5-4d85-bfef-ae083d6c0fc7,Retail,Networking,Gigabit Ethernet Switch,1,34.99,34.99
2025-01-18 09:05:02,2bbb887f-1f25-4ac4-a5b5-3388064b1a31,B2B,Networking,USB Wi-Fi Adapter,1,25.63,25.63
2025-01-18 12:49:36,1be482dc-e634-4dc5-bbc8-f4d661a68546,B2B,Headsets,Noise-Cancelling Gaming Headset,2,137.32,274.64
2025-01-18 19:19:30,a83a134d-6865-4dbd-ba38-7e2e3032a90c,B2B,Mice,Optical Gaming Mouse,1,51.92,51.92
2025-01-18 20:03:10,72648243-96ba-415b-b01b-695503485898,Retail,Headsets,Noise-Cancelling Gaming Headset,1,114.61,114.61
2025-01-18 20:20:46,904321ea-54c9-4acc-809d-d7e86bba14c3,Retail,Networking,Powerline Ethernet Adapter,1,65.63,65.63
2025-01-18 11:48:23,eb70f5ac-45d1-4134-ab90-f72263cc5822,Web,Headsets,USB Conference Headset,1,43.82,43.82
2025-01-18 12:09:06,a7f50242-2f4d-4b09-8dcd-f9a0687813ae,Retail,Keyboards,Wireless Ergonomic Keyboard,1,91.97,91.97
2025-01-18 15:15:55,f96ab812-eee1-4de0-b768-7c73b66a0a27,Retail,Networking,Gigabit Ethernet Switch,1,48.82,48.82
2025-01-18 11:31:32,716b7128-5dcd-4d9b-98d7-4b68e8245c3e,Retail,Headsets,Wireless Bluetooth Headphones,1,90.42,90.42
2025-01-18 10:25:32,0c80f81f-c4d7-4981-8ebb-72a702fa05fc,Web,Headsets,Wireless Bluetooth Headphones,2,97.08,194.16
2025-01-18 16:38:56,d189f20c-8b95-4784-a972-377b7627e018,B2B,Storage,128GB USB Flash Drive,1,21.02,21.02
2025-01-18 10:27:08,c2d4f4ed-cfc5-4daa-9a9c-3ea7a7e22dc4,B2B,Networking,Wireless Mesh Router System,1,237.5,237.5
2025-01-19 17:17:52,15e35cba-0ab7-4e49-a6cb-d02c21a71880,B2B,Networking,Powerline Ethernet Adapter,1,63.73,63.73
2025-01-19 14:50:21,70541db3-2798-4d8d-8fbb-2ed62a584a86,Retail,Headsets,In-Ear Gaming Earbuds,1,42.27,42.27
2025-01-19 12:38:32,70385c39-911d-45be-b31c-92e6f0d855c4,Web,Mice,Trackball Mouse,2,73.21,146.42
2025-01-19 16:09:38,dbadb38c-5177-4a11-bb40-0a340705ecc9,Web,Networking,Wireless Mesh Router System,1,299.11,299.11
2025-01-19 18:20:10,57ef25a8-d5a0-45fb-93a5-04326977c12c,B2B,Mice,Trackball Mouse,1,68.36,68.36
2025-01-19 17:31:45,7d11bf38-8bfc-4c02-8fb9-6e1669cc641f,Retail,Headsets,In-Ear Gaming Earbuds,1,51.24,51.24
2025-01-19 14:21:43,6c8a340b-52b9-4d3d-a294-22234398c5c0,Retail,Keyboards,RGB Backlit Keyboard,1,84.64,84.64
2025-01-19 20:40:01,3fa4afa8-c86e-4c95-adf2-2817146a5006,Retail,Monitors,27-inch 4K IPS Monitor,2,257.67,515.34
2025-01-19 18:36:14,c33515f4-bb3c-4a4d-bb60-4a7b7d2d7ad5,B2B,Storage,1TB NVMe SSD,1,85.33,85.33
2025-01-19 15:09:52,56a69628-16c8-403a-8926-645892797bc1,Web,Monitors,15.6-inch Portable USB-C Monitor,1,129.05,129.05
2025-01-19 20:07:12,ce2b3a10-51f6-4ea8-8b38-996b44d2fdde,Retail,Keyboards,Mechanical Gaming Keyboard,1,121.34,121.34
2025-01-19 17:49:39,fc5560a5-58b3-4aed-bb8c-b68dc87cc18e,B2B,Networking,Gigabit Ethernet Switch,1,53.5,53.5
2025-01-19 20:08:33,4f5255c0-cbf3-4474-8d20-026af73421ae,Retail,Mice,Optical Gaming Mouse,1,42.07,42.07
2025-01-19 16:58:34,5a63c31c-8816-4112-9b1c-e4e1b0d56336,Retail,Mice,Vertical Ergonomic Mouse,1,64.0,64.0
2025-01-20 20:45:31,6f041779-dbb6-476b-b549-192e1a2ba47e,Retail,Mice,Wireless Bluetooth Mouse,1,46.61,46.61
2025-01-20 20:17:18,736e8e83-f550-40ce-8a35-b61875a4a698,B2B,Keyboards,Compact 60% Keyboard,1,77.93,77.93
2025-01-20 14:49:51,343a6f02-930a-45f9-b645-f04bbb62f10c,Web,Keyboards,Compact 60% Keyboard,1,63.89,63.89
2025-01-20 20:05:22,c3d6eddd-afa6-429a-b926-a4ed6d54e37a,B2B,Networking,Gigabit Ethernet Switch,1,43.33,43.33
2025-01-20 17:17:59,75968472-5a6a-4931-9150-ccf23e0c74b6,Retail,Headsets,In-Ear Gaming Earbuds,2,40.61,81.22
2025-01-20 18:47:37,68283e7d-d18d-4551-af8c-ad6451d3d881,Web,Mice,Optical Gaming Mouse,1,57.86,57.86
2025-01-20 15:21:45,c9813042-18e0-4f2e-8673-69e5f32824cc,B2B,Headsets,Wireless Bluetooth Headphones,1,96.24,96.24
2025-01-20 09:35:59,baf250bc-5a4a-4c77-b602-96080645f5cf,B2B,Keyboards,Membrane Office Keyboard,1,34.1,34.1
2025-01-20 12:48:18,d8e9107c-7010-4df0-aa7e-5e67aec07c1b,B2B,Mice,Wireless Bluetooth Mouse,2,33.68,67.36
2025-01-20 19:36:14,cd1a2f2b-f7d9-4738-85c1-c267c292c576,B2B,Headsets,Surround Sound Headphones,1,183.87,183.87
2025-01-20 15:56:53,09a6c0f3-aa84-4fbb-be28-5d5caa91acfc,Web,Keyboards,Membrane Office Keyboard,1,32.61,32.61
2025-01-20 15:50:31,da2cff68-95c5-46b3-9f8c-440324a62fb6,B2B,Keyboards,Membrane Office Keyboard,1,39.14,39.14
2025-01-20 09:19:36,cf820d58-31f9-499d-800c-d68ca0aa965b,Retail,Monitors,27-inch 4K IPS Monitor,1,294.97,294.97
2025-01-20 19:34:33,657512e0-ad9f-4215-8a72-a11806a151cd,Web,Headsets,USB Conference Headset,1,44.86,44.86
2025-01-20 10:21:10,2e235f2d-a58c-4ef7-8050-868efe46d0bf,B2B,Storage,2TB External HDD,2,81.56,163.12
2025-01-20 20:21:50,54d71130-ded3-445d-b0a3-5c6533661310,B2B,Mice,Wireless Bluetooth Mouse,1,50.54,50.54
2025-01-20 15:32:20,6c1a619b-5760-46fc-9553-153b514e02a7,B2B,Keyboards,RGB Backlit Keyboard,2,63.24,126.48
2025-01-20 11:30:20,317f0daf-cb4b-4a3c-bead-de9ed03e6c91,Web,Networking,USB Wi-Fi Adapter,1,30.9,30.9
2025-01-20 14:19:37,d52c4e1c-e27e-424e-b787-60e3ee5f9415,Web,Storage,1TB NVMe SSD,2,115.0,230.0
2025-01-20 12:03:42,e3d8cee6-3a8e-42f8-bbb1-1ba1009afd80,Retail,Keyboards,RGB Backlit Keyboard,2,71.13,142.26
2025-01-20 20:49:19,cb1458ae-3b55-413c-975d-20f0953645f3,B2B,Storage,1TB NVMe SSD,1,62.99,62.99
2025-01-20 18:14:14,2d30d773-bc80-42de-b180-f4c4d9e0681a,Retail,Networking,USB Wi-Fi Adapter,2,29.87,59.74
2025-01-20 15:44:35,f0543848-f1a4-45eb-8a7f-cc9fc18ba2db,B2B,Networking,Gigabit Ethernet Switch,1,36.35,36.35
2025-01-20 12:48:15,eeac66f0-f6a2-447e-967a-8ad0b52a290e,B2B,Monitors,15.6-inch Portable USB-C Monitor,2,208.41,416.82
2025-01-20 20:23:04,775ed7dc-22c6-4ea5-a381-2085776c72a0,Web,Networking,Gigabit Ethernet Switch,2,55.34,110.68
2025-01-20 17:57:32,5a44b74a-f2df-475f-aa68-dc668440047e,B2B,Keyboards,Membrane Office Keyboard,2,27.13,54.26
2025-01-21 17:26:29,deead637-2257-4a2c-a897-06b01937e00d,B2B,Headsets,In-Ear Gaming Earbuds,1,43.92,43.92
2025-01-21 15:16:52,1ec91300-b5ef-4903-8660-50e81f639a72,Web,Keyboards,Mechanical Gaming Keyboard,1,107.47,107.47
2025-01-21 09:27:22,94200242-6f42-46db-986c-c6c554139fa9,B2B,Storage,1TB NVMe SSD,1,121.49,121.49
2025-01-21 09:18:26,c6b6d5a5-5506-44d6-a377-b1caf9bb3ec6,Web,Keyboards,Membrane Office Keyboard,1,34.89,34.89
2025-01-21 20:41:26,35f724cc-595b-4045-8219-9445a74c0c5b,Retail,Mice,Precision Laser Mouse,1,66.47,66.47
2025-01-21 19:55:34,329930a6-6d2e-470b-9602-14ba62b7ed03,Retail,Keyboards,Compact 60% Keyboard,2,72.84,145.68
2025-01-21 17:25:33,28dee432-1dec-4ba8-b50d-d95171cf3794,Web,Keyboards,Compact 60% Keyboard,1,71.07,71.07
2025-01-21 16:43:46,5f3efdcf-8e65-4e41-ad0b-0b96a44b6c34,B2B,Headsets,In-Ear Gaming Earbuds,1,27.99,27.99
2025-01-21 12:15:29,1fd36267-f975-4ab7-8d73-b8f41c94e04a,Retail,Mice,Vertical Ergonomic Mouse,2,50.19,100.38
2025-01-21 19:26:39,24815791-4661-4df7-a4e5-6a61fcac6f18,Web,Storage,512GB Portable SSD,3,66.93,200.79
2025-01-21 18:02:28,38ef0942-c7d8-4759-adf6-240057342568,B2B,Monitors,27-inch 4K IPS Monitor,2,350.59,701.18
2025-01-21 16:14:34,f6c7446c-9109-4f35-9b25-89d481959cb5,Web,Mice,Optical Gaming Mouse,2,63.0,126.0
2025-01-21 12:52:58,07870684-c06c-45d5-ba62-eb07c3b0b374,Retail,Storage,2TB External HDD,1,83.67,83.67
2025-01-21 11:42:33,5524f714-7cb4-4bdf-8733-b4ea43ef6894,Retail,Mice,Optical Gaming Mouse,2,53.3,106.6
2025-01-21 18:56:47,53fc5a69-e201-4908-8017-b014cf79caef,B2B,Networking,Gigabit Ethernet Switch,1,47.08,47.08
2025-01-21 14:41:42,81859134-ccb8-4541-bfdf-f49fddb9d47a,B2B,Mice,Precision Laser Mouse,2,68.71,137.42
2025-01-21 11:19:24,bfc3c324-06af-494d-8fa0-ebefa8816af0,B2B,Keyboards,Membrane Office Keyboard,1,32.46,32.46
2025-01-21 20:09:51,c4aba75e-b585-4144-9bd3-e9845da011f9,Web,Headsets,Wireless Bluetooth Headphones,1,89.69,89.69
2025-01-22 17:46:53,38018fd0-c4b1-4722-ac10-167a980ed82d,Retail,Keyboards,Membrane Office Keyboard,1,31.77,31.77
2025-01-22 18:38:02,4ad92e9a-ba6c-43a1-9ca7-d9f8ff031b6e,Web,Storage,4TB Desktop HDD,1,113.36,113.36
2025-01-22 12:55:58,096525ea-0833-4e21-b67e-eb7c72dde967,Web,Mice,Vertical Ergonomic Mouse,2,45.06,90.12
2025-01-22 20:07:47,e3e07ddd-e474-47b4-8974-a4a3ae0e7a56,Retail,Networking,Powerline Ethernet Adapter,1,53.72,53.72
2025-01-22 15:58:15,90b33ad4-900a-44ed-9209-6715849c052c,Retail,Headsets,In-Ear Gaming Earbuds,1,29.7,29.7
2025-01-22 17:41:22,37fe28d9-521f-4012-88a9-ca09179a9a9f,Retail,Mice,Wireless Bluetooth Mouse,1,53.99,53.99
2025-01-22 16:48:53,fc89ca9b-cd8b-449c-acfc-52669793a78e,Web,Mice,Wireless Bluetooth Mouse,1,53.1,53.1
2025-01-22 18:55:14,040d9c89-d4ed-4e9b-846f-845053161279,Web,Storage,2TB External HDD,2,69.02,138.04
2025-01-22 11:12:21,dd7a0c6f-8e11-4833-9ba4-655b9694462b,B2B,Mice,Optical Gaming Mouse,1,55.03,55.03
2025-01-22 19:43:21,4d4810f7-b1f2-4914-9ed4-dd163370d614,Retail,Mice,Optical Gaming Mouse,1,53.93,53.93
2025-01-22 14:10:08,95e98312-6ba2-44ac-a234-e24d23112147,Retail,Storage,1TB NVMe SSD,2,90.53,181.06
2025-01-22 19:03:33,febbf21f-de2f-4871-bd51-b369e2f273ae,Web,Keyboards,Mechanical Gaming Keyboard,1,117.45,117.45
2025-01-22 15:08:53,c057dd5e-3192-467e-b4d2-b1c6f1cb4496,Web,Monitors,24-inch 144Hz Gaming Monitor,1,160.76,160.76
2025-01-22 09:13:32,546df17b-77ff-4a31-9bee-1796e78c4fbd,Web,Headsets,Wireless Bluetooth Headphones,1,89.62,89.62
2025-01-22 16:42:31,5eb1cf8c-e579-4cb8-ab46-69e12a194e78,B2B,Keyboards,Mechanical Gaming Keyboard,1,112.0,112.0
2025-01-22 09:01:33,21bf7188-f924-4991-84e0-f800f3432825,B2B,Storage,1TB NVMe SSD,2,98.67,197.34
2025-01-22 11:06:58,726d332c-3994-4027-ab47-91845bc3fbee,Web,Keyboards,RGB Backlit Keyboard,2,66.18,132.36
2025-01-22 18:33:16,e32dc2be-b679-4d24-8183-a4f3ecb7f594,Retail,Storage,128GB USB Flash Drive,2,24.28,48.56
2025-01-23 15:24:35,bf0c39fc-bae2-4ed8-beb2-5cbefc10fb67,B2B,Headsets,Wireless Bluetooth Headphones,2,108.36,216.72
2025-01-23 15:41:50,3fea1f75-ec40-44ba-8d48-aeb5d1e3e958,Web,Mice,Vertical Ergonomic Mouse,1,58.28,58.28
2025-01-23 12:13:57,3f30ce35-eb7a-4428-9589-282a6e036c95,B2B,Storage,4TB Desktop HDD,2,160.7,321.4
2025-01-23 17:36:42,2f085fe0-f604-4162-9b17-fd4b69e8f4d2,Retail,Keyboards,Mechanical Gaming Keyboard,2,145.39,290.78
2025-01-23 12:37:09,831e7757-a40f-4769-9515-46a78acbea0c,B2B,Storage,2TB External HDD,1,75.28,75.28
2025-01-23 18:53:54,ba1ba52f-56e3-4cd6-9b35-e377027ff6a2,B2B,Mice,Precision Laser Mouse,2,84.72,169.44
2025-01-23 11:50:44,ae88c5c1-0312-45de-bc1b-3cf4466566bf,B2B,Storage,1TB NVMe SSD,1,98.9,98.9
2025-01-23 10:21:38,7bd077a8-41d7-4d43-ad8f-6ce750232394,B2B,Storage,512GB Portable SSD,1,75.01,75.01
2025-01-23 09:40:17,565e5643-416f-4dc9-a709-94811bd87002,Retail,Storage,512GB Portable SSD,1,81.89,81.89
2025-01-23 19:37:42,8bbc8e2b-372c-4673-80af-4325dc414427,B2B,Mice,Precision Laser Mouse,2,65.38,130.76
2025-01-23 10:05:17,cde45c2e-fded-4619-81e0-fa79b32b1983,B2B,Keyboards,Membrane Office Keyboard,1,32.8,32.8
2025-01-23 14:06:05,5fc02edc-b609-4223-a663-537302531423,Retail,Keyboards,Mechanical Gaming Keyboard,1,142.28,142.28
2025-01-23 13:06:08,a894ad5c-2f50-4f76-a8cc-3c512268fce0,Retail,Keyboards,RGB Backlit Keyboard,1,70.35,70.35
2025-01-23 09:05:22,821dd04e-eafd-404f-a710-1d234ed527fa,B2B,Headsets,In-Ear Gaming Earbuds,1,37.57,37.57
2025-01-23 14:55:24,73fb3d10-177d-47a4-b25b-8476e051e684,Retail,Keyboards,Mechanical Gaming Keyboard,1,157.8,157.8
2025-01-23 12:36:33,f7b8dc40-15a6-44c4-97d6-9e40ca457754,Retail,Keyboards,Membrane Office Keyboard,2,35.45,70.9
2025-01-24 12:46:40,90c8418c-1c18-4d2c-b6a3-eb27e12f2f06,B2B,Headsets,USB Conference Headset,2,56.65,113.3
2025-01-24 10:08:19,135a4610-6baa-4a7e-80f3-dcf2912bb38f,Retail,Keyboards,Mechanical Gaming Keyboard,1,110.27,110.27
2025-01-24 14:28:21,b4a4e34e-dbd1-4e9d-9bc5-9a07acd3ae70,B2B,Headsets,Noise-Cancelling Gaming Headset,1,97.71,97.71
2025-01-24 11:19:20,092edb82-eea0-417d-aaf3-3cde8ec2d65c,B2B,Monitors,27-inch 4K IPS Monitor,1,289.13,289.13
2025-01-24 14:18:47,505d528a-29d9-4a83-ac7a-379de57a304e,Retail,Storage,1TB NVMe SSD,1,121.49,121.49
2025-01-24 14:24:17,3fa7d6c3-32af-4dc6-bb4f-71010e94d324,Retail,Storage,128GB USB Flash Drive,1,24.25,24.25
2025-01-24 11:43:49,b3873620-b1e9-44d3-934e-ace18206760a,B2B,Headsets,In-Ear Gaming Earbuds,1,53.99,53.99
2025-01-24 20:13:28,361688f1-bb27-49e6-9b32-1e46dab5602e,B2B,Storage,512GB Portable SSD,2,75.0,150.0
2025-01-24 11:40:19,1c3c5d9a-99d9-4f15-a150-a5b8a782b4d9,B2B,Mice,Optical Gaming Mouse,2,45.63,91.26
2025-01-24 15:04:28,265f73b6-666d-413a-b366-5c16a7736adb,Retail,Networking,Powerline Ethernet Adapter,1,41.99,41.99
2025-01-24 20:26:34,b21e2be9-d615-4c92-9e99-3f74a9ad3759,Retail,Keyboards,Mechanical Gaming Keyboard,1,122.7,122.7
2025-01-24 17:38:40,489bbd05-b7f6-46d6-a10f-97bddb4100e1,Web,Networking,Gigabit Ethernet Switch,1,44.85,44.85
2025-01-24 19:39:02,0659425e-1284-4454-89d3-3491acf51fb2,B2B,Headsets,In-Ear Gaming Earbuds,1,34.51,34.51
2025-01-24 15:48:21,19ac4ece-74a2-462d-914f-c64753f5761e,Retail,Networking,USB Wi-Fi Adapter,2,33.45,66.9
2025-01-24 20:33:35,46de9f91-32c1-43db-806f-039b4e9b3903,B2B,Monitors,27-inch 4K IPS Monitor,1,374.68,374.68
2025-01-24 14:25:29,07a19aa4-d55e-43f5-bfd2-b3465fea9435,B2B,Storage,512GB Portable SSD,1,83.77,83.77
2025-01-24 13:26:58,a05b0426-ef7f-4054-9cb3-7d8944682735,Web,Networking,USB Wi-Fi Adapter,1,29.89,29.89
2025-01-24 20:09:22,ef7e0ac4-6c05-4de7-b189-5a75019eb6f9,Retail,Mice,Wireless Bluetooth Mouse,1,37.89,37.89
2025-01-24 20:44:28,7bff99c7-c13c-4642-8379-113fb8a72bdf,Retail,Mice,Wireless Bluetooth Mouse,2,42.95,85.9
2025-01-25 14:35:27,c2acb2ed-90ae-42b3-869e-72e2121f988e,Web,Networking,USB Wi-Fi Adapter,1,25.79,25.79
2025-01-25 19:11:11,c12bff5b-6578-4ece-a3fb-1fa1183f3c2e,Retail,Monitors,24-inch 144Hz Gaming Monitor,1,213.43,213.43
2025-01-25 16:37:27,a4267716-1a3b-4a27-9691-e09b48401613,B2B,Mice,Precision Laser Mouse,2,48.99,97.98
2025-01-25 20:51:50,17c8ea7d-6f7d-4472-bc81-c2825febfef2,Web,Keyboards,Wireless Ergonomic Keyboard,1,78.84,78.84
2025-01-25 12:29:07,6aa77b8c-5863-4483-b295-cf55940fcb48,Retail,Mice,Optical Gaming Mouse,1,57.8,57.8
2025-01-25 18:24:39,89d1bf81-5437-486b-af8c-07c311a34fe5,Web,Mice,Trackball Mouse,2,63.71,127.42
2025-01-25 20:51:19,9ca32f89-00ea-43f3-80d3-f5a9b1b077d8,B2B,Networking,Gigabit Ethernet Switch,2,37.66,75.32
2025-01-25 11:20:07,f94424f8-04ff-418e-9631-48bb8596c3e6,Web,Mice,Optical Gaming Mouse,2,49.61,99.22
2025-01-25 11:36:24,68d0e2d5-3258-4011-95f9-396bdd3d1def,Retail,Headsets,Noise-Cancelling Gaming Headset,1,118.72,118.72
2025-01-25 20:58:41,50cf7c10-1763-4d7d-a8b0-2b45889b20b9,Web,Networking,USB Wi-Fi Adapter,1,26.7,26.7
2025-01-25 14:53:28,f75111a7-caf7-43fd-843a-a2ba8c1bcee6,Retail,Monitors,34-inch Ultrawide Curved Monitor,2,502.85,1005.7
2025-01-25 16:08:12,adcb49b4-ca2a-4834-9519-0a9cea221823,B2B,Storage,128GB USB Flash Drive,1,18.34,18.34
2025-01-26 16:36:47,62c486eb-0c8c-4205-aeb2-cee6ce481f6f,Retail,Storage,512GB Portable SSD,1,85.61,85.61
2025-01-26 14:34:52,e5ba21bf-ff0f-4f1d-89d4-98d1dedcd7df,B2B,Storage,2TB External HDD,1,93.62,93.62
2025-01-26 15:06:47,d8a2b623-9b38-4062-ae88-2a60b7b7b884,Web,Storage,128GB USB Flash Drive,2,16.47,32.94
2025-01-26 10:28:55,cee9b6bf-1636-4f4b-bfe0-7ac0bbb46da1,Web,Networking,Powerline Ethernet Adapter,2,63.44,126.88
2025-01-26 20:37:44,bc588908-1660-4388-bd27-43dddd09cc14,B2B,Mice,Vertical Ergonomic Mouse,1,39.54,39.54
2025-01-26 12:51:03,d8269336-4523-46e5-858a-4b593d1e1dc8,B2B,Headsets,In-Ear Gaming Earbuds,1,31.81,31.81
2025-01-26 17:10:20,02c9cba5-64c2-4918-beee-eb2cb0057bde,Retail,Networking,Powerline Ethernet Adapter,1,57.41,57.41
2025-01-26 19:52:06,e0b9b65d-8082-4978-8fc0-f92162c9e058,Retail,Keyboards,Compact 60% Keyboard,1,89.63,89.63
2025-01-26 13:55:41,632108df-d6fe-4511-9916-b2a8c0d87731,Web,Keyboards,Compact 60% Keyboard,2,65.48,130.96
2025-01-26 19:25:31,12e2b95e-4883-449b-a38f-9fccd858e4f3,B2B,Keyboards,Compact 60% Keyboard,1,51.76,51.76
2025-01-26 15:24:28,f57c2841-1825-4c3d-ac15-ced90d6ac205,Web,Keyboards,Wireless Ergonomic Keyboard,1,89.97,89.97
2025-01-26 14:29:31,d8f4e54e-bee5-4520-a35a-4e771d6d886d,Web,Mice,Wireless Bluetooth Mouse,1,27.99,27.99
2025-01-26 10:46:29,26aabb9d-c1a9-4b93-bbba-78d6159189ae,B2B,Monitors,24-inch 144Hz Gaming Monitor,1,265.59,265.59
2025-01-26 12:27:52,c10b2089-afd9-409d-b383-a63c00757294,Retail,Mice,Optical Gaming Mouse,2,64.78,129.56
2025-01-26 17:36:08,2f616fac-a51b-4b48-b2c5-83a33f500c42,Retail,Headsets,In-Ear Gaming Earbuds,1,49.33,49.33
2025-01-26 09:06:40,51bf5bfd-a791-4651-9a44-f1d1c2a248f2,Retail,Storage,512GB Portable SSD,2,57.44,114.88
2025-01-26 11:28:29,c66d2a84-054f-4333-bcc4-b3b312f16492,Retail,Keyboards,Mechanical Gaming Keyboard,2,126.99,253.98
2025-01-27 19:19:46,8bfd6b14-4346-4245-b256-e65d76e86032,Web,Storage,1TB NVMe SSD,2,98.58,197.16
2025-01-27 10:08:37,c0d28fac-d209-4be4-a69a-b1e9787cc1d4,B2B,Mice,Optical Gaming Mouse,2,63.89,127.78
2025-01-27 14:52:07,339119e6-1f97-4141-ac26-339c3503bc7a,Retail,Networking,Powerline Ethernet Adapter,1,51.42,51.42
2025-01-27 10:46:51,cf6ff176-6c90-40f3-9206-5ec7eb20948f,Retail,Keyboards,RGB Backlit Keyboard,1,81.0,81.0
2025-01-27 13:08:24,76c9f6b5-4f97-4214-95f5-98c3719ca25f,Web,Storage,512GB Portable SSD,1,84.03,84.03
2025-01-27 18:41:10,5dc4da6b-dca8-4456-a7bf-a16d3e95219d,B2B,Headsets,Noise-Cancelling Gaming Headset,2,129.65,259.3
2025-01-27 20:09:58,c228c129-4109-4699-8423-3586cd703c9a,B2B,Headsets,Noise-Cancelling Gaming Headset,1,127.83,127.83
2025-01-27 11:48:07,64a80c5a-eb46-488e-997c-0eb7b9982747,Retail,Monitors,27-inch 4K IPS Monitor,1,472.49,472.49
2025-01-27 15:20:50,a1652cf4-fb20-4987-8e39-ec956af0c24c,Retail,Keyboards,Compact 60% Keyboard,1,70.15,70.15
2025-01-27 20:38:18,54ef811b-d675-4507-82ab-85c3173f2478,B2B,Storage,512GB Portable SSD,2,86.26,172.52
2025-01-28 16:40:38,a68c3b99-459f-4677-8397-87ae46de7d17,Web,Keyboards,Wireless Ergonomic Keyboard,1,93.85,93.85
2025-01-28 14:08:24,a9485ae7-cfa4-45c1-8155-cc7522f80c21,B2B,Storage,4TB Desktop HDD,1,130.52,130.52
2025-01-28 10:01:37,7437a327-c9bb-4a24-adee-e66ab2c8cec4,Retail,Keyboards,Wireless Ergonomic Keyboard,2,101.97,203.94
2025-01-28 09:50:25,f044c5d1-42eb-45fb-a76c-a5f8a4618037,B2B,Headsets,USB Conference Headset,1,50.89,50.89
2025-01-28 15:05:40,41c10f44-422a-4f82-a32e-63e4164f1c29,B2B,Headsets,Surround Sound Headphones,2,119.12,238.24
2025-01-28 10:19:05,82a519be-0507-4dba-a84c-ac8cc9ceed79,Web,Headsets,USB Conference Headset,1,53.98,53.98
2025-01-28 18:40:48,62c9b781-5248-4a31-87ba-d801888f7fdc,B2B,Storage,128GB USB Flash Drive,1,22.94,22.94
2025-01-28 15:46:54,f648b7b0-55b2-46e9-a8c0-eaef49dbd548,Web,Mice,Optical Gaming Mouse,2,46.87,93.74
2025-01-28 13:42:47,3d5b1302-2b3f-44fb-b7c6-959d97756f37,Web,Monitors,24-inch 144Hz Gaming Monitor,1,235.82,235.82
2025-01-28 20:08:44,5d5d8690-d97d-4b3a-9aa8-da8528b751bc,Retail,Keyboards,Mechanical Gaming Keyboard,1,104.04,104.04
2025-01-28 20:16:10,30a724c4-5c19-4788-9e07-7821c125cc68,B2B,Mice,Precision Laser Mouse,1,66.97,66.97
2025-01-28 10:49:57,2481868d-95a5-42e9-a931-888a3fb0418b,Retail,Keyboards,Mechanical Gaming Keyboard,1,151.79,151.79
2025-01-28 18:40:04,0ee4d2be-c9c2-4937-9a80-844ceeb737cd,B2B,Headsets,USB Conference Headset,1,54.92,54.92
2025-01-28 16:54:36,99afe233-a273-47c1-a975-7354716eeab0,Web,Keyboards,Membrane Office Keyboard,1,35.2,35.2
2025-01-28 20:07:14,13411847-b594-42c9-99a4-10dd5bf790ce,Web,Storage,2TB External HDD,2,89.43,178.86
2025-01-29 12:20:15,f936c174-df1f-419d-b29f-ac22ac878ce4,B2B,Headsets,Noise-Cancelling Gaming Headset,1,127.14,127.14
2025-01-29 10:36:23,d9ab07a8-28f8-4e93-95b9-35de7c1690b9,B2B,Keyboards,RGB Backlit Keyboard,1,87.75,87.75
2025-01-29 09:25:04,a9c7fedc-3140-4a4e-9a62-903e4da9b3fd,Retail,Storage,4TB Desktop HDD,1,152.61,152.61
2025-01-29 10:35:29,892cdf9a-bc44-4134-bae5-9810d706fbf5,Web,Keyboards,Mechanical Gaming Keyboard,1,135.28,135.28
2025-01-29 12:29:23,cea2b33c-4d73-4943-b885-83f44c1f215b,Retail,Monitors,27-inch 4K IPS Monitor,2,253.87,507.74
2025-01-29 12:46:57,dff20253-70b5-43fa-89ea-381d205649c3,Web,Headsets,In-Ear Gaming Earbuds,2,41.39,82.78
2025-01-29 17:22:40,1583394f-c1c4-4a5c-a7e1-1f44f9dfaae2,Web,Storage,128GB USB Flash Drive,2,19.63,39.26
2025-01-29 19:24:54,dd7056bb-130b-455b-9bc2-8316ef80b34c,Retail,Storage,2TB External HDD,2,81.03,162.06
2025-01-29 09:09:45,2ddda2ac-e9b0-4113-8570-d681ecef50d5,Web,Mice,Wireless Bluetooth Mouse,1,49.28,49.28
2025-01-29 17:26:44,fafa2202-20cc-4cde-9079-682ecf92b892,Retail,Networking,Gigabit Ethernet Switch,1,53.85,53.85
2025-01-29 11:40:52,16d9b144-fa63-4f4c-8d56-2268de6d5f8c,B2B,Mice,Trackball Mouse,1,82.73,82.73
2025-01-29 11:15:18,2f521153-83ba-4ab1-bda3-cc2fbd86ff4e,Retail,Mice,Optical Gaming Mouse,1,64.36,64.36
2025-01-29 16:17:14,b524c4ee-e0e1-4b25-bfba-931357ca794f,Web,Keyboards,Wireless Ergonomic Keyboard,2,80.71,161.42
2025-01-29 18:06:09,d0ddc356-52b1-4085-b4de-45579938fc79,Retail,Keyboards,RGB Backlit Keyboard,1,69.68,69.68
2025-01-29 12:28:19,14325113-0473-497c-aaa9-6d2e150e0fc9,Web,Headsets,Wireless Bluetooth Headphones,2,110.29,220.58
2025-01-29 19:19:52,61e02bb8-4bae-4daf-9097-440eb3b6577a,B2B,Storage,1TB NVMe SSD,2,86.91,173.82
2025-01-29 12:22:25,dcbc1211-4e98-484d-b0d0-359021d897b1,B2B,Headsets,USB Conference Headset,1,53.08,53.08
2025-01-29 11:01:25,414c8290-d8d9-40d6-ad3c-5f9d76492afb,B2B,Storage,128GB USB Flash Drive,1,13.99,13.99
2025-01-29 11:07:00,f2ddd77f-20f6-4444-a84a-de7b79632dcf,Web,Keyboards,Wireless Ergonomic Keyboard,1,95.11,95.11
2025-01-30 19:41:05,66bfc09c-aca9-4f34-961c-25b4d416f1f3,Retail,Monitors,27-inch 4K IPS Monitor,2,472.49,944.98
2025-01-30 12:57:41,57ae5970-e5fb-49e5-a2a7-5b448bc50b6e,Web,Headsets,Wireless Bluetooth Headphones,2,123.31,246.62
2025-01-30 14:07:02,e3a55181-631b-4444-b6f1-d3ba67bef8be,Web,Networking,USB Wi-Fi Adapter,2,20.99,41.98
2025-01-30 15:31:01,404e7c05-b21c-4aab-8051-80450e04cd26,Retail,Mice,Precision Laser Mouse,2,60.01,120.02
2025-01-30 11:17:17,4065efcf-f28f-4b1f-87cd-0b3f9f291728,Web,Headsets,Wireless Bluetooth Headphones,2,91.74,183.48
2025-01-30 13:31:26,c6605a4e-69b2-4e82-af55-7b590201cf49,Retail,Networking,Wireless Mesh Router System,2,224.42,448.84
2025-01-30 13:24:08,28aa74a1-6a53-497a-8c25-936e6ff8c4cd,B2B,Headsets,Noise-Cancelling Gaming Headset,1,94.91,94.91
2025-01-30 17:50:01,fb3c3451-d08a-4252-be5d-30920b16f9d5,B2B,Networking,Powerline Ethernet Adapter,1,57.25,57.25
2025-01-30 17:50:31,f1f41a4d-a3e2-4ff2-8bd8-da8a0b002f21,B2B,Mice,Vertical Ergonomic Mouse,1,52.98,52.98
2025-01-30 12:01:57,7dfb836b-6cb4-4b7b-89ed-bb725001ec9f,Retail,Storage,128GB USB Flash Drive,2,23.16,46.32
2025-01-31 20:03:48,fac03e45-4447-48b3-8bcd-2fc282f1aa57,Web,Networking,Powerline Ethernet Adapter,1,70.32,70.32
2025-01-31 15:22:59,a086488b-8b50-4e0c-a2c3-f5239c2ec7d9,Web,Storage,128GB USB Flash Drive,2,22.13,44.26
2025-01-31 18:01:45,dd938831-1870-454f-887b-2e04aad722c5,B2B,Storage,1TB NVMe SSD,1,68.22,68.22
2025-01-31 12:53:51,e1486c02-a984-4730-a89a-3e2fa1f5e58c,Retail,Networking,Wireless Mesh Router System,1,256.26,256.26
2025-01-31 09:14:38,56c6cb0c-f81d-4cae-b07c-459511580326,B2B,Mice,Optical Gaming Mouse,1,62.47,62.47
2025-01-31 18:12:51,91d37b0c-cb09-4063-84df-892cd9cc64b7,B2B,Keyboards,Compact 60% Keyboard,2,76.5,153.0
2025-01-31 09:01:09,cd9d7fd7-8008-4086-9c90-6a4fc953bdc9,Web,Monitors,27-inch 4K IPS Monitor,1,244.99,244.99
2025-01-31 17:55:23,fc11537e-27ae-4b19-87d1-1e26ea543b7c,Retail,Networking,USB Wi-Fi Adapter,1,25.81,25.81
2025-01-31 14:19:20,b7cc4d65-fa05-428f-a4b2-29ddbe645536,Web,Keyboards,Compact 60% Keyboard,1,58.68,58.68
2025-01-31 15:50:40,21326c97-a616-4b86-81d9-0d1f1010c4ae,B2B,Networking,USB Wi-Fi Adapter,1,27.94,27.94
2025-01-31 18:50:22,0c0f0bd3-244b-4c64-984a-274ff92421b8,B2B,Mice,Optical Gaming Mouse,1,47.6,47.6
2025-01-31 20:44:18,4f93b4a5-e5da-4783-9d8f-75de8f239172,B2B,Keyboards,Compact 60% Keyboard,2,66.12,132.24
2025-02-01 11:21:47,ea0b1d45-cb58-4bea-a9c3-3027b7bcf69f,Retail,Keyboards,Wireless Ergonomic Keyboard,1,102.31,102.31
2025-02-01 10:52:45,eafd5eaf-a70d-4a53-9659-c781f114169e,B2B,Monitors,15.6-inch Portable USB-C Monitor,2,234.3,468.6
2025-02-01 16:00:16,ff4f0755-d238-4068-ad0a-835e0dc90ea2,B2B,Mice,Optical Gaming Mouse,2,60.38,120.76
2025-02-01 15:28:46,2bfc64fc-9042-4e7b-98cb-737e493550d9,Web,Headsets,Noise-Cancelling Gaming Headset,1,120.56,120.56
2025-02-01 16:56:24,4df20df7-fa68-4ff3-b6f2-1415b88c031d,Retail,Mice,Vertical Ergonomic Mouse,2,57.61,115.22
2025-02-01 19:14:10,54dca4ca-2510-45fa-b83d-cebc8d274633,Web,Headsets,Wireless Bluetooth Headphones,1,83.58,83.58
2025-02-01 14:16:06,b503f3df-8e0f-4192-83d4-265883012ac9,Web,Keyboards,Wireless Ergonomic Keyboard,1,92.51,92.51
2025-02-01 10:21:38,bc085b0e-30e9-496c-9f8d-6fd4c089541d,Retail,Networking,Powerline Ethernet Adapter,1,64.01,64.01
2025-02-01 15:41:10,6dcd545c-0cb5-461b-81ff-bf0c8d37297c,Retail,Monitors,34-inch Ultrawide Curved Monitor,1,543.64,543.64
2025-02-01 12:26:44,f810536d-05ca-40a2-8b70-0637fc29e8ac,B2B,Headsets,In-Ear Gaming Earbuds,1,42.81,42.81
2025-02-01 19:18:19,a0b78efd-2cb0-45fa-8b13-8afe8a808e5b,Web,Mice,Optical Gaming Mouse,1,56.65,56.65
2025-02-01 09:27:05,be648705-66f9-4eca-88cb-b1ab4655ff2c,B2B,Mice,Wireless Bluetooth Mouse,1,40.14,40.14
2025-02-01 10:01:13,e4605cb9-42d8-4358-b082-31eb40ca5f70,Retail,Keyboards,Membrane Office Keyboard,1,27.55,27.55
2025-02-01 15:30:31,6514fcf3-7fcb-4450-9618-02274f03fdf0,Retail,Networking,Gigabit Ethernet Switch,2,50.81,101.62
2025-02-01 17:24:11,3b083271-358d-4220-b73e-5930f4d9952f,Retail,Mice,Precision Laser Mouse,1,68.87,68.87
2025-02-01 12:53:17,84fbbffc-0afa-4967-80e7-7e7c2c324e1f,Web,Headsets,In-Ear Gaming Earbuds,1,47.79,47.79
2025-02-01 19:06:05,b5f482d2-c876-46ca-af08-f901ea6742b6,B2B,Monitors,15.6-inch Portable USB-C Monitor,1,180.86,180.86
2025-02-01 09:53:24,52e0a95c-2649-47ba-bca3-cd5dd49f1398,Retail,Storage,128GB USB Flash Drive,1,17.12,17.12
2025-02-01 16:36:56,6d15fc03-abe6-49fb-a205-07e77100f49c,Retail,Mice,Optical Gaming Mouse,2,57.36,114.72
2025-02-01 17:51:36,0ccc9c25-bb79-47bf-8c60-aed388053f55,B2B,Monitors,15.6-inch Portable USB-C Monitor,1,145.45,145.45
2025-02-01 16:11:10,fde13dc9-e70f-4950-9121-01d731b8093f,Web,Networking,Network Attached Storage (NAS),2,279.99,559.98
2025-02-02 15:35:20,82007da8-7161-4f02-88c2-43b39605ee64,B2B,Storage,128GB USB Flash Drive,1,21.26,21.26
2025-02-02 17:50:26,ea9975eb-29ea-4e1b-bd56-468f033817ea,Web,Keyboards,RGB Backlit Keyboard,2,66.39,132.78
2025-02-02 18:37:48,92bddf07-14f7-4e3e-8c36-a4d47b3007c1,Web,Networking,USB Wi-Fi Adapter,1,27.43,27.43
2025-02-02 13:55:34,ca035847-30a5-4700-93be-a5ab9852cad8,Retail,Networking,Wireless Mesh Router System,1,241.14,241.14
2025-02-02 19:31:36,1d5d093b-67ae-44a6-8c27-6f14af44314d,Web,Monitors,34-inch Ultrawide Curved Monitor,1,408.97,408.97
2025-02-02 19:44:25,579c20c0-4310-40c7-b839-ebfba858aa71,Retail,Keyboards,Mechanical Gaming Keyboard,1,141.91,141.91
2025-02-02 09:47:30,0ee52afc-aa10-49b9-92df-20e61fe4d874,Retail,Networking,Gigabit Ethernet Switch,2,53.48,106.96
2025-02-02 13:53:31,cb071ef2-3603-4bd6-872f-7456d354e14b,B2B,Storage,128GB USB Flash Drive,2,16.89,33.78
2025-02-02 11:19:47,837abc50-de5d-481c-9f40-86ea0961fd04,Retail,Headsets,Wireless Bluetooth Headphones,1,81.27,81.27
2025-02-02 12:28:13,62d23522-c452-4bf3-990e-bc92c0d56f54,Retail,Networking,Gigabit Ethernet Switch,1,57.18,57.18
2025-02-02 17:55:23,f29adebb-6ad1-480b-af04-5245ca6adfca,B2B,Storage,128GB USB Flash Drive,2,18.97,37.94
2025-02-02 17:56:36,aaf5f0c1-cebd-4682-8ae3-d730f3780c77,Web,Keyboards,Mechanical Gaming Keyboard,1,115.23,115.23
2025-02-02 12:53:03,0527cfb7-f0cd-49c4-abfe-a539c1793522,Retail,Mice,Optical Gaming Mouse,2,63.0,126.0
2025-02-03 16:11:55,8f7655d4-970a-4937-adc3-5d5f0e749162,B2B,Headsets,Wireless Bluetooth Headphones,1,116.44,116.44
2025-02-03 20:53:44,70e9d005-0454-4030-a7fa-477f7ee723c7,Web,Keyboards,RGB Backlit Keyboard,1,98.14,98.14
2025-02-03 11:54:36,e8cba589-d1fa-4645-a14a-d1df50733268,Web,Storage,512GB Portable SSD,1,65.82,65.82
2025-02-03 15:32:01,cb44a1c1-ee26-4645-901d-379a9ff2891a,B2B,Storage,4TB Desktop HDD,2,105.76,211.52
2025-02-03 19:11:38,c8f33458-2f8a-4020-91d3-06bbc1833945,Web,Storage,512GB Portable SSD,2,59.29,118.58
2025-02-03 19:17:27,7e2b4c94-0c02-4d59-a50c-4a5db6998543,Retail,Networking,Gigabit Ethernet Switch,1,67.49,67.49
2025-02-03 12:29:19,67fc83fe-4b55-417a-bf59-289ede8e926f,B2B,Monitors,15.6-inch Portable USB-C Monitor,1,208.73,208.73
2025-02-03 19:53:53,718956ca-0c35-4d9c-b144-3bb4f8957f19,B2B,Mice,Precision Laser Mouse,1,78.6,78.6
2025-02-03 19:06:30,d229c308-19f2-4690-bd73-12eebe10ce5b,Retail,Keyboards,Wireless Ergonomic Keyboard,1,96.01,96.01
2025-02-03 20:57:41,d96b8972-d140-4ecd-800d-5590dcf17a46,Web,Mice,Wireless Bluetooth Mouse,1,35.23,35.23
2025-02-03 09:51:54,437193e3-902c-440f-86ee-aaf48323a6ad,B2B,Storage,512GB Portable SSD,1,71.73,71.73
2025-02-03 16:18:16,15457ed9-5d4c-42e7-a9db-6a1d384d6561,Retail,Networking,Gigabit Ethernet Switch,1,51.74,51.74
2025-02-03 09:37:45,ddbd2cf0-64bc-4fc9-b9e7-301225f949b7,Web,Networking,Powerline Ethernet Adapter,1,55.82,55.82
2025-02-03 19:50:30,f7f8770d-a257-497e-94a4-c5b42350510f,B2B,Networking,Gigabit Ethernet Switch,1,35.16,35.16
2025-02-03 13:54:10,d73906f0-5af9-43e1-b367-078c7e30c577,B2B,Storage,128GB USB Flash Drive,3,22.14,66.42
2025-02-03 17:48:58,9ee9f693-f3b2-4a8e-b7fb-1a0958a450a0,B2B,Keyboards,Membrane Office Keyboard,1,32.78,32.78
2025-02-03 19:05:14,4b29f852-faaf-4270-b9f9-2dcaf2a45fda,B2B,Mice,Vertical Ergonomic Mouse,1,55.83,55.83
2025-02-03 18:18:29,3dda9cf3-14fe-4b31-a63e-0c835cd21fa4,Retail,Storage,128GB USB Flash Drive,2,17.47,34.94
2025-02-04 11:08:12,c100ef46-25a4-4e8b-8dae-879b59d6e963,B2B,Mice,Vertical Ergonomic Mouse,1,44.19,44.19
2025-02-04 11:20:55,47c4e840-391c-4167-ad63-0584f4a59fe9,Web,Storage,1TB NVMe SSD,1,99.43,99.43
2025-02-04 09:28:17,b053b24b-69df-477f-b240-26f18f716b9d,Web,Mice,Optical Gaming Mouse,1,72.7,72.7
2025-02-04 10:08:39,102cce3e-5f4a-45c5-bdb8-7268235b7490,Retail,Headsets,Noise-Cancelling Gaming Headset,1,137.27,137.27
2025-02-04 09:34:12,9fc054ab-8b02-46dd-8b52-76f6c9d3dad9,Web,Storage,2TB External HDD,1,77.44,77.44
2025-02-04 17:12:01,07736c38-041b-4cbf-ae05-ab90db9890f3,B2B,Monitors,15.6-inch Portable USB-C Monitor,1,189.11,189.11
2025-02-04 13:08:06,423c0474-6e9e-4c75-b532-b0c81b996d88,B2B,Mice,Precision Laser Mouse,3,94.28,282.84
2025-02-04 09:19:18,b5ad9a32-6954-4ebc-8444-5cfea4623af0,B2B,Headsets,Wireless Bluetooth Headphones,1,83.53,83.53
2025-02-04 11:21:57,9129c4fa-d079-4eb1-8a50-8f0646a87104,Web,Headsets,USB Conference Headset,2,64.24,128.48
2025-02-04 15:01:14,eab8be6f-a632-4418-a0cb-e076da52e31e,Web,Mice,Optical Gaming Mouse,3,54.87,164.61
2025-02-04 20:41:50,96d0eb87-bdac-4ff4-b4c1-b5ef21e8769a,B2B,Keyboards,Mechanical Gaming Keyboard,1,129.77,129.77
2025-02-04 17:39:03,1d938bb4-bc1c-428d-ba08-d78d9b8ad964,Web,Monitors,27-inch 4K IPS Monitor,1,343.17,343.17
2025-02-05 20:43:40,550be77d-d660-46a9-85fe-ff18626aa926,Retail,Keyboards,Mechanical Gaming Keyboard,1,123.77,123.77
2025-02-05 18:44:08,02f78930-f38c-4423-9335-5785ecec8feb,Web,Headsets,Noise-Cancelling Gaming Headset,1,107.82,107.82
2025-02-05 18:07:18,d112ecfb-3622-4db2-8be1-8e454db3a1e5,Web,Keyboards,RGB Backlit Keyboard,1,66.55,66.55
2025-02-05 17:12:22,4f5e2ba6-ae4d-44e2-aa65-c139314ddb79,Retail,Storage,1TB NVMe SSD,2,73.53,147.06
2025-02-05 12:44:59,a00158a8-3d2d-424f-af79-5a46f6dbc8b9,Web,Headsets,Wireless Bluetooth Headphones,2,84.54,169.08
2025-02-05 18:42:31,e0e0e0a8-8b8d-475a-8156-ee147303c7de,Web,Keyboards,Compact 60% Keyboard,1,50.79,50.79
2025-02-05 10:46:46,28b9f34e-8c74-4bfb-a707-e2b46a9e4210,Retail,Keyboards,RGB Backlit Keyboard,1,55.99,55.99
2025-02-05 13:29:03,ca286d9d-9637-4932-b1b6-c28a5ef349f2,Web,Keyboards,RGB Backlit Keyboard,1,87.37,87.37
2025-02-05 13:23:51,3d12af6e-c39e-4773-80cf-a085fa62c865,Retail,Monitors,15.6-inch Portable USB-C Monitor,1,221.8,221.8
2025-02-05 09:00:54,bcd22bfa-6bd4-4a7e-988a-f12cf6805721,B2B,Keyboards,Compact 60% Keyboard,2,79.46,158.92
2025-02-05 14:57:28,aadc6b49-33be-41d1-aa06-64a42644c157,Retail,Networking,USB Wi-Fi Adapter,1,39.18,39.18
2025-02-05 11:07:25,d1a2d5a9-c516-4914-a135-8a1b3b40b10a,Retail,Mice,Trackball Mouse,2,92.14,184.28
2025-02-05 16:51:26,9bad53ab-8fae-4d34-8f87-7375391f5081,Web,Monitors,24-inch 144Hz Gaming Monitor,1,215.38,215.38
2025-02-05 11:06:26,a187a0e6-6bd8-49fb-89d6-c14aed6064ef,Retail,Networking,Gigabit Ethernet Switch,1,46.71,46.71
2025-02-06 15:28:02,10eee882-116c-497e-b7de-bf69faa2a45c,B2B,Keyboards,Wireless Ergonomic Keyboard,1,71.21,71.21
2025-02-06 20:55:43,94598e41-f96a-467b-a2a0-c4d2d2965ad8,B2B,Headsets,Surround Sound Headphones,1,97.99,97.99
2025-02-06 19:55:21,2e9d55b4-5bb4-458a-bb68-7df24be14dca,B2B,Headsets,Surround Sound Headphones,1,118.05,118.05
2025-02-06 10:27:42,cc0df37a-3783-4de6-9415-67193119d9f6,Retail,Storage,1TB NVMe SSD,2,68.5,137.0
2025-02-06 17:57:39,75b8d612-7112-4e4f-b295-c054c4fecde2,B2B,Keyboards,Wireless Ergonomic Keyboard,1,105.17,105.17
2025-02-06 17:54:30,7e819413-5d52-40c3-bcaf-22d74f2d5d59,Web,Storage,128GB USB Flash Drive,2,20.6,41.2
2025-02-06 09:32:14,b80f98ff-ff2b-4088-8959-e58be84bb27c,Retail,Headsets,In-Ear Gaming Earbuds,1,53.99,53.99
2025-02-06 12:05:29,29a24141-446d-4a6d-8ae2-932d51d197ea,B2B,Headsets,Wireless Bluetooth Headphones,1,110.13,110.13
2025-02-06 10:31:47,5d2da8e0-c8b3-4edf-b9b4-672444f3423b,Web,Monitors,24-inch 144Hz Gaming Monitor,1,185.85,185.85
2025-02-06 09:35:35,73a2e2c7-315c-4843-bd7c-dec5e8a5d0f9,Web,Keyboards,Mechanical Gaming Keyboard,1,150.79,150.79
2025-02-06 17:35:13,2a0eb3cc-552e-45fa-a66c-79811ad099a6,Retail,Monitors,24-inch 144Hz Gaming Monitor,2,206.92,413.84
2025-02-06 14:52:03,a401d26f-d8ed-445b-ba3a-6885d488d8ee,Retail,Storage,128GB USB Flash Drive,2,14.85,29.7
2025-02-06 14:45:28,fc7e2199-6b8b-4200-b29c-7251f338bafe,B2B,Keyboards,RGB Backlit Keyboard,2,70.66,141.32
2025-02-06 14:22:53,c0d1f208-0bbc-4959-8894-f12e0b14c33c,Retail,Monitors,24-inch 144Hz Gaming Monitor,1,206.67,206.67
2025-02-06 11:31:08,dc1f4d24-5ff1-4405-a2e1-ecf2ce77677e,B2B,Storage,128GB USB Flash Drive,1,21.34,21.34
2025-02-06 18:12:12,7f0003fe-4825-4144-a7f8-24b32b9c97e9,Retail,Keyboards,RGB Backlit Keyboard,1,82.93,82.93
2025-02-07 09:59:40,aa4903b0-ea92-4279-8bcd-f0b0199fceae,B2B,Storage,128GB USB Flash Drive,2,17.67,35.34
2025-02-07 16:42:37,6a5ece5c-813e-434e-9fd8-6b876e1faffa,Web,Networking,USB Wi-Fi Adapter,1,39.78,39.78
2025-02-07 17:59:27,d9e45406-85ce-446b-b4c2-af11332f652e,Retail,Storage,128GB USB Flash Drive,1,20.17,20.17
2025-02-07 11:44:37,d00c9410-f066-4a7a-bcb2-7a4540f1ee69,Web,Keyboards,Membrane Office Keyboard,2,26.24,52.48
2025-02-07 14:32:56,01ca1056-b7f4-40d2-b04a-7387dd7f4c6e,B2B,Mice,Precision Laser Mouse,1,56.3,56.3
2025-02-07 13:25:21,0fb60b98-bb03-48d9-8b14-97f39071d491,Retail,Networking,Network Attached Storage (NAS),1,470.21,470.21
2025-02-07 20:32:19,2d226e52-5c9f-4792-9f2b-667f15af5636,B2B,Storage,128GB USB Flash Drive,1,24.14,24.14
2025-02-07 17:40:13,c2883c09-ca88-443b-9675-06cde193a72e,B2B,Keyboards,Membrane Office Keyboard,1,25.62,25.62
2025-02-07 11:45:41,983f7e75-625e-43d6-9f1b-7e1750cef8b6,Web,Networking,Network Attached Storage (NAS),1,279.99,279.99
2025-02-07 20:40:20,b5ea0570-0035-4afb-acff-83d423ad22b6,Retail,Storage,1TB NVMe SSD,1,112.08,112.08
2025-02-07 19:47:57,cc2a8d66-2f3a-4815-9f02-b231f337aa46,Retail,Storage,128GB USB Flash Drive,1,17.77,17.77
2025-02-07 09:33:06,d1a4eba6-2db1-4ec5-81c7-29d8cd1127c5,Web,Keyboards,Mechanical Gaming Keyboard,2,141.07,282.14
2025-02-07 11:18:43,b54aa00f-8b51-45a1-a38c-29b0748371dc,Web,Mice,Optical Gaming Mouse,1,62.73,62.73
2025-02-07 17:02:22,536f34b9-47f6-420f-a582-186b2f52e55d,Web,Storage,128GB USB Flash Drive,1,17.35,17.35
2025-02-08 19:20:35,d9ca9fbf-d6e1-46cf-8a35-81da5e3f7cff,B2B,Keyboards,Wireless Ergonomic Keyboard,1,74.8,74.8
2025-02-08 16:53:14,487045e2-6ec9-47d8-b628-9c5b385811c3,B2B,Networking,Gigabit Ethernet Switch,1,38.02,38.02
2025-02-08 14:48:37,bf1a05fd-83d7-4c4f-afb4-eceb64bf4b50,B2B,Headsets,In-Ear Gaming Earbuds,2,39.27,78.54
2025-02-08 16:11:43,745f2312-0c20-4eef-9ada-ce8936d7cb47,Web,Keyboards,Wireless Ergonomic Keyboard,1,82.22,82.22
2025-02-08 10:24:02,a19721ce-fab3-4c09-983c-7ebf548b691c,B2B,Headsets,Noise-Cancelling Gaming Headset,1,138.47,138.47
2025-02-08 09:21:29,63731524-73b7-4c63-a012-05f29489de93,Web,Storage,1TB NVMe SSD,2,114.58,229.16
2025-02-08 18:03:49,2759c562-b77f-4115-aa58-4cb54b60ac39,B2B,Networking,USB Wi-Fi Adapter,1,26.64,26.64
2025-02-08 17:22:04,5159a7c4-9d18-43aa-a8a5-77c225f12adf,Retail,Storage,512GB Portable SSD,1,90.1,90.1
2025-02-08 17:04:50,4264ab9d-118d-4c47-834c-9e337fe33d3f,Retail,Headsets,USB Conference Headset,1,43.9,43.9
2025-02-08 12:42:21,0cecd99f-56ab-4f83-bfa0-7788803eb4de,Retail,Mice,Vertical Ergonomic Mouse,2,54.22,108.44
2025-02-08 17:30:35,53389e6c-7314-45c1-9539-77f602ad640a,B2B,Storage,128GB USB Flash Drive,2,13.99,27.98
2025-02-08 18:58:39,311ff84c-1b5d-4cb2-8f1d-2c383433451c,Web,Mice,Optical Gaming Mouse,1,67.25,67.25
2025-02-08 10:24:16,94c6b27d-8db1-4911-bf63-b805afc05c88,Retail,Headsets,In-Ear Gaming Earbuds,2,28.05,56.1
2025-02-08 17:51:32,7af664d5-b459-4f2f-bba9-92e0640b8a34,Web,Headsets,Wireless Bluetooth Headphones,1,97.27,97.27
2025-02-08 19:12:20,cb7cd9f3-5d96-46f4-938e-0879e0719620,Web,Headsets,USB Conference Headset,2,59.56,119.12
2025-02-08 09:40:04,3f3f3725-e41a-46b1-90bc-c15786bdf8ac,B2B,Mice,Optical Gaming Mouse,1,56.62,56.62
2025-02-08 15:53:06,c45d60e2-7399-489e-b3e9-823344333ced,B2B,Keyboards,Membrane Office Keyboard,1,29.7,29.7
2025-02-08 10:47:43,47aac516-5c4a-4edf-a536-769e7c82a621,Retail,Keyboards,Membrane Office Keyboard,1,24.65,24.65
2025-02-08 09:05:04,94ef02c9-c999-4d28-971e-c6f78f7b24a9,Retail,Keyboards,Wireless Ergonomic Keyboard,1,82.3,82.3
2025-02-08 13:26:24,0a64b9b9-69a4-4d87-8e30-c5dcdf2d6fcb,Retail,Headsets,Wireless Bluetooth Headphones,1,95.1,95.1
2025-02-08 09:24:43,1d8a747e-c48d-4c10-95bb-432448893baf,Web,Keyboards,RGB Backlit Keyboard,1,67.63,67.63
2025-02-08 18:02:44,1833cc6e-462c-43fe-bc81-b008b4128749,Retail,Storage,128GB USB Flash Drive,1,15.44,15.44
2025-02-08 19:19:38,ea92068f-3f48-4131-ba73-755a717fd726,Retail,Keyboards,RGB Backlit Keyboard,1,81.09,81.09
2025-02-08 11:34:14,456598fe-3565-4d3b-9811-2e65860cf851,Retail,Keyboards,Compact 60% Keyboard,1,67.74,67.74
2025-02-08 17:18:40,fb18f04a-43bf-42a4-a718-8abc1222fb0d,B2B,Keyboards,Compact 60% Keyboard,1,89.61,89.61
2025-02-08 19:23:00,32970da8-4cb5-449a-83f8-3772164bcdb7,B2B,Headsets,In-Ear Gaming Earbuds,2,36.95,73.9
2025-02-08 09:00:36,885660ae-4f87-4509-89e2-1111540dcea3,B2B,Monitors,27-inch 4K IPS Monitor,1,385.44,385.44
2025-02-08 20:57:46,4eb850fb-c38c-45b7-9665-3013edfb9e89,Retail,Mice,Vertical Ergonomic Mouse,1,52.79,52.79
2025-02-08 11:10:11,be23278d-e7af-47d8-ab34-b2cd42e913da,Retail,Mice,Optical Gaming Mouse,2,65.99,131.98
2025-02-08 17:29:41,b5b24011-03df-48fd-91f5-8d637b726b51,Retail,Headsets,In-Ear Gaming Earbuds,1,27.99,27.99
2025-02-08 13:06:12,02c8d618-1584-4381-823b-fda0782a40f2,Retail,Storage,1TB NVMe SSD,1,84.79,84.79
2025-02-08 13:39:04,00af32fd-f5ff-4c26-b72e-bf354654b6e4,Retail,Networking,Gigabit Ethernet Switch,1,43.55,43.55
2025-02-08 14:39:42,19ee0f14-fc28-4297-8fff-b655881b22d6,B2B,Mice,Wireless Bluetooth Mouse,2,47.15,94.3
2025-02-08 11:00:20,b53c662a-5556-4c62-ac43-0972712924d3,Web,Mice,Optical Gaming Mouse,1,41.99,41.99
2025-02-08 13:53:23,6a8372fe-3f5a-43c1-a527-0caa3aba4a63,B2B,Keyboards,Compact 60% Keyboard,1,59.22,59.22
2025-02-09 13:46:56,d2c9ede9-7ac7-480a-b3a2-84e9dc657123,B2B,Monitors,34-inch Ultrawide Curved Monitor,1,594.51,594.51
2025-02-09 09:52:37,46ef0a17-e68a-4706-8023-d8a6decf5580,B2B,Monitors,27-inch 4K IPS Monitor,1,358.33,358.33
2025-02-09 09:35:16,733f5bc7-ab13-42ef-83ef-1c9112f559f6,B2B,Headsets,In-Ear Gaming Earbuds,1,41.04,41.04
2025-02-09 12:57:49,6ca56f5e-5a68-44ce-85db-20b213248a2c,Retail,Monitors,27-inch 4K IPS Monitor,1,293.44,293.44
2025-02-09 17:32:05,a696c149-a1f1-44f6-baa3-076b209b5872,B2B,Mice,Trackball Mouse,2,107.99,215.98
2025-02-09 19:10:48,44e83d02-1681-47ea-98de-8db91fc7912b,Retail,Headsets,USB Conference Headset,1,44.91,44.91
2025-02-10 11:47:46,fb6c5e42-ada5-4068-b539-fc0dbc64a0f8,Retail,Headsets,Wireless Bluetooth Headphones,2,100.77,201.54
2025-02-10 13:23:14,226a46de-e8ab-4da0-8723-fa48d891be9e,Web,Keyboards,Mechanical Gaming Keyboard,1,119.13,119.13
2025-02-10 14:24:30,1dd1a822-d427-4ffc-9c24-c4abb67f13f9,Web,Networking,Gigabit Ethernet Switch,2,47.21,94.42
2025-02-10 17:40:53,10e1f15f-7527-4fd2-9822-d8d749d141f2,B2B,Mice,Wireless Bluetooth Mouse,2,36.99,73.98
2025-02-10 11:24:41,a636373d-65d1-46d5-bfd8-9a2d8b9939e7,B2B,Mice,Precision Laser Mouse,1,58.39,58.39
2025-02-10 12:33:25,9035d214-7b4a-4650-b3fc-393976566c3a,Retail,Mice,Vertical Ergonomic Mouse,1,49.18,49.18
2025-02-10 18:00:32,6405ccdd-09e3-48a4-aeb3-93188477a7f7,Retail,Networking,Wireless Mesh Router System,2,313.54,627.08
2025-02-10 12:09:11,96cb606f-c595-46c8-9a2e-1a7025fc9bf4,B2B,Keyboards,Membrane Office Keyboard,1,33.33,33.33
2025-02-10 10:42:14,856f5c1c-350d-4e27-8f61-ef82dd852880,Retail,Headsets,Noise-Cancelling Gaming Headset,1,99.58,99.58
2025-02-10 12:37:10,5cae1e54-3be0-4806-ac4c-8d0d1cb87039,Retail,Monitors,24-inch 144Hz Gaming Monitor,1,225.28,225.28
2025-02-10 09:08:36,b325c354-717a-4013-ae35-9abde0fa901b,Web,Monitors,27-inch 4K IPS Monitor,1,425.83,425.83
2025-02-10 09:10:16,7f340410-7f16-440d-9877-2047fab177c0,B2B,Networking,Gigabit Ethernet Switch,1,53.17,53.17
2025-02-11 16:55:30,bf60e503-b23f-46ff-b56e-1eb11ea65d32,Retail,Keyboards,Membrane Office Keyboard,1,20.99,20.99
2025-02-11 18:52:49,c475c96d-be98-4ae9-a455-4419ff05f8f3,B2B,Keyboards,Membrane Office Keyboard,1,33.75,33.75
2025-02-11 16:38:37,3e3750c6-6cf2-4859-a302-ba1bd052c468,Retail,Keyboards,Wireless Ergonomic Keyboard,1,105.86,105.86
2025-02-11 10:01:12,9415e9e5-39c9-479b-bd80-29e80ff4c38d,B2B,Headsets,Surround Sound Headphones,1,152.6,152.6
2025-02-11 11:30:57,c850b588-c9ee-4afb-90e9-0794dbdfc8c2,Web,Monitors,34-inch Ultrawide Curved Monitor,2,403.24,806.48
2025-02-11 17:32:48,c2114259-33ac-40cd-8c9c-42889304d784,Retail,Keyboards,RGB Backlit Keyboard,1,90.15,90.15
2025-02-11 09:57:49,dede6fa7-d19e-47c7-b8ba-f5327a4e4006,Retail,Monitors,15.6-inch Portable USB-C Monitor,1,158.42,158.42
2025-02-11 14:55:02,720de2f2-e730-4c65-95dc-91701be7cc00,Retail,Storage,1TB NVMe SSD,1,93.61,93.61
2025-02-12 20:36:06,be7765c5-b8b3-406d-8070-20ed140a0251,Retail,Headsets,Noise-Cancelling Gaming Headset,1,102.89,102.89
2025-02-12 12:58:54,987e464a-dadc-46f8-aa73-061404abd189,B2B,Keyboards,Wireless Ergonomic Keyboard,1,83.47,83.47
2025-02-12 20:47:50,9fb5defa-8d2b-4ea8-8df0-3128509e0fe3,B2B,Keyboards,Mechanical Gaming Keyboard,2,135.26,270.52
2025-02-12 09:24:41,2098fea8-aab8-45de-8ca5-31080b377d01,Retail,Keyboards,Membrane Office Keyboard,1,34.12,34.12
2025-02-12 18:16:16,98399319-4d5d-481f-9244-2841ff4f4cc9,Retail,Storage,128GB USB Flash Drive,1,22.61,22.61
2025-02-12 19:25:48,279d076c-26ba-4393-8931-27cfd6898913,B2B,Keyboards,Membrane Office Keyboard,1,25.21,25.21
2025-02-12 17:30:16,dce28a88-aace-4be5-90de-93c209621a3f,B2B,Networking,Powerline Ethernet Adapter,1,61.26,61.26
2025-02-12 20:25:47,7d96be16-b700-4703-aeeb-c01445521336,B2B,Keyboards,Compact 60% Keyboard,2,72.21,144.42
2025-02-12 11:06:13,e2324b21-2221-497d-9042-e32a10acef3f,Retail,Headsets,USB Conference Headset,1,63.86,63.86
2025-02-12 18:44:43,72c433e9-84ce-4357-b866-b6ab50e70815,Web,Storage,1TB NVMe SSD,1,99.35,99.35
2025-02-12 16:59:38,f809a5ab-205c-4fe0-844b-61d93d7705f5,Web,Headsets,Noise-Cancelling Gaming Headset,1,88.42,88.42
2025-02-12 14:05:38,c778f3f4-5dd5-428e-92d0-d4af1c972534,Retail,Keyboards,Mechanical Gaming Keyboard,1,112.21,112.21
2025-02-12 13:45:38,7e034d77-8aaa-4566-b641-c4410fef620f,Web,Keyboards,Wireless Ergonomic Keyboard,1,100.24,100.24
2025-02-12 16:00:12,f99f99ea-8530-4093-9c20-5a940783049a,B2B,Storage,128GB USB Flash Drive,3,16.08,48.24
2025-02-12 12:39:10,43fa3b45-0a1c-4f90-b91d-d0e65120f8e4,Retail,Monitors,15.6-inch Portable USB-C Monitor,1,158.84,158.84
2025-02-12 09:10:05,1dcb4fb4-9500-4466-b681-a9a605a91495,Retail,Networking,Powerline Ethernet Adapter,1,47.39,47.39
2025-02-12 17:00:47,842fa3aa-2e1e-493a-8653-a6a5b63c7149,Web,Storage,1TB NVMe SSD,1,102.19,102.19
2025-02-12 17:58:37,e09f7c18-15c6-4fcb-8a6c-af24922f196c,Retail,Mice,Vertical Ergonomic Mouse,2,42.18,84.36
2025-02-12 09:16:11,111921b1-d109-420f-8d1f-16ea773b7a3a,Web,Headsets,Noise-Cancelling Gaming Headset,1,125.13,125.13
2025-02-12 17:18:21,a4ddeaec-76f8-43c8-be92-957230675e7b,B2B,Networking,USB Wi-Fi Adapter,1,37.82,37.82
2025-02-12 18:16:44,0aba51f6-4496-4f91-9b08-3346e7315eaa,Retail,Headsets,Wireless Bluetooth Headphones,1,80.7,80.7
2025-02-12 12:48:21,8ebecd51-13e3-4fa4-bef0-d7b6c8560172,Retail,Networking,USB Wi-Fi Adapter,1,39.5,39.5
2025-02-12 16:07:16,032f5069-c6cd-44e2-872c-61b946281671,B2B,Keyboards,Wireless Ergonomic Keyboard,1,75.53,75.53
2025-02-12 12:43:44,fe0c9b46-4a79-41eb-948f-145fde258987,Retail,Mice,Optical Gaming Mouse,1,44.84,44.84
2025-02-12 13:15:18,b3eba4b0-54df-4409-b50b-33ac69413977,B2B,Keyboards,RGB Backlit Keyboard,1,76.54,76.54
2025-02-12 14:04:35,f263d571-5462-4b91-bee8-3fe1313d4f9f,Retail,Networking,USB Wi-Fi Adapter,1,31.53,31.53
2025-02-12 11:47:43,827a7d6a-92f9-455c-b59b-4f21d6d218eb,Web,Networking,USB Wi-Fi Adapter,1,37.67,37.67
2025-02-12 12:15:47,d3640839-921a-42a5-88ee-e4b6d7fd4521,Retail,Mice,Optical Gaming Mouse,1,60.02,60.02
2025-02-13 10:43:42,caa719b2-8e09-4265-bc06-766aad605bb5,Web,Headsets,USB Conference Headset,1,61.1,61.1
2025-02-13 17:02:54,3007693f-7d94-4995-836b-93c236559029,B2B,Headsets,Wireless Bluetooth Headphones,1,124.81,124.81
2025-02-13 18:55:17,ac46d112-3a9d-4728-93ee-81f1582db578,B2B,Headsets,USB Conference Headset,1,40.13,40.13
2025-02-13 12:48:36,01bda825-eb75-403d-baa4-9fe950e2184c,B2B,Keyboards,Compact 60% Keyboard,1,57.63,57.63
2025-02-13 17:22:25,4d3c0021-f7cc-4730-bcaf-2987f6794272,Web,Storage,4TB Desktop HDD,1,123.38,123.38
2025-02-13 17:29:20,e087527e-4685-4629-a9fc-57e08b704c66,Web,Storage,1TB NVMe SSD,1,101.45,101.45
2025-02-13 13:11:35,8e128177-4bf2-415a-a8fc-e08d5d7795af,Retail,Mice,Optical Gaming Mouse,1,65.59,65.59
2025-02-13 14:11:31,cc49fdda-dd1c-4be7-909a-6cb5f64fe13a,Retail,Headsets,Noise-Cancelling Gaming Headset,1,95.43,95.43
2025-02-13 13:28:11,ccef1422-8525-4e76-a6c8-0437c9941b1f,B2B,Headsets,In-Ear Gaming Earbuds,1,49.87,49.87
2025-02-13 10:46:17,c805f171-bc5b-4908-85cb-aa337c3366c6,B2B,Storage,512GB Portable SSD,1,88.46,88.46
2025-02-13 11:30:51,56bfe52a-b775-4fe6-a2a4-f85be3ca3c88,Retail,Keyboards,Mechanical Gaming Keyboard,1,160.09,160.09
2025-02-13 19:33:34,0c992159-9a64-4945-a523-3c06f283e37e,Retail,Storage,1TB NVMe SSD,2,76.22,152.44
2025-02-13 20:10:03,cddf332c-9b4c-4ede-85ed-9cfad6d29fad,Retail,Mice,Optical Gaming Mouse,1,55.82,55.82
2025-02-13 16:47:21,50d55e41-d240-482c-b57f-52a08cad51da,Retail,Mice,Optical Gaming Mouse,1,59.89,59.89
2025-02-13 10:22:55,ff1da709-d802-4acd-af94-b5ae72524320,B2B,Monitors,15.6-inch Portable USB-C Monitor,1,185.99,185.99
2025-02-13 18:41:41,e0c4f5e9-f997-4998-ab3b-76a941f8f9a7,Retail,Headsets,Surround Sound Headphones,1,129.26,129.26
2025-02-13 20:28:56,3cbe667b-31fe-4fa8-b1b6-6286bb4e0326,B2B,Keyboards,Wireless Ergonomic Keyboard,1,77.7,77.7
2025-02-13 19:09:55,7a841d19-49f1-496b-8aac-5210af2b8893,Retail,Keyboards,Membrane Office Keyboard,1,26.11,26.11
2025-02-14 13:56:28,e8d2c663-f2c3-46fb-be02-41906ef4be5d,Retail,Storage,512GB Portable SSD,1,63.08,63.08
2025-02-14 09:08:46,a7ffaa60-8b02-479e-ac09-4de63cce4995,Retail,Mice,Optical Gaming Mouse,1,61.85,61.85
2025-02-14 10:13:10,fb4c8fbd-2ba1-44e5-befa-f1537091e4d0,Web,Mice,Trackball Mouse,2,77.34,154.68
2025-02-14 15:33:48,82d64b8e-4ddb-4e37-ab1f-d939b1fa19eb,Web,Networking,Powerline Ethernet Adapter,1,59.16,59.16
2025-02-14 11:05:41,3c1db231-d980-4c36-acf0-b2920b9a5cf1,Retail,Networking,USB Wi-Fi Adapter,1,30.07,30.07
2025-02-14 19:08:08,d0f83ed9-0bf4-431c-9a3b-a1fbc3169464,Web,Headsets,Surround Sound Headphones,2,156.34,312.68
2025-02-14 19:22:55,b2a6614b-51a9-420f-a300-78fa73cdb7a7,Retail,Networking,Gigabit Ethernet Switch,1,66.08,66.08
2025-02-14 17:28:08,ea7dd77d-504a-4c84-95cf-ff83a803e055,B2B,Networking,Network Attached Storage (NAS),1,279.99,279.99
2025-02-14 18:38:29,570a3f72-0bb7-4268-a74b-d9f1b3081a05,B2B,Monitors,24-inch 144Hz Gaming Monitor,2,167.53,335.06
2025-02-14 17:19:58,a1fcaf86-a595-44f3-b21d-d4e2e868941a,B2B,Mice,Vertical Ergonomic Mouse,2,54.53,109.06
2025-02-15 11:19:00,c7c21f77-d174-437a-a40c-891465f83fdd,Web,Keyboards,Mechanical Gaming Keyboard,1,128.09,128.09
2025-02-15 16:48:30,c4f2b41b-5037-44f8-a2d1-1893bd8cf740,Retail,Mice,Wireless Bluetooth Mouse,1,40.19,40.19
2025-02-15 09:35:23,4ef80e69-a37b-4b69-b5b4-d76917017797,B2B,Keyboards,Membrane Office Keyboard,1,30.0,30.0
2025-02-15 19:24:53,5e1891b3-de0f-41c7-b055-33a36cab3554,Retail,Mice,Precision Laser Mouse,2,89.0,178.0
2025-02-15 17:48:51,3047c0da-d4b0-4ace-9467-be4226647457,B2B,Networking,Gigabit Ethernet Switch,1,46.43,46.43
2025-02-15 13:26:12,71ae0e72-347c-4988-b4b8-8d88d8037f4c,Web,Storage,128GB USB Flash Drive,2,26.43,52.86
2025-02-15 16:39:28,03fce184-9d2e-4fd9-b976-f612416f005a,B2B,Mice,Wireless Bluetooth Mouse,1,52.19,52.19
2025-02-15 09:11:06,12b3bc29-7c96-459f-9124-9bb048d87545,Web,Mice,Wireless Bluetooth Mouse,1,53.99,53.99
2025-02-15 12:05:09,e50f4e41-6487-43b9-ab11-82b2885d7123,Web,Keyboards,Mechanical Gaming Keyboard,1,119.84,119.84
2025-02-15 14:29:44,1a878fc0-48b8-4081-9d10-79ac1fadb028,Retail,Storage,512GB Portable SSD,2,89.91,179.82
2025-02-15 11:03:17,7451e2b2-cc98-44df-8eb7-1718cfa3a0dd,Web,Storage,512GB Portable SSD,1,77.21,77.21
2025-02-15 15:53:00,805ae5ad-b175-4d40-a12d-27d819f68581,B2B,Keyboards,Compact 60% Keyboard,2,65.37,130.74
2025-02-15 16:15:47,0333cdf5-9c50-4837-94fb-42c9e122195a,Web,Networking,Powerline Ethernet Adapter,1,61.91,61.91
2025-02-15 12:30:24,677c341b-96d4-4064-9a20-48a7f5f81406,Retail,Monitors,15.6-inch Portable USB-C Monitor,2,143.9,287.8
2025-02-15 11:40:46,3daf119d-66c0-44dc-a130-671877e7c715,B2B,Keyboards,Mechanical Gaming Keyboard,1,129.54,129.54
2025-02-15 12:23:56,be7374bc-a937-4fec-a03b-c5309574489f,B2B,Keyboards,Wireless Ergonomic Keyboard,2,107.11,214.22
2025-02-15 10:15:40,a99f5898-264c-4f45-a7d7-0f31fe117e39,Web,Headsets,Noise-Cancelling Gaming Headset,1,118.51,118.51
2025-02-16 14:49:05,daad6de3-e4cc-4686-b9d9-e83d53459b95,Retail,Mice,Optical Gaming Mouse,2,64.97,129.94
2025-02-16 19:03:03,30333996-4edb-4f16-a0a0-5e3eafaafa4b,Web,Mice,Vertical Ergonomic Mouse,1,54.09,54.09
2025-02-16 17:50:41,ad0b966a-1010-420e-8ab3-442f900d9939,Retail,Storage,2TB External HDD,2,86.2,172.4
2025-02-16 15:22:46,f5942f6f-09e2-47f6-b822-cd13267896b5,Web,Keyboards,Compact 60% Keyboard,1,62.27,62.27
2025-02-16 20:31:12,cf05060d-22d8-4a59-80ba-7715d87e3ff4,B2B,Headsets,In-Ear Gaming Earbuds,1,42.23,42.23
2025-02-16 20:29:17,9996a090-544f-4a5d-9975-5f855f598095,B2B,Storage,4TB Desktop HDD,1,130.53,130.53
2025-02-16 13:52:16,f28900a6-12bb-4c94-888d-8a93b2564cb9,Retail,Headsets,In-Ear Gaming Earbuds,2,41.69,83.38
2025-02-16 19:32:24,4d9b5427-2c06-42cb-a32c-5204024d81c0,Web,Storage,2TB External HDD,1,72.31,72.31
2025-02-16 10:42:34,bb642fc9-5a90-4b16-9a6c-520c91726e8d,Web,Storage,128GB USB Flash Drive,1,17.58,17.58
2025-02-16 17:09:39,19387f37-4936-46c3-bc7b-44f9137c7183,Retail,Mice,Wireless Bluetooth Mouse,1,37.05,37.05
2025-02-16 11:11:55,0dd439f4-ba21-4465-abd0-b1cd43ce23e4,Web,Keyboards,Mechanical Gaming Keyboard,1,129.18,129.18
2025-02-16 10:02:36,c0a1da96-051e-4180-ba69-7871b6a76423,Retail,Monitors,24-inch 144Hz Gaming Monitor,1,158.62,158.62
2025-02-16 13:03:23,4cec1026-1b51-461e-94ae-6372d5c78b88,B2B,Mice,Optical Gaming Mouse,2,57.48,114.96
2025-02-16 12:41:31,fbb9f91f-6c79-4598-a6d0-88c06653782b,Web,Networking,Gigabit Ethernet Switch,1,43.91,43.91
2025-02-16 20:56:26,06d9f45a-1b9c-4dd2-993c-d98207a1a610,B2B,Storage,128GB USB Flash Drive,2,17.09,34.18
2025-02-16 17:02:46,7196f9a1-b02a-440a-8e2c-63dcbde6cd41,Retail,Keyboards,Wireless Ergonomic Keyboard,2,93.08,186.16
2025-02-16 10:46:14,d64cc065-f80a-42fa-a900-db32c9f1f6c3,Web,Headsets,Surround Sound Headphones,2,163.65,327.3
2025-02-17 19:29:44,2e821e2b-a8d1-453a-a3d4-3d6aa832a799,Web,Monitors,15.6-inch Portable USB-C Monitor,1,162.24,162.24
2025-02-17 11:35:25,4b3831ae-c281-421f-9a28-d5ce3a30422b,B2B,Headsets,USB Conference Headset,2,58.64,117.28
2025-02-17 14:57:20,73c7593d-9750-40db-8d45-c3fae8db8ddf,Retail,Headsets,In-Ear Gaming Earbuds,1,39.92,39.92
2025-02-17 15:48:40,30240c2e-47ec-48a3-89d7-efdac80fe0f2,B2B,Headsets,Noise-Cancelling Gaming Headset,1,121.31,121.31
2025-02-17 15:49:35,dad7fa7a-54b2-4c58-8fb0-0e4ad836bfd5,Retail,Networking,Gigabit Ethernet Switch,1,62.53,62.53
2025-02-17 16:28:25,1168127a-9069-4d1d-b294-c4ba4dd58eac,Web,Keyboards,Mechanical Gaming Keyboard,1,115.06,115.06
2025-02-17 13:00:19,16e01d3c-7745-4810-85fd-c94d9c8913a6,Web,Networking,Powerline Ethernet Adapter,1,51.79,51.79
2025-02-17 09:49:52,83ffc57e-c129-4697-a4c8-ae53d4f0a8a6,Retail,Networking,USB Wi-Fi Adapter,1,22.21,22.21
2025-02-17 18:09:06,fac146af-e234-481c-94bd-eced868456ba,Retail,Keyboards,Mechanical Gaming Keyboard,2,128.61,257.22
2025-02-17 13:23:56,b4b0d05d-63af-4d3d-8dac-a0e7669ded75,Web,Monitors,27-inch 4K IPS Monitor,1,325.74,325.74
2025-02-17 18:58:13,50b27709-506e-46b8-be2e-79c8faf9bf7c,B2B,Storage,2TB External HDD,2,94.82,189.64
2025-02-17 16:52:57,59ecc6da-dad7-47d6-9ae6-cfa5221e8d7d,B2B,Storage,1TB NVMe SSD,2,87.4,174.8
2025-02-17 18:24:05,b2a5d8fa-522a-4751-9fe9-6c8ab0745d7b,Retail,Storage,512GB Portable SSD,2,67.41,134.82
2025-02-17 15:59:55,26717573-ada2-4718-81cd-fd53cea226ab,Web,Keyboards,RGB Backlit Keyboard,1,93.44,93.44
2025-02-17 19:49:40,ddedd8f0-87a5-45b3-a699-daf773dbd1d7,Retail,Mice,Precision Laser Mouse,1,48.99,48.99
2025-02-17 18:09:20,f8a6ec7f-8a53-4539-82a4-5160f32eddf8,Web,Headsets,USB Conference Headset,2,37.26,74.52
2025-02-17 16:48:38,2c3ab456-7070-45df-aaf5-bfb91a9aa1b4,Web,Headsets,In-Ear Gaming Earbuds,2,27.99,55.98
2025-02-17 13:50:25,a636be19-f57c-474b-ab24-ed144dc56320,Retail,Keyboards,Compact 60% Keyboard,2,67.12,134.24
2025-02-17 15:16:05,95631176-6669-464f-990f-f5806ff2e5a6,Retail,Mice,Trackball Mouse,1,78.33,78.33
2025-02-17 11:30:35,b613620a-c3fe-4264-b66a-6e62c3fccf97,Retail,Keyboards,Membrane Office Keyboard,1,32.29,32.29
2025-02-17 20:33:15,8c988de9-ae12-44a4-a99b-bddd1467aa12,Retail,Mice,Optical Gaming Mouse,1,73.04,73.04
2025-02-17 18:05:07,7f4a5d17-94a4-4e5e-af85-342eef106004,Retail,Monitors,15.6-inch Portable USB-C Monitor,1,190.06,190.06
2025-02-17 19:01:49,d00aa094-eeb6-4dd2-9df0-d16846f1db76,Retail,Mice,Wireless Bluetooth Mouse,1,46.83,46.83
2025-02-18 09:15:39,f0b6f998-8e01-4344-8026-2e4632a66add,Retail,Networking,Gigabit Ethernet Switch,2,61.98,123.96
2025-02-18 20:51:07,127d614a-e197-4816-9787-b70966b50326,Retail,Mice,Wireless Bluetooth Mouse,2,34.74,69.48
2025-02-18 17:48:16,d00ff89f-770a-4586-93b7-c51412a2ed35,B2B,Headsets,In-Ear Gaming Earbuds,1,38.87,38.87
2025-02-18 11:44:44,2fc84181-1bee-4c36-bf98-154c49d1d326,Retail,Monitors,15.6-inch Portable USB-C Monitor,1,175.37,175.37
2025-02-18 11:03:18,6b3b7144-a63a-4956-97cd-c2cbd83c0405,B2B,Keyboards,Membrane Office Keyboard,1,28.71,28.71
2025-02-18 09:29:41,74c2e0cb-8839-4fc9-9f8f-8e805a0b1832,Web,Networking,USB Wi-Fi Adapter,1,28.42,28.42
2025-02-18 19:23:55,2f1eaf78-0f51-4f28-b6aa-e3b7728c2dda,Retail,Keyboards,RGB Backlit Keyboard,1,99.37,99.37
2025-02-18 19:24:14,99b59aa0-08ab-489e-a3dd-2461546929ac,B2B,Networking,Powerline Ethernet Adapter,1,68.46,68.46
2025-02-18 18:34:05,3fd0ed29-d96c-405f-86fb-22ab1962ab5b,B2B,Keyboards,Membrane Office Keyboard,1,32.54,32.54
2025-02-18 17:59:45,39076216-4be1-4f7d-97c9-4a28c80abfc4,Web,Keyboards,Mechanical Gaming Keyboard,1,124.1,124.1
2025-02-18 20:10:01,e314229b-e1a6-49a2-b4b3-be1d0485022e,Retail,Mice,Vertical Ergonomic Mouse,1,58.73,58.73
2025-02-18 17:17:51,b89beafd-3e75-46bf-b629-3ed9115b8848,Retail,Keyboards,Wireless Ergonomic Keyboard,1,107.01,107.01
2025-02-18 09:35:17,858d3675-92ff-4fb7-afa4-717ed93e0cd4,Retail,Mice,Optical Gaming Mouse,1,48.32,48.32
2025-02-18 10:46:24,9ebafbca-c7ee-47ff-be17-60f07050a56a,B2B,Headsets,Surround Sound Headphones,1,129.86,129.86
2025-02-18 12:36:09,cbe2b690-93cc-4793-9882-5ea4eb0dc9d0,Retail,Headsets,Noise-Cancelling Gaming Headset,1,110.82,110.82
2025-02-18 14:28:34,c2a46a73-11a2-4ca4-bd9f-2407ebec4a05,B2B,Keyboards,Compact 60% Keyboard,2,52.65,105.3
2025-02-18 11:19:44,dedd37a7-afbb-4cc6-9f65-c21a84fcb6cb,B2B,Storage,1TB NVMe SSD,1,83.07,83.07
2025-02-18 11:41:59,a5474997-79cb-4e2c-be0d-3a05d89f61cc,Web,Headsets,In-Ear Gaming Earbuds,1,27.99,27.99
2025-02-18 10:11:20,684e0c48-49ee-4a6d-93da-50dda1011a55,Web,Storage,128GB USB Flash Drive,1,16.55,16.55
2025-02-18 15:26:19,2747764f-9418-418f-8828-a525bad91ca5,B2B,Headsets,Wireless Bluetooth Headphones,1,96.11,96.11
2025-02-18 10:08:11,bfa2c977-8738-4119-a35d-b995fd6ecb43,B2B,Keyboards,Mechanical Gaming Keyboard,1,155.77,155.77
2025-02-18 18:36:39,d4c47c21-cb06-4cee-9e90-c2ed314860fa,Web,Mice,Optical Gaming Mouse,3,75.26,225.78
2025-02-18 11:32:54,75acba7a-2182-4c52-9c69-ab5d7375f1f4,B2B,Monitors,27-inch 4K IPS Monitor,1,399.98,399.98
2025-02-19 19:12:48,4b2dda29-3391-4f98-9fce-caf52afc123b,Web,Keyboards,Membrane Office Keyboard,1,35.06,35.06
2025-02-19 16:55:39,5a8ec3e5-ed4c-4b75-9ce8-00f041167226,Retail,Headsets,USB Conference Headset,1,56.42,56.42
2025-02-19 09:38:47,f9b0826c-08ee-4a62-9bfd-24aed007a51e,B2B,Storage,128GB USB Flash Drive,2,17.25,34.5
2025-02-19 20:36:38,e8ddd08a-540f-4c34-bcc6-c749b360902c,B2B,Headsets,Surround Sound Headphones,1,145.57,145.57
2025-02-19 16:29:52,d0f83bdd-be31-4102-a4e4-c940700436b3,Web,Storage,4TB Desktop HDD,1,96.39,96.39
2025-02-19 20:02:35,403adac9-4ac3-409b-8705-98db4b027195,B2B,Mice,Precision Laser Mouse,1,48.99,48.99
2025-02-19 13:29:10,fccf4a1a-c9bc-4a4c-ac0b-8ee6ee4c0920,B2B,Headsets,Noise-Cancelling Gaming Headset,1,133.85,133.85
2025-02-19 20:33:57,13409faa-be39-4e14-92dd-080dd4c8db41,B2B,Keyboards,Compact 60% Keyboard,1,69.15,69.15
2025-02-19 18:57:44,a6cc0b3f-c134-4f26-bdcc-fc09f5b222c6,Retail,Headsets,In-Ear Gaming Earbuds,1,36.61,36.61
2025-02-19 16:01:11,ef3bc71e-4a86-4712-ae7b-72bebeedd5a2,B2B,Headsets,Wireless Bluetooth Headphones,1,104.81,104.81
2025-02-19 14:44:41,dc8229b8-efe1-47fd-8e41-29ddb4659bf0,Web,Networking,Gigabit Ethernet Switch,1,47.06,47.06
2025-02-19 10:05:07,57d8c014-b7cf-464f-b786-545a92222a2e,B2B,Storage,1TB NVMe SSD,1,70.18,70.18
2025-02-19 17:39:10,58024273-7719-4b2f-8906-52102cda2ece,Retail,Mice,Precision Laser Mouse,2,84.12,168.24
2025-02-19 14:36:55,664dae40-bae2-4e59-b590-d6ca87875d50,Web,Monitors,24-inch 144Hz Gaming Monitor,1,262.1,262.1
2025-02-19 09:26:19,ccecfe83-3c91-410c-b381-997e84e11ce0,Retail,Mice,Wireless Bluetooth Mouse,2,50.79,101.58
2025-02-19 11:12:00,08b63d97-7bc8-450e-a1ed-1f2efc62a4e9,Retail,Monitors,34-inch Ultrawide Curved Monitor,1,405.99,405.99
2025-02-19 09:38:56,4201870a-d752-4179-8efa-2a031e4b4982,Web,Headsets,USB Conference Headset,1,50.13,50.13
2025-02-19 16:29:26,366185a8-f37b-41ab-950b-74345da195a7,B2B,Headsets,Wireless Bluetooth Headphones,1,100.62,100.62
2025-02-19 18:40:35,98c16914-c305-44fb-84d8-aa9107ce731c,Web,Storage,128GB USB Flash Drive,2,25.02,50.04
2025-02-19 19:22:02,8dfa8ec0-b720-4163-84b3-1d7eadfb2124,Web,Keyboards,Compact 60% Keyboard,1,74.41,74.41
2025-02-19 10:03:06,7ca1691f-811a-4ae5-994b-9a9509651464,Web,Headsets,Noise-Cancelling Gaming Headset,2,107.09,214.18
2025-02-19 13:39:42,6957efec-4c9e-45b8-9bf0-dd7981198137,B2B,Storage,1TB NVMe SSD,1,114.39,114.39
2025-02-19 14:59:02,352d0c92-9d01-4c3e-b197-e87716b02b7f,Retail,Keyboards,RGB Backlit Keyboard,1,76.49,76.49
2025-02-20 12:44:13,e36218dc-6406-4bc1-b576-9f4a3bee8d66,Web,Monitors,34-inch Ultrawide Curved Monitor,1,609.93,609.93
2025-02-20 19:33:05,2e5303d8-225e-4463-9121-b0f0a88f02b7,B2B,Headsets,Wireless Bluetooth Headphones,1,105.57,105.57
2025-02-20 15:38:54,14b29b77-16af-42e2-ae98-d2c0266e93aa,B2B,Mice,Wireless Bluetooth Mouse,1,27.99,27.99
2025-02-20 11:39:36,77ae2f79-c930-4abe-8c68-efbbd90b994c,B2B,Headsets,USB Conference Headset,1,44.96,44.96
2025-02-20 18:14:45,fe6a4eac-47e7-4acc-91bd-c95b1e54f4c5,Web,Mice,Wireless Bluetooth Mouse,3,40.23,120.69
2025-02-20 19:50:07,c98b36f4-0ed6-4ffc-8bff-58f0a9acfe1e,Web,Storage,2TB External HDD,1,70.71,70.71
2025-02-20 17:51:40,794003a5-3059-47ce-b9d5-d6490f860e77,B2B,Mice,Optical Gaming Mouse,2,64.62,129.24
2025-02-20 10:19:19,83e93e14-3f93-4bd8-9047-237dc6d13423,Retail,Headsets,USB Conference Headset,1,55.43,55.43
2025-02-20 15:46:36,b3cd58fd-29d6-495b-b0cb-93debf44874d,Web,Monitors,34-inch Ultrawide Curved Monitor,1,547.23,547.23
2025-02-21 17:57:21,79d69310-2c9c-41c9-ba9d-b1fba3a15996,Retail,Headsets,Wireless Bluetooth Headphones,1,101.79,101.79
2025-02-21 09:53:33,cc101865-40aa-4cd2-8729-e33577298cd8,B2B,Mice,Wireless Bluetooth Mouse,1,50.42,50.42
2025-02-21 14:51:58,c9ce600a-5509-429d-a132-b8db52bab88f,Retail,Networking,Wireless Mesh Router System,2,257.69,515.38
2025-02-21 11:17:53,42734111-2fa3-4a9d-8b7c-daa9e8c7898c,Retail,Keyboards,Mechanical Gaming Keyboard,1,140.69,140.69
2025-02-21 15:11:38,2c6a31ad-c82a-4a69-926b-9fb56545848b,Retail,Keyboards,RGB Backlit Keyboard,1,69.11,69.11
2025-02-21 14:45:02,9e90e341-c719-465b-9c70-d71a14602ebb,Web,Mice,Wireless Bluetooth Mouse,1,27.99,27.99
2025-02-21 12:33:19,92478933-9eaa-4fc2-be8e-dd41e7aba38b,Retail,Keyboards,Membrane Office Keyboard,1,33.64,33.64
2025-02-21 12:58:05,6f2b202a-7473-4375-b1df-f577ecdb3cce,Web,Headsets,Wireless Bluetooth Headphones,1,107.17,107.17
2025-02-21 14:59:30,391e80a7-ff02-4524-aeed-be4fc75223a4,B2B,Storage,2TB External HDD,2,76.09,152.18
2025-02-21 10:52:33,684d6272-7403-4467-84f4-666e7ec213ce,Web,Monitors,15.6-inch Portable USB-C Monitor,1,208.92,208.92
2025-02-21 17:07:00,db947ae9-b21e-4911-9308-bcd3f3e053de,Web,Mice,Wireless Bluetooth Mouse,1,41.79,41.79
2025-02-22 12:20:12,1af3ee95-f8ec-4ad7-814c-2e19b797b5dc,Retail,Keyboards,Membrane Office Keyboard,1,26.35,26.35
2025-02-22 16:42:07,d86c555a-76c1-4834-82eb-7be380f07818,Web,Mice,Wireless Bluetooth Mouse,3,33.11,99.33
2025-02-22 12:34:22,23bd518f-0a7b-4873-a60e-ccee81e64406,Retail,Headsets,In-Ear Gaming Earbuds,2,34.12,68.24
2025-02-22 20:51:18,7ff8b5ec-b959-4ea9-9e4e-7636d2e4a275,Web,Headsets,In-Ear Gaming Earbuds,2,35.17,70.34
2025-02-22 16:03:08,0db4d76c-b28a-41dd-b8c3-ae3da0a2993e,B2B,Keyboards,Mechanical Gaming Keyboard,2,121.08,242.16
2025-02-22 15:03:05,01c2af17-6ef7-4fcb-b55a-0310cefeba54,Web,Headsets,Noise-Cancelling Gaming Headset,1,139.66,139.66
2025-02-22 20:44:28,219d301a-3da4-473b-a7c5-27279267dc34,Retail,Monitors,34-inch Ultrawide Curved Monitor,1,428.83,428.83
2025-02-22 12:45:48,21feaf23-a694-4282-b24f-cf828e95ca4e,B2B,Monitors,15.6-inch Portable USB-C Monitor,1,225.12,225.12
2025-02-22 18:08:05,62f36ffa-320a-4c90-9cd0-64c6901158fd,B2B,Storage,128GB USB Flash Drive,1,16.82,16.82
2025-02-22 19:41:45,791b2db0-0a2a-4c2d-a128-1bdf47395eae,Retail,Storage,512GB Portable SSD,2,80.67,161.34
2025-02-22 14:25:11,6d9ea6db-9402-40ef-9ae3-f4ff6ba66e4b,B2B,Storage,1TB NVMe SSD,2,74.07,148.14
2025-02-22 14:29:31,f10fc9b3-ab58-4a0e-a439-c4655a861198,Retail,Keyboards,Mechanical Gaming Keyboard,2,101.25,202.5
2025-02-22 13:49:22,c4ed8088-785b-46b7-b549-e71b625068bb,Web,Monitors,27-inch 4K IPS Monitor,1,365.5,365.5
2025-02-22 15:52:45,cc60c456-884b-49b7-8e88-3d4533a3b14a,Retail,Storage,512GB Portable SSD,1,65.7,65.7
2025-02-23 12:35:10,fcb2653b-388a-407c-83ba-c8bb3778175a,Retail,Networking,Network Attached Storage (NAS),2,484.2,968.4
2025-02-23 12:52:44,5fd8a030-a311-4fb2-8939-c1c26dcecf97,Retail,Monitors,27-inch 4K IPS Monitor,1,299.43,299.43
2025-02-23 11:42:42,ba2636ca-3a50-468a-b340-ffd083c002dd,B2B,Keyboards,Wireless Ergonomic Keyboard,1,105.45,105.45
2025-02-23 16:07:37,1f4ee373-b3d6-477e-9090-04ab920b7727,Retail,Monitors,27-inch 4K IPS Monitor,1,366.32,366.32
2025-02-23 15:04:38,0af5dc6d-1eed-4d87-8465-e7ac366f7e1a,B2B,Keyboards,RGB Backlit Keyboard,1,74.39,74.39
2025-02-23 15:20:31,b6225d52-579c-4315-8eef-b296de228ac4,Web,Monitors,24-inch 144Hz Gaming Monitor,1,254.16,254.16
2025-02-23 19:51:00,e66785bb-7d09-4f86-a96e-fc418fae33fd,B2B,Storage,2TB External HDD,2,57.11,114.22
2025-02-23 15:39:36,28295ebc-5074-4cd7-b4f1-1cdb82fdcaec,Web,Headsets,Wireless Bluetooth Headphones,1,92.07,92.07
2025-02-23 19:19:58,211bad14-b2c7-45e0-b59a-032326b91ba6,Retail,Networking,USB Wi-Fi Adapter,1,37.12,37.12
2025-02-24 09:00:45,0d0c3438-d9ae-4a80-a3a7-848a7f66c846,Retail,Headsets,In-Ear Gaming Earbuds,2,44.19,88.38
2025-02-24 13:55:01,1774c92c-fcdf-4bd7-ace3-941280cc4d7c,B2B,Mice,Optical Gaming Mouse,1,57.56,57.56
2025-02-24 15:34:13,1a408658-4cd3-467b-8f4d-4b642ac0c897,Retail,Monitors,32-inch 8K Professional Monitor,1,1151.28,1151.28
2025-02-24 17:24:53,110dc25d-6c03-4a09-8eb1-1552c516807a,Retail,Networking,Gigabit Ethernet Switch,2,64.88,129.76
2025-02-24 11:00:04,e69c12ea-e2e9-4bd9-92dd-e4f89032c4a9,Web,Monitors,24-inch 144Hz Gaming Monitor,1,219.04,219.04
2025-02-25 18:59:27,53a398fb-9e5c-413a-8f96-3d6c04790a5e,Retail,Monitors,34-inch Ultrawide Curved Monitor,1,435.33,435.33
2025-02-25 17:52:28,2b1c8b59-3d50-4fc6-8420-e4daf211e467,Web,Mice,Precision Laser Mouse,2,49.48,98.96
2025-02-25 12:45:32,a797af76-6d83-46dc-b742-618d81626f47,B2B,Mice,Optical Gaming Mouse,2,50.88,101.76
2025-02-25 09:36:30,9f90ead2-d2bf-490b-9758-de617e504b28,Web,Storage,1TB NVMe SSD,1,111.26,111.26
2025-02-25 17:54:48,604aaa5c-959d-49dc-9ff0-389ae2c38af7,Retail,Storage,512GB Portable SSD,1,79.35,79.35
2025-02-25 18:05:15,96118631-e83d-410a-9be3-1d747906a8a4,B2B,Headsets,Wireless Bluetooth Headphones,1,88.86,88.86
2025-02-25 17:51:37,199dedc5-4da2-47d4-875b-a5b5718b97ae,Web,Mice,Wireless Bluetooth Mouse,1,29.4,29.4
2025-02-25 09:30:29,bd6dbcab-a94e-4712-9bff-ce0a7a6e40e7,Retail,Headsets,USB Conference Headset,1,46.33,46.33
2025-02-25 13:18:10,80018759-bec0-4676-bdaf-0a573c0fede2,B2B,Keyboards,Mechanical Gaming Keyboard,1,142.19,142.19
2025-02-25 20:50:36,e156a49c-0f5d-483d-820a-49af5faaf1ac,B2B,Mice,Optical Gaming Mouse,1,80.99,80.99
2025-02-25 20:39:01,13690873-e291-4e99-8c3f-fca7b2ac7073,Web,Mice,Wireless Bluetooth Mouse,3,47.76,143.28
2025-02-26 11:42:28,e1717d5e-f942-452e-80b8-2e820c325a36,Web,Mice,Precision Laser Mouse,2,70.51,141.02
2025-02-26 16:11:51,73d6af07-e3ff-484e-b385-b924e691342a,Web,Headsets,Surround Sound Headphones,1,149.65,149.65
2025-02-26 11:53:31,d2e46557-abc9-4327-b2ca-b10b0207a734,Retail,Storage,2TB External HDD,1,83.39,83.39
2025-02-26 16:46:40,6cd6cd73-e6a4-4fc8-b6dc-c44032909d73,B2B,Keyboards,Membrane Office Keyboard,1,25.96,25.96
2025-02-26 10:03:10,8d6b7d67-0ea0-4b14-9bf2-a181468870dc,Retail,Headsets,Wireless Bluetooth Headphones,1,117.77,117.77
2025-02-26 20:48:59,2d12e4cc-b144-47ad-b421-299096586d05,Retail,Headsets,Surround Sound Headphones,1,127.96,127.96
2025-02-26 17:55:27,36912b1f-695f-4575-8731-c547887a687c,Retail,Keyboards,Mechanical Gaming Keyboard,1,137.45,137.45
2025-02-26 14:33:43,3d45c8ad-b92c-4ac6-87fe-17bb1168b2d0,Web,Networking,USB Wi-Fi Adapter,1,20.99,20.99
2025-02-26 15:39:58,5ff939f6-9440-4bbe-be3d-f5c6022028d6,Retail,Monitors,24-inch 144Hz Gaming Monitor,1,153.99,153.99
2025-02-26 13:51:06,7fd42925-7495-462e-b953-125918fc1d33,B2B,Mice,Optical Gaming Mouse,1,59.9,59.9
2025-02-26 18:49:12,92668c0e-3f0a-45e3-a24d-34a395031682,B2B,Headsets,Surround Sound Headphones,1,107.43,107.43
2025-02-26 11:20:35,a0f05809-418c-4e7f-ade7-1713c123498f,Web,Keyboards,Mechanical Gaming Keyboard,1,136.77,136.77
2025-02-26 10:43:28,8d598835-648d-4c42-9dbf-a777ddb584ab,B2B,Mice,Vertical Ergonomic Mouse,2,50.26,100.52
2025-02-27 10:05:54,83dc9098-17c6-4071-a58b-618e51e20f64,Retail,Monitors,27-inch 4K IPS Monitor,1,244.99,244.99
2025-02-27 19:36:51,0ca321b9-0d33-44dd-af04-4ca79c96d19c,Web,Networking,USB Wi-Fi Adapter,1,29.85,29.85
2025-02-27 10:40:29,ed3ef765-6801-4ab7-9318-f19877f1a54a,Retail,Networking,Gigabit Ethernet Switch,1,61.2,61.2
2025-02-27 20:57:42,19d6aa6f-4060-4fd3-b14b-aff64aca277d,Retail,Storage,512GB Portable SSD,2,69.26,138.52
2025-02-27 15:21:03,a8fec576-e193-450d-9bca-dc717cb25ab0,Retail,Mice,Optical Gaming Mouse,3,63.53,190.59
2025-02-27 12:39:25,d7f76ad5-4ea5-4c02-828a-f7d1cb4a0870,Retail,Keyboards,Membrane Office Keyboard,2,24.85,49.7
2025-02-27 18:41:06,b69b2fd1-a16b-4d38-86fc-93ce98429a10,B2B,Networking,Gigabit Ethernet Switch,1,47.31,47.31
2025-02-27 09:04:04,23e7b7ef-a009-49cf-8581-15adb8e8104e,Retail,Headsets,In-Ear Gaming Earbuds,1,48.15,48.15
2025-02-27 19:40:00,798297a1-24b4-4d97-9e4d-67f3102acac7,B2B,Networking,USB Wi-Fi Adapter,1,30.82,30.82
2025-02-27 11:44:21,94bc5aa3-4327-4b15-b8ca-be8cc9e0f69d,B2B,Networking,Gigabit Ethernet Switch,2,45.47,90.94
2025-02-27 16:27:25,a44ac71c-0da3-4739-a373-4a88918358a6,Web,Storage,128GB USB Flash Drive,2,13.99,27.98
2025-02-27 20:52:49,f66454ab-49b5-4988-93f2-691994c6b6b9,B2B,Headsets,Wireless Bluetooth Headphones,1,113.48,113.48
2025-02-27 13:25:03,56e99a91-03d3-4d0f-9b5d-51e60ab93f5c,B2B,Monitors,24-inch 144Hz Gaming Monitor,1,218.09,218.09
2025-02-27 17:54:21,f63a0a28-8415-477f-85c2-ffff3d15e6fc,Retail,Keyboards,Wireless Ergonomic Keyboard,1,87.98,87.98
2025-02-28 14:31:05,feea5b3f-55cc-4d9c-902f-707781e22da2,Retail,Networking,Wireless Mesh Router System,1,270.88,270.88
2025-02-28 20:37:15,928cedba-b397-46b8-b271-1f329b7103f8,Web,Headsets,USB Conference Headset,1,54.03,54.03
2025-02-28 19:19:31,95f7c2a2-3f57-42cf-aaeb-a2d5158cf7ed,Retail,Headsets,Surround Sound Headphones,1,158.1,158.1
2025-02-28 14:50:46,4d79dfd7-a9e7-4579-bd17-f9e3de72d6ab,Web,Keyboards,Mechanical Gaming Keyboard,2,131.4,262.8
2025-02-28 19:42:33,f8f2d8e9-89be-4b08-af35-1e802ab96a8b,B2B,Headsets,Wireless Bluetooth Headphones,1,75.98,75.98
2025-02-28 12:59:04,734ac5d4-2786-4e3e-9822-2e575d18eeca,Web,Keyboards,Mechanical Gaming Keyboard,1,124.38,124.38
2025-02-28 09:30:58,275cf48d-87c9-417b-b306-6bda6804acbf,Web,Networking,Gigabit Ethernet Switch,2,48.98,97.96
2025-02-28 19:03:57,41578e35-e20d-42d0-8726-0522a8354521,Web,Mice,Wireless Bluetooth Mouse,1,38.9,38.9
2025-02-28 18:04:52,1edd10d6-fd02-4191-947e-cc44461d096c,Web,Storage,128GB USB Flash Drive,1,21.32,21.32
2025-02-28 15:21:51,39a2fe43-a5c6-4374-a198-b0ce5e248f7a,B2B,Storage,128GB USB Flash Drive,1,26.99,26.99
2025-02-28 19:36:34,4d921c27-72ee-4d87-822a-2ca56536c0d2,Web,Keyboards,Compact 60% Keyboard,1,62.45,62.45
2025-02-28 10:17:09,f66aa25d-bde4-4066-b8cb-480bafea1bcd,Web,Storage,2TB External HDD,1,74.0,74.0
2025-02-28 16:15:59,c0bb81bd-05cb-44d1-b4e6-c80d117b4787,Web,Monitors,27-inch 4K IPS Monitor,1,397.44,397.44
2025-02-28 11:01:56,86fe7595-5142-48cc-ad12-51fb58e39385,Web,Headsets,USB Conference Headset,2,40.97,81.94
2025-02-28 10:45:41,3e68234c-f1ef-4fa9-ba05-389b7227db2d,Retail,Monitors,27-inch 4K IPS Monitor,1,386.44,386.44
2025-02-28 20:08:13,5ede443b-3a30-44ba-b354-04f14d0a40cd,Retail,Keyboards,Compact 60% Keyboard,1,53.89,53.89
2025-02-28 15:15:11,af4817f6-5537-4bbd-8de4-3c646e5a2122,Web,Monitors,34-inch Ultrawide Curved Monitor,1,477.46,477.46
2025-02-28 10:40:52,31692225-8694-4375-adf1-238569675337,Retail,Storage,512GB Portable SSD,1,53.83,53.83
2025-02-28 12:07:33,5a065bb8-c1a2-4a4b-b3ef-55611cfc66b7,B2B,Networking,Powerline Ethernet Adapter,1,61.03,61.03
2025-03-01 19:59:02,5ec310e0-2cf5-4b4e-927d-024e70c59f26,Retail,Keyboards,Wireless Ergonomic Keyboard,1,80.06,80.06
2025-03-01 16:02:06,ac5fc649-df53-4bfe-973d-88fdbe114e46,B2B,Storage,2TB External HDD,2,84.31,168.62
2025-03-01 16:32:07,b1b29118-b8db-4ffb-8a78-6e78e455cbf4,Web,Keyboards,Wireless Ergonomic Keyboard,1,81.09,81.09
2025-03-01 12:47:43,e3d9ed74-4b07-4056-a84e-5019201f0438,Web,Networking,Gigabit Ethernet Switch,1,45.1,45.1
2025-03-01 14:14:06,4726c281-0a45-4623-a20b-36c6b0ba3f36,Retail,Mice,Optical Gaming Mouse,1,62.06,62.06
2025-03-01 16:03:56,6ae685ee-6304-49ee-854e-d29c48783ba2,Web,Headsets,Noise-Cancelling Gaming Headset,1,139.96,139.96
2025-03-01 16:11:24,e52b9a51-06f0-4bb8-9df1-5550cbe0c570,Retail,Mice,Precision Laser Mouse,1,77.96,77.96
2025-03-01 11:02:44,c2756898-a315-4071-9785-776b4618802a,Retail,Headsets,In-Ear Gaming Earbuds,2,39.27,78.54
2025-03-01 16:29:26,92e46137-4f08-44bb-b5a3-395d0134fc1b,Retail,Keyboards,Membrane Office Keyboard,2,29.17,58.34
2025-03-01 19:39:57,639cbaad-7710-414b-bd96-532dbc67b79e,B2B,Keyboards,Membrane Office Keyboard,1,32.79,32.79
2025-03-01 10:26:54,19f3a151-3ed8-47b5-b183-78d3be10aac4,Web,Headsets,Surround Sound Headphones,1,148.4,148.4
2025-03-01 20:27:47,04379346-2823-4d0f-8ce1-4ecdb6a18337,Web,Storage,4TB Desktop HDD,2,106.16,212.32
2025-03-01 18:09:58,f0521d84-ca29-4d54-8f2f-7391a11a8931,Web,Headsets,In-Ear Gaming Earbuds,1,53.99,53.99
2025-03-01 20:49:32,4b42e57b-47e9-419f-8574-6b2a10040a4c,B2B,Keyboards,Mechanical Gaming Keyboard,1,142.66,142.66
2025-03-01 20:52:06,9bf43b32-e24a-412f-a64b-3cb454c30ea5,Web,Headsets,Wireless Bluetooth Headphones,2,100.44,200.88
2025-03-01 15:13:08,3839ed4d-6949-4b21-a8fd-131911a74f45,Web,Mice,Vertical Ergonomic Mouse,2,37.7,75.4
2025-03-01 16:42:19,f4f36dad-178d-4b63-bc38-c777feca0256,Retail,Keyboards,Membrane Office Keyboard,1,29.97,29.97
2025-03-01 16:29:49,bc7d5ead-12a9-40fb-b4a8-c8b8f48b1b85,B2B,Keyboards,Compact 60% Keyboard,1,67.77,67.77
2025-03-01 14:40:29,6af99b72-7306-4c57-adf1-f5308b1a6b67,Web,Storage,1TB NVMe SSD,2,100.57,201.14
2025-03-01 09:18:27,90694b64-4924-4e8d-af59-2174aef338d5,B2B,Storage,2TB External HDD,1,73.29,73.29
2025-03-01 12:50:43,19bab085-dde7-4739-a3e5-994278bbed53,Retail,Keyboards,Wireless Ergonomic Keyboard,1,117.22,117.22
2025-03-02 11:41:35,bce2e058-2ca5-4358-9d1e-539c185e3ec7,B2B,Storage,1TB NVMe SSD,1,100.99,100.99
2025-03-02 10:41:30,1e6a2e8f-89bd-4fcf-8c78-8a48395a154c,B2B,Storage,2TB External HDD,1,78.95,78.95
2025-03-02 20:48:14,4a1fe798-7867-43d9-9c98-06444f6babc0,Retail,Mice,Wireless Bluetooth Mouse,1,47.27,47.27
2025-03-02 16:31:32,6b27c1e5-4d31-4d82-b8f4-8d270f40d6cf,Web,Headsets,Surround Sound Headphones,1,146.47,146.47
2025-03-02 17:43:52,c5616caf-1f38-49ba-b944-f23c014d9d44,Retail,Headsets,Surround Sound Headphones,1,119.77,119.77
2025-03-02 20:51:56,f28d8ca6-8ea8-4cc4-8965-5287a8872526,Retail,Keyboards,Wireless Ergonomic Keyboard,2,103.22,206.44
2025-03-02 15:57:11,9c4d0f1a-0680-49bf-abf4-c98676537b75,Web,Mice,Wireless Bluetooth Mouse,2,36.93,73.86
2025-03-02 12:33:40,4ac0f2ae-1918-421c-a245-5357c22d4d69,Retail,Keyboards,Mechanical Gaming Keyboard,1,113.38,113.38
2025-03-02 17:59:08,b8318415-6826-41b9-a05b-193bb2eff18f,Retail,Headsets,Wireless Bluetooth Headphones,1,92.34,92.34
2025-03-02 10:01:55,e661220f-18ee-4a07-a98b-0a8adf527e4b,B2B,Storage,512GB Portable SSD,1,62.13,62.13
2025-03-02 14:41:41,881f8e2a-0ab7-46c3-bcf5-161559f0607f,Retail,Storage,512GB Portable SSD,1,77.1,77.1
2025-03-02 13:36:08,db0e1a89-9d8b-41c5-a560-30e0eff8041d,Retail,Networking,Gigabit Ethernet Switch,2,40.89,81.78
2025-03-02 13:14:30,f7ae775a-2944-4627-b8af-f66756b6a476,Retail,Mice,Precision Laser Mouse,2,62.0,124.0
2025-03-02 11:39:59,37054fe0-5afd-4f15-8092-2001e4188e17,B2B,Keyboards,Membrane Office Keyboard,1,34.39,34.39
2025-03-02 11:53:45,ae63d3bc-77fb-44c2-a57d-94242035b29b,B2B,Storage,1TB NVMe SSD,1,121.49,121.49
2025-03-02 18:08:28,5142a0d9-d191-4e73-ac1a-ed745d08472d,Web,Mice,Optical Gaming Mouse,2,80.99,161.98
2025-03-02 19:20:22,472b451a-c439-4601-9cc2-96b10f717f92,Retail,Keyboards,Compact 60% Keyboard,1,74.41,74.41
2025-03-02 09:25:59,06559913-0f75-4790-9a8f-2b61e38d5f2f,Web,Headsets,USB Conference Headset,1,55.77,55.77
2025-03-02 14:09:00,8c1895c3-b9d9-412a-936d-ad54adfcd95b,B2B,Networking,Network Attached Storage (NAS),1,338.85,338.85
2025-03-03 16:21:44,2be16d81-a59e-4e19-a55f-9c5c77a2236e,Retail,Keyboards,RGB Backlit Keyboard,1,88.09,88.09
2025-03-03 13:01:25,e4cde755-70f3-452d-9ecd-531396481642,Web,Monitors,34-inch Ultrawide Curved Monitor,1,577.76,577.76
2025-03-03 10:20:03,fb03923a-8af5-49fb-9d32-0b2c223d3f71,Web,Monitors,34-inch Ultrawide Curved Monitor,1,532.62,532.62
2025-03-03 13:12:01,66ddc20a-587a-4a92-b262-34e486de1896,Retail,Keyboards,Wireless Ergonomic Keyboard,1,117.67,117.67
2025-03-03 10:32:25,75b73c13-e316-406e-9c08-b5febab6e815,Retail,Keyboards,Membrane Office Keyboard,1,28.3,28.3
2025-03-03 19:23:25,188eb427-60ed-472a-8125-b4e682546269,Retail,Keyboards,Compact 60% Keyboard,1,69.74,69.74
2025-03-03 14:00:18,644f3981-bccd-4276-9782-81d282600f2f,Retail,Mice,Vertical Ergonomic Mouse,1,60.99,60.99
2025-03-03 16:47:26,63718f23-d33c-46e6-8d4e-7a554d3b0f64,Retail,Storage,512GB Portable SSD,2,80.12,160.24
2025-03-03 15:46:57,d80d55a0-b3e6-4b6d-993e-9dcda9275f09,B2B,Headsets,Noise-Cancelling Gaming Headset,1,129.47,129.47
2025-03-03 17:21:04,55325522-1140-4648-a172-46d0986c5bbe,B2B,Networking,USB Wi-Fi Adapter,1,33.99,33.99
2025-03-03 10:00:26,4cdfccbc-dddf-4867-8993-cf03a5906621,Retail,Monitors,24-inch 144Hz Gaming Monitor,1,160.86,160.86
2025-03-03 11:12:11,f49ff840-d78f-437c-922a-f68dab1a623c,Retail,Storage,128GB USB Flash Drive,2,17.83,35.66
2025-03-03 13:53:37,bc1330dc-7473-4e93-b05f-14bb2538cd08,B2B,Mice,Wireless Bluetooth Mouse,1,41.18,41.18
2025-03-03 13:40:53,0264e82c-f265-44dc-984b-a21eb7bb09ff,Web,Monitors,24-inch 144Hz Gaming Monitor,1,197.63,197.63
2025-03-03 13:26:11,11aee858-346f-48cb-8d3c-138f1550a06e,B2B,Headsets,USB Conference Headset,1,63.38,63.38
2025-03-03 16:04:38,db4b0a01-4111-478f-8912-cec63d2c6084,B2B,Storage,2TB External HDD,1,83.62,83.62
2025-03-03 13:40:43,9c3a209f-690e-4c2f-95c2-5fd4a5e33880,B2B,Headsets,Wireless Bluetooth Headphones,1,82.95,82.95
2025-03-03 09:54:16,3dcefcb0-acd4-4d59-998b-0ed2ec60d346,Web,Keyboards,Membrane Office Keyboard,2,35.8,71.6
2025-03-03 16:56:44,7300cfa9-e7fe-498d-8523-59e2b213c20e,Web,Keyboards,Compact 60% Keyboard,2,60.84,121.68
2025-03-03 14:03:18,2fd639f6-073b-4df6-b24f-5453dc60bea6,B2B,Mice,Wireless Bluetooth Mouse,1,48.7,48.7
2025-03-03 19:11:48,19438fcb-a65d-47f9-aae6-d6e56c70afba,Web,Keyboards,RGB Backlit Keyboard,1,93.02,93.02
2025-03-03 19:51:19,7fd85aba-e765-488d-9a95-76a3b9430c34,B2B,Mice,Wireless Bluetooth Mouse,2,29.23,58.46
2025-03-03 18:22:52,5d490b58-7ede-4695-a585-60d8346d9e04,Web,Keyboards,Compact 60% Keyboard,1,61.95,61.95
2025-03-03 14:58:58,390cb3d6-2fa0-477b-ad5f-ef58e64f1a03,Web,Keyboards,Membrane Office Keyboard,2,34.11,68.22
2025-03-03 12:53:12,3a2e8434-6ca2-4882-ae61-bcd50af27a51,B2B,Storage,512GB Portable SSD,1,55.39,55.39
2025-03-03 17:44:48,11cad08b-08a8-44fe-b34e-f8e62cb29120,Retail,Storage,512GB Portable SSD,2,67.62,135.24
2025-03-04 10:14:08,5eb105d4-db3f-4856-b1bb-88cfa4f79021,Web,Storage,128GB USB Flash Drive,1,23.3,23.3
2025-03-04 12:08:05,806bce99-46c7-4d20-91c0-b6e7481a4ed2,Web,Headsets,Noise-Cancelling Gaming Headset,2,124.67,249.34
2025-03-04 09:12:06,4b28209a-0e25-4f38-8869-be47e7415354,B2B,Keyboards,Mechanical Gaming Keyboard,1,105.05,105.05
2025-03-04 09:30:07,ce6b790b-22f4-4819-8a48-e7b298769af3,Web,Networking,Gigabit Ethernet Switch,2,41.69,83.38
2025-03-04 10:58:38,509a1878-1dcc-4888-8464-0310c234858d,Web,Keyboards,Membrane Office Keyboard,2,22.71,45.42
2025-03-04 14:01:05,89beac56-4a9a-4226-aef8-4c35d619bc9e,B2B,Keyboards,Compact 60% Keyboard,1,78.76,78.76
2025-03-04 11:54:32,9dbb8e92-a1a9-4a78-9efe-4c1eee691d35,B2B,Storage,512GB Portable SSD,2,66.48,132.96
2025-03-04 10:52:37,40d2f29e-33f5-4032-8bac-8243c52f859c,B2B,Storage,2TB External HDD,2,74.85,149.7
2025-03-04 17:00:46,c9a17d64-a817-4dbe-ac60-0748abfca369,Web,Keyboards,RGB Backlit Keyboard,1,101.1,101.1
2025-03-04 20:30:23,bc46eeca-8e0c-41c2-9eb4-a1186675cb91,Web,Storage,1TB NVMe SSD,1,95.9,95.9
2025-03-04 15:27:13,94346d65-d774-4276-90a8-b3bd896427e8,Retail,Headsets,USB Conference Headset,2,56.78,113.56
2025-03-04 14:07:29,159a852a-d1df-4701-be58-f40dff7adb07,Web,Keyboards,RGB Backlit Keyboard,1,74.68,74.68
2025-03-04 20:02:05,e4fc0cb2-19d6-4f8b-a518-4d097f97ea4e,Web,Mice,Wireless Bluetooth Mouse,1,45.04,45.04
2025-03-05 16:43:23,5fa2c200-2282-4b76-9371-02b636fcf281,B2B,Keyboards,Membrane Office Keyboard,1,37.96,37.96
2025-03-05 10:25:28,f24157fa-16e7-4c18-9ab5-fb7330abcd22,B2B,Headsets,Surround Sound Headphones,2,152.56,305.12
2025-03-05 18:06:47,bdaa4628-3394-427d-82b2-949883204977,Web,Networking,Gigabit Ethernet Switch,2,57.92,115.84
2025-03-05 12:21:12,60b34c1c-e426-4b85-90df-79c1e2c3570c,Retail,Monitors,27-inch 4K IPS Monitor,1,400.69,400.69
2025-03-05 13:48:45,e18fabd3-8850-4e24-a574-f74cdf05188e,B2B,Storage,512GB Portable SSD,2,53.58,107.16
2025-03-05 19:25:22,a801a745-aaa4-46da-946a-c9ee72cef032,B2B,Headsets,Wireless Bluetooth Headphones,1,117.89,117.89
2025-03-05 11:49:29,3242a15d-905a-4a0f-9d2d-28d967dcde2e,Retail,Keyboards,RGB Backlit Keyboard,1,79.05,79.05
2025-03-05 12:40:08,01bff967-8ca2-455a-b064-48ce0ffbbd53,B2B,Keyboards,Mechanical Gaming Keyboard,2,150.53,301.06
2025-03-06 19:48:33,22bdcb2b-6ff6-4f53-b3db-20d12e20581b,Retail,Storage,512GB Portable SSD,2,60.66,121.32
2025-03-06 14:51:55,6479a44e-fe36-434f-b2f7-5cf0e6724500,Web,Headsets,In-Ear Gaming Earbuds,1,40.32,40.32
2025-03-06 09:27:56,764fb47d-541c-4258-8a29-b35ab57c7cd0,Retail,Networking,Gigabit Ethernet Switch,1,56.5,56.5
2025-03-06 09:02:11,ad486d66-ed0c-4d5a-b7a9-ddba543c56c3,Retail,Headsets,In-Ear Gaming Earbuds,1,33.95,33.95
2025-03-06 11:31:27,f5155867-9911-4ec4-9781-c5644444eff3,B2B,Keyboards,Compact 60% Keyboard,1,71.13,71.13
2025-03-06 16:42:35,2a0fc619-481f-434b-bbaf-5a69b8d4419d,B2B,Storage,1TB NVMe SSD,1,70.61,70.61
2025-03-06 11:32:03,d43ae36b-400e-4273-87ac-ec40ed3d2745,Retail,Mice,Trackball Mouse,1,70.87,70.87
2025-03-06 13:20:03,7b4a6f30-b4ba-47b9-86a1-8902fdece443,Web,Keyboards,Mechanical Gaming Keyboard,2,107.09,214.18
2025-03-06 14:22:51,64639a00-93c8-460e-b4ce-98e087107ceb,Web,Storage,2TB External HDD,1,70.71,70.71
2025-03-06 14:26:22,f67e3680-db87-474a-8926-9b18e467d788,Web,Keyboards,Wireless Ergonomic Keyboard,2,98.64,197.28
2025-03-06 19:19:37,652136c0-5177-4a18-9ae8-919f0b02fb86,B2B,Keyboards,Wireless Ergonomic Keyboard,2,86.31,172.62
2025-03-06 09:34:20,fb701e83-6c14-48de-bba2-d669025255f6,B2B,Keyboards,Mechanical Gaming Keyboard,1,142.8,142.8
2025-03-06 18:32:57,d01001df-63a7-44c9-aa96-e588b4a3d451,Web,Headsets,Noise-Cancelling Gaming Headset,1,83.99,83.99
2025-03-06 15:36:24,0a26fc8c-29d9-44f0-bc2f-e15990170fe3,Web,Mice,Wireless Bluetooth Mouse,1,27.99,27.99
2025-03-06 19:13:21,e377f8c9-54fb-445e-96e7-e1973497b6dd,B2B,Headsets,USB Conference Headset,1,44.28,44.28
2025-03-06 15:12:31,1b579c37-b672-4977-adb0-3cc74151b580,Web,Monitors,24-inch 144Hz Gaming Monitor,1,194.88,194.88
2025-03-06 17:13:18,9d16f69a-4f0d-46d4-8bbc-51a6c7b9f4c0,Retail,Mice,Optical Gaming Mouse,1,62.48,62.48
2025-03-06 10:45:54,8e1f7656-59cc-488f-a914-f4ffd670e267,B2B,Monitors,27-inch 4K IPS Monitor,1,447.75,447.75
2025-03-06 10:36:51,7121b531-b39a-466b-997a-7ef8d513d678,Retail,Headsets,Surround Sound Headphones,2,148.21,296.42
2025-03-06 13:32:51,29e90ee2-c4be-49e0-bf0c-551280133656,B2B,Mice,Wireless Bluetooth Mouse,1,28.85,28.85
2025-03-07 18:31:13,bcc03b3a-578a-464c-a812-d0c5e5fce33a,B2B,Monitors,32-inch 8K Professional Monitor,2,1326.34,2652.68
2025-03-07 13:59:40,5c23d216-fde4-4d54-93b6-30200ffb3817,B2B,Headsets,Surround Sound Headphones,1,178.93,178.93
2025-03-07 20:40:03,1515a19d-a9cc-4ae6-9fe2-0a0afdfeb0bf,Retail,Headsets,Surround Sound Headphones,1,114.18,114.18
2025-03-07 12:09:47,b0f5fe9f-0318-4c6d-bfe4-5cd00b267876,Retail,Storage,1TB NVMe SSD,1,111.06,111.06
2025-03-07 19:13:54,219db9b3-b0fc-4edd-b5c1-6052c80bc8b0,Retail,Headsets,Noise-Cancelling Gaming Headset,1,89.5,89.5
2025-03-07 13:43:38,4b6cdb57-f5ab-4a33-8c55-286ad77ed3aa,Web,Mice,Optical Gaming Mouse,2,60.51,121.02
2025-03-07 16:31:35,f23de0dd-d00a-45a1-9b8c-f734a0953075,Retail,Networking,Powerline Ethernet Adapter,1,80.99,80.99
2025-03-07 09:12:10,2c1bd097-6808-4279-8660-9e655da9917f,Web,Mice,Wireless Bluetooth Mouse,2,37.29,74.58
2025-03-07 09:46:31,a6987d2a-4ed6-4e48-98ad-fdc99debebb5,Web,Storage,512GB Portable SSD,2,63.72,127.44
2025-03-07 18:19:55,c0c26c4f-e1f9-40e3-8d85-a07aa78cafdf,Retail,Keyboards,Wireless Ergonomic Keyboard,1,78.18,78.18
2025-03-07 15:53:46,92a120ca-e3dc-4994-94ff-3b0e7298acc4,Web,Storage,128GB USB Flash Drive,2,13.99,27.98
2025-03-07 10:33:42,078b624b-42c7-46c5-80da-a1c7c37a5c39,B2B,Storage,128GB USB Flash Drive,2,20.14,40.28
2025-03-08 12:17:28,1b990432-94d0-40d8-b798-b123988548b0,B2B,Headsets,Noise-Cancelling Gaming Headset,2,92.69,185.38
2025-03-08 10:20:34,ae3a4330-af6c-4cea-8815-51ec2982e58f,B2B,Headsets,Noise-Cancelling Gaming Headset,2,114.16,228.32
2025-03-08 13:56:50,a4673698-6234-40d6-bf18-7ad151882319,Retail,Networking,USB Wi-Fi Adapter,1,26.52,26.52
2025-03-08 19:57:38,024a1be9-b5bf-4617-845d-f2271ce18761,B2B,Keyboards,Mechanical Gaming Keyboard,1,139.5,139.5
2025-03-08 09:44:58,5d3311b7-33ef-4e63-87c8-fee73fd47023,Web,Storage,512GB Portable SSD,2,58.02,116.04
2025-03-08 19:07:34,42921fcf-5568-4de4-ac70-78bde54327b8,Retail,Storage,4TB Desktop HDD,1,96.19,96.19
2025-03-08 15:59:58,f50d6bed-0edf-4252-9ddf-ac9ecebc2fbc,Web,Mice,Optical Gaming Mouse,1,54.17,54.17
2025-03-08 11:58:28,26ffedfc-a54b-41e4-9efa-c14c81064f31,B2B,Monitors,24-inch 144Hz Gaming Monitor,1,295.73,295.73
2025-03-08 09:17:55,2ff1647a-76da-45a0-b061-1c1eb45a5fc1,Retail,Keyboards,Wireless Ergonomic Keyboard,1,70.33,70.33
2025-03-08 20:27:56,59fcb4ea-8b26-4fc9-9765-8f352c24a263,Web,Networking,Gigabit Ethernet Switch,1,59.97,59.97
2025-03-08 20:16:32,b654c797-4b67-4cfa-a2e1-eaa4e2222021,Retail,Keyboards,Wireless Ergonomic Keyboard,1,97.61,97.61
2025-03-08 16:44:01,438f68c6-a9f2-4afc-898b-a97a681919ca,B2B,Storage,2TB External HDD,1,61.89,61.89
2025-03-08 19:08:00,26018646-a645-4f7a-bd93-74975a016a71,B2B,Mice,Trackball Mouse,2,86.97,173.94
2025-03-08 20:49:53,813e936a-29fb-4da4-8349-1e2e6add4ee6,Web,Monitors,24-inch 144Hz Gaming Monitor,1,239.43,239.43
2025-03-08 19:26:50,b62cf145-0fd1-457f-9096-12807a653e5c,Retail,Networking,USB Wi-Fi Adapter,1,29.56,29.56
2025-03-08 19:37:52,13e0ced1-6e1f-4dee-aff1-5472147bd92f,Retail,Mice,Wireless Bluetooth Mouse,1,33.8,33.8
2025-03-09 16:12:16,335d48b4-cd7a-4031-99ff-cdaa576213e8,Web,Storage,1TB NVMe SSD,2,83.1,166.2
2025-03-09 14:10:36,d9f658ce-58b2-452c-995e-45320dac4428,B2B,Keyboards,RGB Backlit Keyboard,1,76.64,76.64
2025-03-09 16:52:43,3d0d6632-91f1-443c-85f8-c32f9a3a35bb,Web,Headsets,USB Conference Headset,1,55.8,55.8
2025-03-09 13:18:47,8e0f181c-93a7-4c30-8e7b-8ee69eb4bf0d,Web,Headsets,USB Conference Headset,1,64.81,64.81
2025-03-09 12:38:13,c0dbbb40-3951-44f8-bb07-c00ff6eb05ff,Retail,Networking,Powerline Ethernet Adapter,1,62.8,62.8
2025-03-09 11:01:18,80e86908-1349-43f9-8d80-da14818dc3e8,Web,Networking,Network Attached Storage (NAS),1,446.83,446.83
2025-03-09 12:23:37,59431f14-8c68-4814-b71c-284ac395a527,Retail,Storage,1TB NVMe SSD,2,118.06,236.12
2025-03-09 15:43:13,4677329a-1d8d-433b-a16f-72f2f73aec3f,B2B,Storage,1TB NVMe SSD,1,62.99,62.99
2025-03-09 10:06:35,f6000408-44a5-4adb-ad15-3aee89b9c5ae,Retail,Keyboards,Wireless Ergonomic Keyboard,1,78.95,78.95
2025-03-09 18:42:51,5039b2d1-ed89-4a4a-acc4-29bc6b80ae22,B2B,Monitors,27-inch 4K IPS Monitor,1,360.18,360.18
2025-03-09 09:16:32,5b2c151e-21ef-495d-9109-71233ad34163,Retail,Monitors,34-inch Ultrawide Curved Monitor,2,479.76,959.52
2025-03-09 17:02:37,8c821c4c-4569-4bce-afe8-935b6757596d,Web,Keyboards,Membrane Office Keyboard,1,27.65,27.65
2025-03-09 14:56:29,a0c26d42-b682-4be6-bf0c-435ec52170ce,Retail,Keyboards,Compact 60% Keyboard,1,62.9,62.9
2025-03-09 14:02:08,76fb62cd-d6c6-4fd2-803c-c7cf4369f638,Retail,Headsets,USB Conference Headset,1,52.53,52.53
2025-03-09 15:18:57,c2ef78bc-1038-470d-b9bc-30013c24f5c2,B2B,Storage,4TB Desktop HDD,1,98.71,98.71
2025-03-09 11:20:47,79cac49a-93b3-44db-b493-b94d2ba1f06b,Web,Networking,Powerline Ethernet Adapter,1,58.62,58.62
2025-03-09 19:40:51,d8d264ad-b79f-400b-8cec-4e7fc5e64a92,Web,Headsets,Noise-Cancelling Gaming Headset,2,120.6,241.2
2025-03-09 13:10:45,f98b268c-648d-4cea-ab11-d00a291588e5,Web,Headsets,Wireless Bluetooth Headphones,1,104.01,104.01
2025-03-09 16:02:28,803775e3-a253-416f-a042-e512d1b3b786,B2B,Mice,Vertical Ergonomic Mouse,1,59.69,59.69
2025-03-09 11:07:22,ceef0399-270b-433b-9cfb-4f00c47f3b5c,Retail,Keyboards,RGB Backlit Keyboard,2,90.35,180.7
2025-03-09 11:47:32,9e1d68e0-2bd0-44f5-a19a-dae2cd59885b,B2B,Storage,128GB USB Flash Drive,1,13.99,13.99
2025-03-09 17:49:36,eb2b21fc-7ad1-46ab-8356-50ef07daa154,Web,Keyboards,Membrane Office Keyboard,2,23.3,46.6
2025-03-09 16:43:06,9b492e7f-a244-4134-984d-984da56b54e2,Web,Networking,Wireless Mesh Router System,1,275.32,275.32
2025-03-09 14:37:59,e550fc0f-2eb0-4bd6-9471-bac57c729738,Retail,Networking,USB Wi-Fi Adapter,2,29.63,59.26
2025-03-10 20:46:58,0cfced5f-4355-4500-b9ed-33fc003d9b13,B2B,Networking,USB Wi-Fi Adapter,2,29.63,59.26
2025-03-10 09:51:41,c8e1fb57-bb7c-4e8f-8bed-d05b624ffeef,Web,Mice,Wireless Bluetooth Mouse,1,37.17,37.17
2025-03-10 13:11:15,ea322843-fa51-4043-91b2-3a6ff91d2607,Retail,Networking,USB Wi-Fi Adapter,2,28.41,56.82
2025-03-10 12:10:24,ce2c31bd-5a59-4dbb-8c08-19329161e0c3,Retail,Storage,512GB Portable SSD,1,75.72,75.72
2025-03-10 15:47:51,1fbf3a94-ccc0-4206-b934-3819db83cf3e,B2B,Networking,Gigabit Ethernet Switch,1,56.93,56.93
2025-03-10 14:42:06,ad8acb4e-414f-4dca-a028-3fdff5d050fa,B2B,Storage,128GB USB Flash Drive,2,17.58,35.16
2025-03-10 18:27:05,12ab47c1-97af-4310-aaf7-fd37ff6b8ff3,Retail,Storage,2TB External HDD,1,86.13,86.13
2025-03-10 15:05:02,bd9738e4-3bf8-4ecc-a015-4a65a50a8a46,Retail,Headsets,USB Conference Headset,1,42.4,42.4
2025-03-10 16:33:40,17f24c1b-2507-4af2-852a-6171ec1c48e0,Web,Monitors,24-inch 144Hz Gaming Monitor,1,169.38,169.38
2025-03-10 15:05:58,39d7818e-ed20-44af-9bce-ca39b0ada4a8,Retail,Storage,512GB Portable SSD,2,88.87,177.74
2025-03-10 17:27:18,aded1a95-369e-4c28-bccb-0ad3cd7f49d9,B2B,Headsets,In-Ear Gaming Earbuds,2,32.29,64.58
2025-03-10 09:32:06,49e7dd48-d75b-4eea-808a-e5a7faded3f8,Retail,Headsets,USB Conference Headset,2,44.48,88.96
2025-03-10 13:22:16,0bcb6a1d-ccf7-4bc1-8f05-fd8cfede9d87,B2B,Monitors,27-inch 4K IPS Monitor,1,284.09,284.09
2025-03-10 20:42:29,21b76bc5-37dc-4393-91d2-36bef2fb7abe,Web,Keyboards,Membrane Office Keyboard,1,34.97,34.97
2025-03-10 20:19:20,dd24bb3b-3d34-4d3b-a23c-101c365b4423,Retail,Monitors,27-inch 4K IPS Monitor,1,367.46,367.46
2025-03-10 16:39:51,681d92d5-2df8-41c1-b4d0-c49679c0f979,Web,Mice,Optical Gaming Mouse,3,67.69,203.07
2025-03-10 19:06:27,7a848f37-d571-4b83-9d40-79c2e74f18f9,Web,Headsets,Surround Sound Headphones,1,138.26,138.26
2025-03-10 09:10:41,16f4f4b7-4199-49d5-ba43-e86e57837374,B2B,Headsets,Wireless Bluetooth Headphones,1,86.42,86.42
2025-03-10 20:31:19,25292a89-34ed-427c-a1d4-ce8322c6448c,B2B,Monitors,34-inch Ultrawide Curved Monitor,1,389.47,389.47
2025-03-10 19:44:43,e6822779-5064-4e2e-b332-b66c45e90b9c,Retail,Mice,Trackball Mouse,2,88.01,176.02
2025-03-11 19:54:50,da226daa-cf2e-43f6-90d2-3f3d8f00b4f5,Web,Headsets,Surround Sound Headphones,1,117.92,117.92
2025-03-11 09:07:10,da9155f9-a1df-4d35-9adb-25c03dc6290d,B2B,Networking,Gigabit Ethernet Switch,1,52.57,52.57
2025-03-11 16:30:01,d2fdace9-e509-4150-b796-d6e84381d67d,B2B,Storage,4TB Desktop HDD,2,129.54,259.08
2025-03-11 14:00:06,a46178b9-5de4-44e6-9459-e41c8026cc14,B2B,Monitors,24-inch 144Hz Gaming Monitor,1,184.97,184.97
2025-03-11 15:54:31,ad70f74b-8376-475a-9264-7007ec32eed4,B2B,Storage,2TB External HDD,1,91.79,91.79
2025-03-11 17:37:46,a9f28617-2fe2-4eb7-a4d0-67dc62108521,B2B,Monitors,34-inch Ultrawide Curved Monitor,2,518.62,1037.24
2025-03-11 16:14:45,37796680-5021-470c-9a28-b1041bfd702e,Web,Keyboards,Wireless Ergonomic Keyboard,1,88.24,88.24
2025-03-11 19:26:56,0d8df269-dde7-4035-b5ce-b8fe0626bc1b,Retail,Headsets,Wireless Bluetooth Headphones,1,104.97,104.97
2025-03-11 19:22:28,b6ef199c-d73b-4cc9-8538-d43ae5bc9294,Web,Storage,1TB NVMe SSD,2,74.18,148.36
2025-03-11 17:14:37,7059fee4-5a76-498b-b1e1-7f8f7b74e779,Retail,Networking,Gigabit Ethernet Switch,1,52.05,52.05
2025-03-11 20:42:29,ba724544-231c-4d12-8a2d-4add49a6e7a2,Retail,Keyboards,Compact 60% Keyboard,1,61.97,61.97
2025-03-12 20:05:42,5958a4fa-30a9-4864-a58b-5e4180daa02a,Web,Headsets,Wireless Bluetooth Headphones,2,94.54,189.08
2025-03-12 15:31:19,b9fc2cca-7f7c-4630-9df8-85318646f2fe,B2B,Mice,Optical Gaming Mouse,3,57.15,171.45
2025-03-12 13:22:43,efec1fc0-9411-43a4-8959-db5323fd24b0,B2B,Keyboards,Membrane Office Keyboard,2,34.88,69.76
2025-03-12 18:14:07,6dd2a2e4-c13d-433b-8b86-aecce7dc14ae,Retail,Headsets,In-Ear Gaming Earbuds,1,42.88,42.88
2025-03-12 14:50:22,5955d04b-3f3b-4235-9193-81e48aadb546,B2B,Storage,512GB Portable SSD,2,64.68,129.36
2025-03-12 19:06:45,90311f5d-3d21-457a-8341-77c3b7605d56,Retail,Keyboards,Wireless Ergonomic Keyboard,1,76.56,76.56
2025-03-12 10:06:50,ffbcafbd-4709-4bd4-adc3-51e2d92a71a2,Web,Monitors,34-inch Ultrawide Curved Monitor,1,536.44,536.44
2025-03-12 19:07:55,0443e330-c740-41ef-b186-97d63198f6c2,Retail,Keyboards,Membrane Office Keyboard,2,30.61,61.22
2025-03-12 13:45:28,61b84f44-4784-483b-b5e8-07da35ee8885,Retail,Storage,2TB External HDD,2,73.46,146.92
2025-03-12 11:07:54,6fba28f5-6215-456a-88fd-ad96b262e473,Retail,Keyboards,Membrane Office Keyboard,1,26.39,26.39
2025-03-12 09:15:53,e8f718ba-ea3d-4e0f-b036-13d764ebd984,Retail,Storage,128GB USB Flash Drive,2,19.35,38.7
2025-03-12 15:23:40,4a3a3f38-fdef-4313-bf2c-c1a6de1f5d55,Web,Monitors,15.6-inch Portable USB-C Monitor,1,227.3,227.3
2025-03-12 17:26:50,fb567770-60c2-4d9a-ad4d-a7d88f051128,Retail,Mice,Optical Gaming Mouse,1,41.99,41.99
2025-03-12 19:23:01,d6e43bc6-68ac-4885-8bd0-8ad296ff7510,Web,Headsets,Wireless Bluetooth Headphones,1,107.51,107.51
2025-03-12 17:04:05,35a1172c-437b-4dbe-a995-7864f74650a3,Retail,Mice,Vertical Ergonomic Mouse,1,62.5,62.5
2025-03-12 19:59:41,bcde7a52-c97a-4caf-9353-7e47d397d1f9,B2B,Keyboards,Compact 60% Keyboard,2,76.35,152.7
2025-03-13 20:47:20,be1e5617-cc04-4f2e-91f7-22d3b150907f,Web,Networking,Gigabit Ethernet Switch,1,60.1,60.1
2025-03-13 17:39:58,3deee90d-2480-490f-b956-1a1b8437221d,Retail,Keyboards,Compact 60% Keyboard,1,73.48,73.48
2025-03-13 18:41:28,eb913609-f477-4495-8be8-84187b8965e5,B2B,Storage,1TB NVMe SSD,1,108.06,108.06
2025-03-13 13:05:02,fff0b78c-51c5-41c2-a944-ae5fe8355fe2,Retail,Headsets,Surround Sound Headphones,1,139.34,139.34
2025-03-13 17:18:13,edb0967e-075f-47b9-8c7d-3d7aa60b7c1b,B2B,Keyboards,RGB Backlit Keyboard,1,74.81,74.81
2025-03-13 14:48:40,3b44e7bd-951f-4dca-89be-4e09b8703b23,Web,Keyboards,Membrane Office Keyboard,1,26.24,26.24
2025-03-13 13:46:27,65ab6628-4575-46d2-9b81-6ac4637f00f1,Web,Networking,Powerline Ethernet Adapter,1,57.68,57.68
2025-03-13 14:16:40,099b7d94-3d1b-4751-85d0-c0891545836e,Web,Headsets,USB Conference Headset,2,47.58,95.16
2025-03-13 13:36:47,56b71687-6cb5-477e-b7f2-53e96db81bde,Retail,Keyboards,Mechanical Gaming Keyboard,1,123.7,123.7
2025-03-13 20:37:36,017585cd-b1dd-4939-9b94-fa3a2780be21,B2B,Storage,1TB NVMe SSD,1,91.27,91.27
2025-03-13 19:50:52,a8fc615f-2dbc-4471-b9da-720a029c1cb0,B2B,Storage,1TB NVMe SSD,2,102.57,205.14
2025-03-13 20:15:06,fbea49f4-2d34-473e-948b-954648b7f3a0,B2B,Mice,Wireless Bluetooth Mouse,2,35.67,71.34
2025-03-13 15:53:26,cad6d759-f397-4a2f-bcdf-9993d00a0a93,Web,Keyboards,Wireless Ergonomic Keyboard,1,91.9,91.9
2025-03-13 11:30:13,a1c0c4aa-55ca-4d45-8add-c14578646fdf,Retail,Headsets,Wireless Bluetooth Headphones,1,84.27,84.27
2025-03-13 15:55:16,5d46ab1d-c1dd-4e08-a548-d4e9d7d83a06,B2B,Monitors,27-inch 4K IPS Monitor,1,394.04,394.04
2025-03-13 16:44:59,7f9b6367-ec5b-4b24-bb9e-92f3a67bc4b8,B2B,Networking,USB Wi-Fi Adapter,1,31.49,31.49
2025-03-13 11:31:45,02e34771-978b-49d6-97f7-0d0712f0ea5e,B2B,Headsets,Wireless Bluetooth Headphones,1,92.5,92.5
2025-03-13 17:07:44,a5df5fe9-f78d-4d69-9207-f927449472de,Retail,Mice,Optical Gaming Mouse,2,41.99,83.98
2025-03-13 10:38:54,ee682acf-e278-4ed2-b02e-996b1093f7aa,Web,Headsets,Noise-Cancelling Gaming Headset,1,105.27,105.27
2025-03-13 13:02:33,61e8ec6f-0eaf-4a62-a142-f9deea77fddd,Retail,Keyboards,Membrane Office Keyboard,1,27.05,27.05
2025-03-13 09:50:09,1e2f5779-817f-4d38-bc6f-bd49e280dcc4,B2B,Keyboards,Compact 60% Keyboard,1,75.91,75.91
2025-03-13 13:56:18,cfc1e6e6-77df-4cea-aa9d-256fe655916a,B2B,Mice,Optical Gaming Mouse,1,48.25,48.25
2025-03-13 15:30:36,0caa8284-50d3-4b5b-aacb-292ffab7a1f3,Retail,Mice,Wireless Bluetooth Mouse,1,53.15,53.15
2025-03-13 16:53:46,c4fbfbfc-a1f6-44de-a0b8-fa613155c9a8,Web,Storage,128GB USB Flash Drive,1,15.75,15.75
2025-03-13 16:09:55,d19f77cd-4164-403b-915d-46a8f9b7bf89,Web,Storage,1TB NVMe SSD,1,93.98,93.98
2025-03-13 15:24:14,8f38df4f-43e4-4522-a2f0-2af4afc3db34,Retail,Networking,Gigabit Ethernet Switch,1,67.49,67.49
2025-03-13 20:17:41,57dfd1df-9d46-4919-8942-d27f5f39236f,Web,Keyboards,RGB Backlit Keyboard,1,74.52,74.52
2025-03-13 18:40:50,3e657a49-7ec0-4d7b-9660-e191c512aef1,Retail,Storage,512GB Portable SSD,1,62.68,62.68
2025-03-13 18:34:36,70b8ec44-a780-4564-af0a-05faee32e3cc,B2B,Storage,2TB External HDD,1,77.13,77.13
2025-03-13 17:57:01,b2cd8b05-9d63-4dc8-bd52-9daf090bfbd6,B2B,Keyboards,RGB Backlit Keyboard,2,97.45,194.9
2025-03-13 12:53:45,77429cc4-3dc8-4d67-90fa-e14f08f8a6fb,B2B,Storage,128GB USB Flash Drive,1,20.83,20.83
2025-03-13 18:20:25,79330593-68a9-4e00-a0ce-507b88f0b1ac,Retail,Monitors,27-inch 4K IPS Monitor,2,413.62,827.24
2025-03-13 15:01:55,76483c79-686a-4ca5-a6bf-20c9af9ede1f,Retail,Headsets,Surround Sound Headphones,1,143.11,143.11
2025-03-13 10:06:34,215dfb29-8d91-4731-8d1e-9d2ecf4f0c9a,Web,Keyboards,Membrane Office Keyboard,2,30.32,60.64
2025-03-13 15:43:10,4ad13d9e-9d57-4758-920c-8d8297c86e54,Retail,Keyboards,Wireless Ergonomic Keyboard,1,83.09,83.09
2025-03-14 10:20:09,fc631e7e-885f-490c-9845-151d809891a0,Retail,Headsets,Noise-Cancelling Gaming Headset,1,156.01,156.01
2025-03-14 09:12:15,7637bfe5-2626-4f63-83ad-204a01908298,B2B,Storage,2TB External HDD,2,70.76,141.52
2025-03-14 17:24:07,566ec1cc-3a72-4b55-bddd-5d594ffaa355,Retail,Mice,Optical Gaming Mouse,1,49.81,49.81
2025-03-14 12:58:56,fa72204e-b13f-47e6-8c09-9b15312f90c8,B2B,Keyboards,Mechanical Gaming Keyboard,1,131.51,131.51
2025-03-14 19:06:15,ac7f580b-295a-4ee6-9989-b8cc713ea9c1,B2B,Storage,2TB External HDD,1,75.8,75.8
2025-03-14 19:32:13,caa319ad-2d27-4ce3-a58a-5d39a7ae5e20,Web,Storage,512GB Portable SSD,1,72.77,72.77
2025-03-14 12:34:27,30938713-3356-49a4-a9db-90b24cb58bb0,B2B,Networking,USB Wi-Fi Adapter,1,36.7,36.7
2025-03-14 18:18:41,4b23bf6d-8109-4196-8e67-a814ad854b2d,Web,Networking,Network Attached Storage (NAS),2,400.55,801.1
2025-03-14 16:17:38,b45d5689-b4b6-4a90-90c3-dc1d0366aa22,B2B,Mice,Optical Gaming Mouse,1,51.04,51.04
2025-03-14 17:18:02,1ab5d7df-42e5-48e5-9e1b-f9f72ded981b,B2B,Keyboards,Membrane Office Keyboard,1,25.09,25.09
2025-03-14 13:05:25,db9fd6e5-98a0-4d3a-8373-3f171a5c675a,Web,Storage,1TB NVMe SSD,1,97.44,97.44
2025-03-14 17:51:20,e735687e-4052-40fe-bb5f-233d8e7b2a19,Retail,Networking,Wireless Mesh Router System,1,226.17,226.17
2025-03-14 20:28:17,df15504f-6615-468a-a71c-2bfafecf18a9,Retail,Mice,Optical Gaming Mouse,2,58.54,117.08
2025-03-14 20:08:41,a15e5c22-cd03-4ac2-9ae2-9055222c61f6,B2B,Networking,Gigabit Ethernet Switch,1,48.94,48.94
2025-03-14 09:43:11,2c26541e-771c-4620-8ff4-bf5d833457fe,B2B,Headsets,Noise-Cancelling Gaming Headset,1,121.74,121.74
2025-03-14 19:41:04,aa528acb-793f-4a84-b90e-2a2d9b11e57f,B2B,Headsets,Surround Sound Headphones,1,115.21,115.21
2025-03-15 12:28:00,b3a0b9f3-8ce9-4553-9a79-a62acc4117f2,Web,Mice,Optical Gaming Mouse,1,44.63,44.63
2025-03-15 20:22:12,59b499b6-0f08-4ab2-8c6f-99e3b6aa86aa,B2B,Keyboards,RGB Backlit Keyboard,1,82.53,82.53
2025-03-15 16:23:02,a76c2911-57a8-4c8b-aa0f-1fa07905d370,B2B,Mice,Wireless Bluetooth Mouse,1,34.71,34.71
2025-03-15 12:52:40,eaa98d68-b1e4-48cd-b033-012186a102ef,Retail,Mice,Trackball Mouse,1,63.29,63.29
2025-03-15 18:43:43,dd42c501-bc0f-485c-9692-8006419b8a4e,Web,Monitors,27-inch 4K IPS Monitor,1,321.82,321.82
2025-03-15 11:47:04,22ec46ca-1234-4d92-add2-45feb2151f1d,B2B,Keyboards,Compact 60% Keyboard,1,81.84,81.84
2025-03-15 13:12:54,ebff72fb-a011-4192-a655-b9abdbcd2f96,B2B,Monitors,15.6-inch Portable USB-C Monitor,1,147.03,147.03
2025-03-15 18:16:43,7c138d4c-e495-4909-961d-94f244dfbd6b,Retail,Headsets,In-Ear Gaming Earbuds,2,30.6,61.2
2025-03-15 19:03:54,33e8177d-930a-42bd-8519-f74b0b5033ab,Retail,Networking,USB Wi-Fi Adapter,1,33.96,33.96
2025-03-15 15:17:07,435c4559-b989-45c6-bb84-7981da5c78f6,Retail,Monitors,15.6-inch Portable USB-C Monitor,1,171.1,171.1
2025-03-15 20:14:03,57392253-7c54-4cc8-93a9-3c16e9c01007,Retail,Mice,Wireless Bluetooth Mouse,1,39.73,39.73
2025-03-15 15:12:21,61d72e3b-0bd6-4423-8724-7d35e9ffb7aa,B2B,Keyboards,Wireless Ergonomic Keyboard,1,98.56,98.56
2025-03-15 20:27:04,155363a5-3123-4e78-8757-6aead3648e3f,Web,Networking,Gigabit Ethernet Switch,2,49.55,99.1
2025-03-16 13:15:06,359ba345-d887-4a6e-915f-fec17fae0280,Retail,Headsets,Wireless Bluetooth Headphones,1,81.21,81.21
2025-03-16 14:33:50,19fb139f-d86d-42fb-9bd0-5907ae8cfddd,Web,Mice,Optical Gaming Mouse,1,61.23,61.23
2025-03-16 18:07:05,851080f7-7c86-4c1b-a2d2-d8320106c0f4,Web,Networking,Network Attached Storage (NAS),1,288.33,288.33
2025-03-16 20:04:50,fce82cc1-b9ab-443b-b8c4-85b7a6834087,Retail,Keyboards,Compact 60% Keyboard,2,61.83,123.66
2025-03-16 10:43:03,f6d8188f-2e5b-4839-9da6-abc8f04a5339,Retail,Headsets,In-Ear Gaming Earbuds,1,35.22,35.22
2025-03-16 15:06:39,28f959e9-9f36-4c1f-87b4-fb6986256186,Web,Storage,2TB External HDD,1,70.61,70.61
2025-03-16 16:50:27,e4b72e2d-eb04-44a1-85be-25cf6627fa64,B2B,Networking,Wireless Mesh Router System,2,211.37,422.74
2025-03-16 19:43:50,8b7b9859-12e7-407a-a519-c4f981115c74,B2B,Keyboards,Mechanical Gaming Keyboard,1,132.46,132.46
2025-03-16 18:45:04,8fbf013c-bebb-4873-be3b-14cda431ed95,Web,Monitors,27-inch 4K IPS Monitor,2,376.12,752.24
2025-03-16 11:40:32,dfd5d51a-7d38-4b9a-a3ae-243fb2fc9098,Retail,Mice,Optical Gaming Mouse,1,62.12,62.12
2025-03-16 09:03:08,72218f9d-daac-47ec-9ece-7e3a77b6a8a6,Retail,Mice,Wireless Bluetooth Mouse,1,44.0,44.0
2025-03-16 14:19:37,d83f0098-b47c-4b8e-b2ba-9f35b3c78ad3,Web,Networking,Wireless Mesh Router System,1,233.48,233.48
2025-03-17 09:15:32,3c33c439-1a78-4613-9cce-e943d1914c9b,B2B,Storage,128GB USB Flash Drive,1,23.41,23.41
2025-03-17 12:12:40,8059f2fa-daf7-48f4-b0d4-0596b3290d45,Web,Networking,Gigabit Ethernet Switch,1,42.39,42.39
2025-03-17 16:38:44,bc1d74b2-f1b6-4eb2-b0e6-1ea7bbb4e7ac,B2B,Mice,Vertical Ergonomic Mouse,1,39.27,39.27
2025-03-17 13:26:21,ecc24ddc-c179-4905-8a18-1a936535fb18,Retail,Keyboards,Membrane Office Keyboard,1,34.94,34.94
2025-03-17 09:40:14,0826873b-bf3d-48d7-8f1d-b79cc3de7a4d,Retail,Storage,1TB NVMe SSD,1,80.63,80.63
2025-03-17 20:49:52,5a52ed71-7b5f-4207-af39-10ef839a85a1,B2B,Mice,Vertical Ergonomic Mouse,1,50.42,50.42
2025-03-17 09:04:22,be438ffb-3812-4692-9222-c326ebf35449,Web,Keyboards,Mechanical Gaming Keyboard,2,128.44,256.88
2025-03-17 16:12:40,279d4176-2b3a-429f-91bc-69f45142d48f,Retail,Monitors,27-inch 4K IPS Monitor,1,389.14,389.14
2025-03-17 11:14:56,ecf5f0d0-d5ef-4ad4-bda7-aeacd8326804,Web,Mice,Optical Gaming Mouse,2,61.22,122.44
2025-03-17 11:12:01,9bf181d4-6668-4d2c-998f-40715b559822,Retail,Keyboards,Membrane Office Keyboard,1,37.45,37.45
2025-03-17 15:41:50,b7dd8ea6-a3d1-4368-a463-a31ec9cbc72e,Retail,Networking,Wireless Mesh Router System,1,259.88,259.88
2025-03-17 13:29:15,56409571-f37a-41f1-a65e-86516e5deae4,Retail,Mice,Precision Laser Mouse,1,94.49,94.49
2025-03-17 15:56:45,b55e94da-180c-43d2-866d-4d5a87ca42d4,Web,Keyboards,Wireless Ergonomic Keyboard,1,83.99,83.99
2025-03-17 11:50:12,a797143f-5a6a-4d1a-90ee-b06c5e17893d,Retail,Keyboards,Membrane Office Keyboard,1,27.8,27.8
2025-03-17 19:15:58,3df6998b-a03e-4a96-974b-53ca26b376b0,B2B,Keyboards,Mechanical Gaming Keyboard,1,144.46,144.46
2025-03-17 17:18:50,3e0e74d9-b415-441d-b18e-b82a8d8bdd84,Web,Keyboards,Compact 60% Keyboard,2,75.73,151.46
2025-03-17 17:37:56,92f000d3-364a-4ff5-a94c-9722e8549e92,B2B,Headsets,USB Conference Headset,2,34.99,69.98
2025-03-18 16:11:20,74af0fd5-b08f-4f0a-96c1-4992bce7b6aa,B2B,Storage,1TB NVMe SSD,1,68.4,68.4
2025-03-18 16:30:17,b1b888ea-c9e9-413a-996b-96060de72080,B2B,Monitors,27-inch 4K IPS Monitor,2,335.83,671.66
2025-03-18 12:57:12,c41b3d76-12a5-4a69-b318-5b133e1859a5,Web,Headsets,Wireless Bluetooth Headphones,1,97.93,97.93
2025-03-18 13:27:56,051ccb14-1d46-4cca-bec6-fe58f7bc8063,Web,Mice,Precision Laser Mouse,1,63.87,63.87
2025-03-18 10:18:28,4dede994-367d-43d9-9532-d684f261752a,Web,Headsets,Surround Sound Headphones,1,136.63,136.63
2025-03-18 16:32:39,15691c46-e9f8-457f-baa8-0cff34c84e48,Retail,Mice,Vertical Ergonomic Mouse,1,52.34,52.34
2025-03-18 15:01:11,1ef709af-f55a-4806-8b28-355eba9bf0b9,Retail,Headsets,Wireless Bluetooth Headphones,1,87.65,87.65
2025-03-18 14:57:05,d7555fdd-aeb2-4709-a16b-9d220a16edc0,B2B,Mice,Wireless Bluetooth Mouse,1,44.08,44.08
2025-03-18 10:07:04,8e6f0f7e-46d9-4051-be29-b4386f2a9a5b,B2B,Mice,Vertical Ergonomic Mouse,2,34.99,69.98
2025-03-18 14:16:19,de9a1d52-cd4c-4c92-a3dc-d27f6d474f06,B2B,Storage,2TB External HDD,1,74.8,74.8
2025-03-18 20:47:34,5614ed49-ee62-4bbf-872c-c8cf77697e79,Web,Networking,Gigabit Ethernet Switch,1,46.68,46.68
2025-03-18 13:52:22,a4d5e901-9ade-4ed6-9d02-6aeaeff0dec2,Retail,Storage,512GB Portable SSD,1,70.08,70.08
2025-03-18 19:32:48,ed3a2c68-21bf-4b0a-a36f-b60a1eea5aa2,Retail,Networking,USB Wi-Fi Adapter,2,29.06,58.12
2025-03-18 20:47:13,3ba42c86-d3f3-4d7c-bf59-802089ec4e9e,B2B,Headsets,Wireless Bluetooth Headphones,1,84.03,84.03
2025-03-18 16:21:50,c5117e7b-b7bd-4049-a19a-6144fff8932c,Web,Keyboards,Wireless Ergonomic Keyboard,1,85.61,85.61
2025-03-18 20:26:13,e6aceab8-e818-43da-8499-92cb003e5b86,B2B,Headsets,Noise-Cancelling Gaming Headset,2,143.52,287.04
2025-03-19 19:48:25,63624b73-f029-45db-8920-fcc7b3802872,B2B,Storage,2TB External HDD,1,100.82,100.82
2025-03-19 11:09:21,2b46027c-92ee-47f9-b953-5a524614969b,B2B,Headsets,In-Ear Gaming Earbuds,1,41.78,41.78
2025-03-19 18:55:25,c41cd4d1-9ad2-458d-915d-0ebba0e733ab,Web,Networking,Powerline Ethernet Adapter,1,70.91,70.91
2025-03-19 16:06:21,ef4bd883-8c9c-4018-833b-29e5564fab1f,Retail,Headsets,In-Ear Gaming Earbuds,1,42.69,42.69
2025-03-19 13:05:10,0000c630-8d2a-465c-9638-bb6febcdff7c,B2B,Keyboards,RGB Backlit Keyboard,2,86.28,172.56
2025-03-19 09:11:12,ecba6710-9242-4ca9-b6ea-72292b2593cf,Retail,Keyboards,Wireless Ergonomic Keyboard,1,75.52,75.52
2025-03-19 12:18:42,016d6414-13d5-4ff5-aba9-6705beb036b5,Retail,Headsets,Surround Sound Headphones,2,127.79,255.58
2025-03-19 15:25:10,46acb889-79bc-47d1-9e01-b5eddcc3ae0c,Web,Networking,Powerline Ethernet Adapter,1,59.13,59.13
2025-03-19 16:47:04,505af534-390b-485a-ad98-c1c936ea879d,Web,Mice,Precision Laser Mouse,2,52.8,105.6
2025-03-19 16:10:38,a055767d-d98d-42de-950e-d5e5148d8c06,Retail,Headsets,In-Ear Gaming Earbuds,1,44.54,44.54
2025-03-19 17:45:43,44ff1956-6a0e-49ec-b5b2-8c73d1bb2007,Web,Headsets,Wireless Bluetooth Headphones,2,103.4,206.8
2025-03-19 15:38:51,561eb488-3907-4a81-88ff-edf5fc771615,Retail,Mice,Optical Gaming Mouse,1,62.83,62.83
2025-03-19 16:29:36,713a247d-d468-4acc-a244-463900d9ade0,Web,Keyboards,Mechanical Gaming Keyboard,1,142.13,142.13
2025-03-19 20:53:45,eb60a660-2e89-428d-9c88-e342c2b5af21,Retail,Storage,512GB Portable SSD,1,60.98,60.98
2025-03-19 11:26:15,b6d4b6cd-1484-4040-abf6-094551c2105c,B2B,Keyboards,Membrane Office Keyboard,1,20.99,20.99
2025-03-19 11:44:36,84f224df-882b-407a-8ea6-bf138e83f056,B2B,Keyboards,RGB Backlit Keyboard,1,85.75,85.75
2025-03-19 12:56:55,5aad39d5-d7ae-4b40-a451-eab4a1d61013,B2B,Keyboards,Membrane Office Keyboard,1,29.06,29.06
2025-03-19 20:46:57,453b1e72-57e4-4aa7-aaef-c73ed8da96c5,Retail,Mice,Optical Gaming Mouse,1,56.77,56.77
2025-03-19 10:23:04,88604ce4-26f7-45ec-b266-440e6b6c2e57,B2B,Storage,2TB External HDD,1,71.26,71.26
2025-03-20 20:25:54,0c029f6b-4dca-4048-9cbd-beeab21c9200,Web,Keyboards,Membrane Office Keyboard,2,38.38,76.76
2025-03-20 14:42:47,2e9eaf2c-a681-4732-92b9-8dd05c435244,Retail,Headsets,Wireless Bluetooth Headphones,2,122.08,244.16
2025-03-20 17:42:15,4c0ff217-3c95-47c3-8c06-9ecf266fc051,Retail,Storage,1TB NVMe SSD,2,94.98,189.96
2025-03-20 09:38:06,bdbfcc0b-aa31-4599-8d03-af028ece2362,Web,Keyboards,Membrane Office Keyboard,1,27.42,27.42
2025-03-20 15:10:04,1c49dd8c-6915-4555-9d15-02301f3041b0,Web,Monitors,15.6-inch Portable USB-C Monitor,1,196.09,196.09
2025-03-20 12:45:02,6c81c1dd-67ef-486d-a4c1-ad0373fe0a1d,B2B,Networking,Wireless Mesh Router System,2,288.68,577.36
2025-03-20 20:03:53,6850af24-af9b-4e82-ac08-2fbd11879622,B2B,Monitors,24-inch 144Hz Gaming Monitor,1,202.12,202.12
2025-03-20 15:44:19,d3c928e9-3f1e-4d71-b9b2-2f8bb2bc5769,B2B,Headsets,Wireless Bluetooth Headphones,2,69.99,139.98
2025-03-20 15:49:12,ad255c33-d3e1-4a4e-8085-6eae893a8d6b,Retail,Networking,Gigabit Ethernet Switch,1,50.55,50.55
2025-03-20 09:00:21,2365c467-0275-458d-b691-f14fbdcc15be,B2B,Storage,128GB USB Flash Drive,1,20.67,20.67
2025-03-20 10:51:53,5f8480d1-38b5-4606-9433-8dd75161ea14,Web,Storage,128GB USB Flash Drive,2,13.99,27.98
2025-03-20 14:35:40,72616779-b2f7-427d-9731-1daade6386c3,Web,Keyboards,Membrane Office Keyboard,1,29.27,29.27
2025-03-20 15:27:07,fd929a45-0367-4f21-adb5-dd33bff3f17a,Web,Mice,Optical Gaming Mouse,1,52.87,52.87
2025-03-20 15:13:29,73e840a3-244e-45ab-858f-5193bec56525,B2B,Mice,Optical Gaming Mouse,1,65.02,65.02
2025-03-20 14:02:04,59f4f470-76da-472e-80b8-75922f348f15,Retail,Networking,Wireless Mesh Router System,1,174.99,174.99
2025-03-20 10:45:34,0303b203-4109-459c-ba84-4f5f9b9a1525,B2B,Storage,512GB Portable SSD,2,50.04,100.08
2025-03-20 18:20:40,a6625697-bafb-4d82-acbf-bebfdcae225e,B2B,Storage,1TB NVMe SSD,1,96.24,96.24
2025-03-21 15:32:40,64120e33-5de0-4e85-a9d3-a24678a065dc,B2B,Storage,2TB External HDD,1,81.8,81.8
2025-03-21 10:19:15,639aeb4c-1991-4494-a9d1-f9b2657fe36d,Web,Storage,2TB External HDD,2,96.5,193.0
2025-03-21 14:31:18,5a9982d1-1fe3-4c6d-ae90-6e3de79439ce,Retail,Keyboards,Membrane Office Keyboard,2,40.49,80.98
2025-03-21 18:28:47,d46174f6-045e-4661-aada-a2ce0d342a98,Web,Storage,4TB Desktop HDD,2,130.69,261.38
2025-03-21 09:33:50,8df93d6e-de82-4c67-a919-6e6fca9b0666,B2B,Networking,Powerline Ethernet Adapter,1,60.02,60.02
2025-03-21 20:21:21,13fe88c5-30bd-4eb4-a40f-bd4f52cc678d,B2B,Mice,Optical Gaming Mouse,2,52.78,105.56
2025-03-21 12:51:43,70478328-6e78-4a83-93db-8e2e47c714d7,Web,Storage,1TB NVMe SSD,1,82.94,82.94
2025-03-21 09:04:55,ecf00e14-441d-4264-94de-6bbb9d0c66e7,Web,Headsets,USB Conference Headset,2,57.78,115.56
2025-03-21 11:13:08,feaf3e62-bc29-4920-846b-971abd7c9e05,B2B,Keyboards,RGB Backlit Keyboard,1,81.89,81.89
2025-03-21 17:05:27,4447f7df-f07c-4157-9f7b-e485edd9d535,Retail,Storage,1TB NVMe SSD,2,80.25,160.5
2025-03-21 15:11:38,8b3bf30e-f0fe-4d6c-b372-2574beba46e6,Retail,Mice,Optical Gaming Mouse,1,65.98,65.98
2025-03-21 16:05:23,29be8713-6302-485c-a110-40cbc798a135,Web,Mice,Trackball Mouse,1,102.79,102.79
2025-03-21 18:47:27,3587114e-3737-4678-ab20-832406463062,Retail,Storage,2TB External HDD,2,92.3,184.6
2025-03-21 13:38:34,7b2a4872-a94e-4372-b4c2-7fb8f1e38ed1,B2B,Keyboards,Membrane Office Keyboard,2,23.3,46.6
2025-03-21 15:29:19,0efd4491-0e94-424b-a5bf-fc64d16d146c,Retail,Headsets,Wireless Bluetooth Headphones,1,86.58,86.58
2025-03-21 20:30:12,b7323098-47c0-4e2f-9ef5-097bc92b8682,Web,Keyboards,Membrane Office Keyboard,2,30.53,61.06
2025-03-21 17:46:46,8d02b688-6faa-4b9b-ab59-15894b7ea2cf,Retail,Mice,Precision Laser Mouse,1,81.39,81.39
2025-03-21 16:19:41,58d3c93f-b54e-45b6-bfbc-209fd56f44e4,Web,Networking,Powerline Ethernet Adapter,1,57.85,57.85
2025-03-21 09:58:07,4dc5b952-0186-4d6f-af0e-6caffcfda14f,B2B,Mice,Precision Laser Mouse,2,89.86,179.72
2025-03-21 20:22:32,7cda273b-9e6a-4b17-bb2f-00ac6fd2e766,B2B,Storage,1TB NVMe SSD,1,83.13,83.13
2025-03-22 20:42:41,1079d7af-824a-43a9-a627-dce3e5c74e29,B2B,Keyboards,Compact 60% Keyboard,1,73.93,73.93
2025-03-22 19:09:16,76da9537-6341-454e-898d-5cd026f3b7c4,B2B,Mice,Optical Gaming Mouse,1,77.11,77.11
2025-03-22 19:45:58,0939fda1-4929-4990-9188-b61b6587a530,B2B,Mice,Precision Laser Mouse,1,71.59,71.59
2025-03-22 17:58:12,19c97459-d663-46ec-9e20-f65c198a60b6,Web,Storage,4TB Desktop HDD,1,103.1,103.1
2025-03-22 19:56:24,aeae7b28-f901-4bbf-8d1e-627db2ed61b4,B2B,Monitors,27-inch 4K IPS Monitor,1,472.49,472.49
2025-03-22 20:55:05,98c9e373-7fae-4c8b-bec6-73c1b07d4996,B2B,Keyboards,RGB Backlit Keyboard,1,76.89,76.89
2025-03-22 20:13:59,8aadc179-9d49-4a6e-8136-9d6bebcfd19b,B2B,Storage,2TB External HDD,2,85.51,171.02
2025-03-22 16:00:06,686e62c9-e375-461d-958c-a74fe2a455a1,B2B,Keyboards,Wireless Ergonomic Keyboard,1,81.41,81.41
2025-03-22 15:10:11,791ffe2d-3647-49e4-bf73-814b7bf6fe14,B2B,Mice,Precision Laser Mouse,2,74.93,149.86
2025-03-22 17:07:28,716d239d-e207-42c7-882e-25af581825a1,Web,Headsets,In-Ear Gaming Earbuds,2,44.14,88.28
2025-03-22 12:16:57,e92c7214-64fa-4e50-9b51-7e266b0c15bc,Retail,Storage,4TB Desktop HDD,1,124.59,124.59
2025-03-22 19:10:05,c7f69cb8-c57e-430f-a83e-7fcc3898a002,Retail,Mice,Wireless Bluetooth Mouse,3,45.74,137.22
2025-03-22 16:43:48,e189725e-ddf8-4cb3-8467-ab3a006acdf7,Web,Keyboards,RGB Backlit Keyboard,1,81.35,81.35
2025-03-22 09:42:37,5d3cb942-36c1-4608-bfb3-199d2954361b,Web,Storage,512GB Portable SSD,2,86.28,172.56
2025-03-22 13:59:31,b8bea314-6d3e-44f2-8f47-d1304680ecf8,Retail,Headsets,Wireless Bluetooth Headphones,1,100.92,100.92
2025-03-22 14:23:43,66b8fe97-bfd2-4dae-a6f0-3c779512dce5,Retail,Networking,Wireless Mesh Router System,1,318.92,318.92
2025-03-23 11:01:38,720c3b1e-9da7-4935-833b-63be0a35424a,B2B,Keyboards,Compact 60% Keyboard,1,64.23,64.23
2025-03-23 14:28:39,1ac1afee-1328-47b4-95d8-9f0a9589b067,Retail,Storage,1TB NVMe SSD,1,63.82,63.82
2025-03-23 09:40:52,412d70b6-98f1-4ecd-adef-91edf80582b0,B2B,Mice,Wireless Bluetooth Mouse,2,42.5,85.0
2025-03-23 16:14:38,1c648214-35b4-454d-91d1-ea2e7af03362,B2B,Headsets,USB Conference Headset,1,43.35,43.35
2025-03-23 10:22:27,adfa76ca-d965-4ad6-b827-86f1852bc0d6,Retail,Networking,USB Wi-Fi Adapter,1,38.11,38.11
2025-03-23 20:24:18,4d2feba7-1611-41ba-b2b7-cb60b26ed825,B2B,Monitors,34-inch Ultrawide Curved Monitor,1,364.19,364.19
2025-03-23 17:56:36,e6a0c0ce-ebbc-49d1-bdfe-50b150565ef1,B2B,Storage,512GB Portable SSD,1,72.94,72.94
2025-03-23 19:35:55,ff7e585e-a092-49d6-b16f-c7231b9ed9fc,Retail,Headsets,Wireless Bluetooth Headphones,1,87.83,87.83
2025-03-23 16:42:34,4fe11dfb-ae77-4fdd-8511-150ade532f58,Web,Mice,Optical Gaming Mouse,2,58.53,117.06
2025-03-23 20:01:10,bdb95c1e-09a8-4fcb-91cf-9a66a23dd286,Retail,Networking,Gigabit Ethernet Switch,1,45.5,45.5
2025-03-23 13:14:46,c2288a3f-3cb3-4e94-b6b3-be2248c4cec5,Retail,Mice,Optical Gaming Mouse,1,48.53,48.53
2025-03-23 19:46:31,5fe3124c-a9a2-4961-80e0-313d42907b07,B2B,Keyboards,RGB Backlit Keyboard,1,60.48,60.48
2025-03-23 12:59:36,5b2d0d4e-0456-4a75-a376-c25d526afbd9,B2B,Storage,512GB Portable SSD,2,86.7,173.4
2025-03-23 20:24:41,c3f1782c-697c-4b67-a696-a6a80d7fe63d,B2B,Monitors,24-inch 144Hz Gaming Monitor,2,184.72,369.44
2025-03-23 15:51:14,0d25ce6f-8e95-49f0-a02f-1af46e839247,Web,Mice,Optical Gaming Mouse,1,52.8,52.8
2025-03-24 14:24:36,5fd3a627-ccd6-4642-a981-44b950dfcef4,Retail,Storage,2TB External HDD,2,93.55,187.1
2025-03-24 15:27:20,707aa476-e5d7-41fd-ba53-6a30edf3c19b,B2B,Storage,512GB Portable SSD,1,61.72,61.72
2025-03-24 10:25:00,c37c2e47-60b6-42cd-9ca4-26b0f0f99219,Retail,Headsets,Surround Sound Headphones,1,117.09,117.09
2025-03-24 13:53:14,dcf0e639-e010-459f-a638-1f3272a232a8,Retail,Headsets,USB Conference Headset,2,47.23,94.46
2025-03-24 20:02:38,af1f113c-e629-45b9-80ac-9aa22af24fd4,B2B,Mice,Wireless Bluetooth Mouse,1,52.96,52.96
2025-03-24 20:36:30,2f30813f-4e99-4668-83a4-bfe8d0e7d3ca,Web,Monitors,24-inch 144Hz Gaming Monitor,1,208.94,208.94
2025-03-24 14:09:52,90aa38d5-8757-4547-9525-122c00d05ab5,B2B,Storage,1TB NVMe SSD,1,76.01,76.01
2025-03-24 20:03:59,966b0107-2ffa-4438-9bb9-86c232587338,Web,Storage,4TB Desktop HDD,1,108.83,108.83
2025-03-24 11:01:35,496549e2-67fc-4a87-92cf-0c52621f93b6,Retail,Mice,Trackball Mouse,1,100.99,100.99
2025-03-24 15:25:04,aead0e36-b219-4e8d-92d8-b762be934164,Retail,Headsets,Surround Sound Headphones,1,167.51,167.51
2025-03-24 17:25:06,2ecc8939-c72b-4bf1-9d37-f71bce0bb18c,B2B,Keyboards,Compact 60% Keyboard,1,62.77,62.77
2025-03-24 09:54:59,cb81e6c5-5959-4a5a-aa4e-d8e6667a2fa1,Retail,Storage,1TB NVMe SSD,1,73.91,73.91
2025-03-24 11:13:13,766a39e0-8638-4c44-92f6-81216159b159,Web,Storage,512GB Portable SSD,2,74.91,149.82
2025-03-24 20:54:36,e192ac9e-9180-49e9-8193-61fe7ba19e03,Web,Keyboards,RGB Backlit Keyboard,1,94.99,94.99
2025-03-24 11:59:03,1fe80483-5b8a-49ac-8476-89a9ea919272,Retail,Keyboards,RGB Backlit Keyboard,2,78.35,156.7
2025-03-24 09:07:32,9130a405-3103-4ed2-a934-6c3a8fa56018,B2B,Monitors,24-inch 144Hz Gaming Monitor,1,258.1,258.1
2025-03-24 12:02:07,8b5e2e88-9505-431f-a10a-d6ef91db988c,Retail,Mice,Optical Gaming Mouse,1,72.86,72.86
2025-03-25 20:50:42,0560571a-7344-44bf-98a2-be4dad133f5e,Retail,Monitors,24-inch 144Hz Gaming Monitor,2,201.18,402.36
2025-03-25 19:28:23,4610d3f3-59ca-4e8d-a924-74402340c859,Web,Keyboards,Mechanical Gaming Keyboard,2,120.24,240.48
2025-03-25 16:41:42,0e68de90-2ff0-4151-a2ee-9d1446637467,Web,Networking,Gigabit Ethernet Switch,2,38.3,76.6
2025-03-25 13:44:47,39e5a295-b3c6-4520-a71d-fcabecf96da2,B2B,Keyboards,RGB Backlit Keyboard,2,74.22,148.44
2025-03-25 16:41:44,128d10cf-f15c-4328-ba15-5f08f11ad23c,B2B,Headsets,Noise-Cancelling Gaming Headset,2,107.03,214.06
2025-03-25 17:11:25,82168899-4dbd-4790-8ffd-4baf45c8cd47,Web,Storage,128GB USB Flash Drive,1,25.62,25.62
2025-03-26 19:57:07,c0ce203a-1591-4fce-a891-dbb96b689751,B2B,Keyboards,Membrane Office Keyboard,1,23.4,23.4
2025-03-26 09:35:28,f7ff658b-dc0f-4831-a856-9ec6ec6b9026,Web,Storage,512GB Portable SSD,2,67.04,134.08
2025-03-26 13:54:48,581d08cc-60e9-4512-9b89-d5d2954aae80,Web,Keyboards,Mechanical Gaming Keyboard,1,124.72,124.72
2025-03-26 14:34:10,3a369775-8a15-4094-890f-4bba98e88729,B2B,Headsets,Noise-Cancelling Gaming Headset,2,106.39,212.78
2025-03-26 17:57:50,ca71714b-ba73-4534-b6eb-9ae460f5956d,B2B,Mice,Wireless Bluetooth Mouse,1,53.99,53.99
2025-03-26 20:20:33,e455286a-5d54-495d-84b4-a693418f7454,Retail,Networking,Gigabit Ethernet Switch,1,34.99,34.99
2025-03-26 19:52:02,89321823-b77f-4044-8124-3f66d41f1a4f,Web,Mice,Optical Gaming Mouse,2,58.98,117.96
2025-03-26 12:08:38,475c683f-5580-46c4-810f-2752333ecdf8,B2B,Headsets,In-Ear Gaming Earbuds,1,46.74,46.74
2025-03-26 10:35:16,64d6e8ff-28c8-4733-9753-57bb85029fa3,B2B,Mice,Optical Gaming Mouse,1,70.07,70.07
2025-03-26 10:16:43,9086cb12-9edf-45ab-820a-69d3bd60a885,B2B,Headsets,Noise-Cancelling Gaming Headset,2,127.26,254.52
2025-03-26 13:40:44,f2a7c5fc-5492-44fb-89a5-9fa35d4b2352,B2B,Monitors,24-inch 144Hz Gaming Monitor,1,274.0,274.0
2025-03-26 19:41:52,14d6110b-319e-408a-af74-6b922fd7a6d7,Web,Headsets,USB Conference Headset,1,64.24,64.24
2025-03-26 15:24:01,8d894e69-8b27-4779-9098-7fbd92718641,Web,Networking,USB Wi-Fi Adapter,2,40.49,80.98
2025-03-26 10:34:07,ed40fd53-cce6-4c44-99eb-cddfd75018b3,Retail,Storage,1TB NVMe SSD,2,81.19,162.38
2025-03-26 13:09:55,a76d0e38-9455-47ae-aded-3ed4bae1816b,Retail,Storage,512GB Portable SSD,2,78.2,156.4
2025-03-26 12:24:06,a8d5a973-70f1-4fda-8a6f-dafd3c54727d,Web,Storage,512GB Portable SSD,2,62.24,124.48
2025-03-26 16:06:33,ad2fffdf-c862-40c9-aaa2-5d75e522f800,B2B,Mice,Vertical Ergonomic Mouse,1,63.91,63.91
2025-03-26 18:06:57,5f96fa78-e26e-49a6-8952-63cabecb831f,Retail,Keyboards,Wireless Ergonomic Keyboard,1,81.5,81.5
2025-03-26 20:43:50,691c6c1e-4128-4a51-a28d-f857d63fc0df,B2B,Headsets,Surround Sound Headphones,1,151.76,151.76
2025-03-27 13:03:58,bbfec5d2-940b-4304-9262-f1659749f501,Retail,Storage,1TB NVMe SSD,1,68.61,68.61
2025-03-27 18:26:45,46df76e1-ce2a-4ae3-b22f-116ed5396c39,Retail,Headsets,Wireless Bluetooth Headphones,1,105.3,105.3
2025-03-27 13:27:33,f453201e-77d3-4bb7-8aa9-f6d6e62866c3,Web,Networking,USB Wi-Fi Adapter,1,23.23,23.23
2025-03-27 10:19:26,aaebe857-70ce-4eb5-8fab-94f8ded23ea0,Web,Storage,512GB Portable SSD,2,70.32,140.64
2025-03-27 18:03:05,0756c63b-7e95-4775-b7cc-9a5071ccfd2c,B2B,Storage,2TB External HDD,1,85.3,85.3
2025-03-27 09:27:43,6988d436-0724-4043-92c1-29ab98e8e525,B2B,Headsets,USB Conference Headset,2,37.83,75.66
2025-03-27 19:56:34,60f8ddf1-d8f5-474f-b51f-26673aa8444e,Retail,Storage,1TB NVMe SSD,2,90.3,180.6
2025-03-27 20:00:45,7a05df65-e359-4a4f-a8cd-069f08a359c0,B2B,Headsets,Noise-Cancelling Gaming Headset,1,121.06,121.06
2025-03-27 17:43:38,8d3fe098-778d-43e1-b7c6-62eaed35646e,Retail,Keyboards,Mechanical Gaming Keyboard,1,154.56,154.56
2025-03-27 19:59:56,5dc032fc-e750-45ee-90db-b5b6e33ee8e9,Web,Storage,2TB External HDD,2,87.49,174.98
2025-03-27 09:27:31,78dffdb7-c690-49a8-a2d0-583562486991,Retail,Mice,Precision Laser Mouse,1,78.32,78.32
2025-03-27 19:15:53,6992970b-6549-4486-8521-c22b3510d1bc,Web,Headsets,In-Ear Gaming Earbuds,1,34.53,34.53
2025-03-27 09:47:40,afb96ec6-4eb9-41ba-a11f-76682c6580bf,Web,Headsets,In-Ear Gaming Earbuds,1,40.57,40.57
2025-03-28 13:22:06,d4eb714b-187b-4310-8a37-dbd65369b8b5,B2B,Keyboards,Mechanical Gaming Keyboard,2,125.78,251.56
2025-03-28 14:00:06,9f41635c-eebc-4d64-97e4-a620dac7617d,Web,Headsets,Noise-Cancelling Gaming Headset,2,109.63,219.26
2025-03-28 10:58:31,7a3f74d5-0cac-403d-abe1-2ad8fd09e2d6,B2B,Keyboards,Mechanical Gaming Keyboard,1,129.21,129.21
2025-03-28 16:25:23,54da4565-4e0b-44c7-92d5-810fcac8e709,Retail,Mice,Wireless Bluetooth Mouse,1,37.05,37.05
2025-03-28 19:53:28,1be2e4b4-7df7-4fd1-b92c-c4d6322402d0,Retail,Keyboards,Membrane Office Keyboard,1,40.49,40.49
2025-03-28 09:22:56,32b42037-ee0f-4f7c-957c-f8234e60bc4b,Web,Storage,4TB Desktop HDD,2,133.95,267.9
2025-03-28 14:57:02,973c5d7e-5d62-4e10-8f78-9c6726d3a915,Web,Keyboards,Membrane Office Keyboard,1,33.88,33.88
2025-03-28 19:17:07,7bf47632-b7bb-4209-9251-7a0d2a9b8989,B2B,Headsets,Noise-Cancelling Gaming Headset,1,116.08,116.08
2025-03-28 15:32:46,84119f0a-7cad-47a0-b431-d36f7e37d293,Retail,Networking,Gigabit Ethernet Switch,2,45.24,90.48
2025-03-28 10:50:01,fa5123a4-9710-456c-a9ee-059ce63d90e6,Retail,Keyboards,Compact 60% Keyboard,1,70.79,70.79
2025-03-29 16:05:48,b2c7f410-e656-42f7-b470-37dd967f2a7a,B2B,Headsets,Noise-Cancelling Gaming Headset,2,106.39,212.78
2025-03-29 10:55:16,15dfc56d-b987-4c4d-a898-32baa51023d7,Web,Networking,Powerline Ethernet Adapter,1,59.35,59.35
2025-03-29 15:12:30,936be6b5-1d17-47db-ac62-f9d6874eb319,Web,Storage,1TB NVMe SSD,1,109.67,109.67
2025-03-29 18:40:40,e5c23c10-e09b-4137-b082-cfed9592662c,Web,Keyboards,Compact 60% Keyboard,2,94.49,188.98
2025-03-29 09:17:12,076eb813-f514-4c42-8a24-9bdbc1027733,Retail,Networking,Gigabit Ethernet Switch,2,56.21,112.42
2025-03-29 15:26:33,fe929810-dc50-4662-838f-ff93417b04a1,B2B,Mice,Wireless Bluetooth Mouse,1,53.99,53.99
2025-03-29 15:30:03,85da900d-0362-4b92-ae9b-2e672a97b4aa,B2B,Headsets,USB Conference Headset,2,55.85,111.7
2025-03-29 14:45:26,735d3c69-3501-4444-8664-241d09ccfdf0,Web,Mice,Optical Gaming Mouse,3,66.05,198.15
2025-03-29 19:47:20,23534868-c8ae-4e1e-960a-1b7139821911,Retail,Mice,Optical Gaming Mouse,2,53.07,106.14
2025-03-29 16:23:21,00370267-dfbc-4496-9873-ec3482691327,Web,Mice,Wireless Bluetooth Mouse,1,42.56,42.56
2025-03-29 11:21:23,6de5186e-265a-4036-9050-27525cb23aa0,Retail,Storage,2TB External HDD,1,72.98,72.98
2025-03-29 13:13:37,6f4893ea-3128-49c1-b6c5-91e649b27555,Web,Mice,Precision Laser Mouse,2,64.58,129.16
2025-03-29 10:02:37,fc550dd9-f048-436d-8503-e136c4b15961,B2B,Networking,USB Wi-Fi Adapter,1,32.28,32.28
2025-03-29 10:04:34,6ccdaba7-8d72-44ff-8c9a-1e3b8bba21bf,Retail,Monitors,34-inch Ultrawide Curved Monitor,1,581.38,581.38
2025-03-29 12:34:46,7152933a-b29d-4d5b-9dbb-2567904dd6a8,Web,Keyboards,Membrane Office Keyboard,2,26.37,52.74
2025-03-30 17:50:01,3bac483f-8082-4502-8bd5-99097221d33d,Retail,Keyboards,Membrane Office Keyboard,1,31.04,31.04
2025-03-30 18:03:50,06756ff9-29d2-498e-9d42-3a917710ce0c,Web,Networking,Network Attached Storage (NAS),1,417.66,417.66
2025-03-30 15:31:43,8762218e-d280-4b45-a956-c23d12f43cf5,B2B,Headsets,Surround Sound Headphones,1,156.87,156.87
2025-03-30 15:35:49,1387843c-2c3a-4a54-a18f-f10d70fb08c7,B2B,Mice,Precision Laser Mouse,2,87.24,174.48
2025-03-30 11:36:13,4b6fa6f7-0622-4dc4-90e3-2ff80a5b4a4a,Web,Monitors,27-inch 4K IPS Monitor,2,366.7,733.4
2025-03-30 20:46:33,24e71191-924e-4ed7-92cd-3be46e16b40d,Web,Mice,Optical Gaming Mouse,1,49.32,49.32
2025-03-31 17:15:18,12eae5fb-c23c-4a0b-b1ee-9e16eac490e4,Web,Keyboards,Mechanical Gaming Keyboard,1,128.6,128.6
2025-03-31 09:41:15,7b5782da-95fb-4ec4-8b73-87a3674438ad,Web,Networking,Powerline Ethernet Adapter,1,66.3,66.3
2025-03-31 09:41:22,489d3366-294f-4065-9b17-44e705362118,Retail,Monitors,24-inch 144Hz Gaming Monitor,1,296.99,296.99
2025-03-31 13:46:08,946264ed-9722-4d5d-8c6f-6fa77066c440,B2B,Headsets,Noise-Cancelling Gaming Headset,1,107.65,107.65
2025-03-31 09:40:52,6691c8a1-eb83-4a9b-9565-e337ada52322,Retail,Keyboards,Mechanical Gaming Keyboard,2,139.12,278.24
2025-03-31 09:34:42,578fcf21-64df-4fc1-8fbf-92205c23b794,B2B,Networking,Powerline Ethernet Adapter,2,58.37,116.74
2025-03-31 20:44:24,4911ebea-47c1-4afd-80c8-2456240db071,Retail,Networking,USB Wi-Fi Adapter,1,24.94,24.94
2025-03-31 16:14:20,65264f3c-d2f3-4604-8548-df7a30ae3c84,B2B,Mice,Optical Gaming Mouse,1,50.54,50.54
2025-03-31 15:09:28,917790eb-c9c7-446e-9654-838b9f6b4db9,B2B,Mice,Optical Gaming Mouse,1,48.39,48.39
2025-03-31 16:11:52,ee1449e5-7a15-4452-9db2-2e7910984fe7,Web,Storage,4TB Desktop HDD,1,123.07,123.07
2025-03-31 11:41:18,304f85bb-389b-4e05-965c-4246a73eafb3,Web,Keyboards,Mechanical Gaming Keyboard,1,139.4,139.4
2025-03-31 12:04:09,7d5700e6-0a5b-4e90-8f4c-2afa88bc115c,Web,Keyboards,Wireless Ergonomic Keyboard,1,73.31,73.31
2025-03-31 19:25:06,649be1ab-9a10-489c-a11c-27baa5a61d8c,Web,Storage,1TB NVMe SSD,1,78.35,78.35
2025-04-01 09:50:06,d2ca634e-5cf0-4260-84db-516c8bb8e3c1,Retail,Headsets,In-Ear Gaming Earbuds,1,43.29,43.29
2025-04-01 18:57:28,71ca29bf-fcd9-4815-9a69-24623b0a73e5,Retail,Storage,128GB USB Flash Drive,2,21.1,42.2
2025-04-01 09:34:44,f30fc67d-b502-4387-b2c0-e4a8860475bc,B2B,Mice,Optical Gaming Mouse,2,66.69,133.38
2025-04-01 17:56:53,47805099-e41c-427e-ad4b-d4467e6bf810,Web,Headsets,Noise-Cancelling Gaming Headset,1,129.08,129.08
2025-04-01 09:14:27,f60e713e-7c3d-4a4d-a5bc-02a32a2a69b4,Retail,Mice,Precision Laser Mouse,1,78.56,78.56
2025-04-01 20:52:57,f4059566-2c2f-495a-8489-d920b3886e6d,Web,Keyboards,RGB Backlit Keyboard,1,73.2,73.2
2025-04-01 12:06:18,7a09d0d2-7d28-4c6e-8bdc-396e24da7ffe,B2B,Mice,Vertical Ergonomic Mouse,2,52.99,105.98
2025-04-01 09:38:09,ff350586-df70-4854-aa55-c1e589705c52,B2B,Keyboards,Membrane Office Keyboard,1,29.03,29.03
2025-04-01 11:43:27,4072a261-3c33-478d-8b1a-14bba48bfe90,B2B,Keyboards,Compact 60% Keyboard,1,64.16,64.16
2025-04-01 10:17:58,c9310f53-d54f-4d1b-b982-5fce54266f10,Retail,Headsets,USB Conference Headset,1,45.34,45.34
2025-04-01 20:51:04,d52166d9-4ff3-405a-83d8-e02b29bceec2,Web,Storage,512GB Portable SSD,1,77.81,77.81
2025-04-01 16:52:04,4eea73f5-99e7-40e0-b416-b25752258e14,Retail,Keyboards,RGB Backlit Keyboard,1,88.7,88.7
2025-04-01 13:09:05,055aebc0-2787-4ce5-8520-5660b74952fe,Web,Mice,Wireless Bluetooth Mouse,2,36.45,72.9
2025-04-01 20:26:38,f2a0bbb0-dc5b-49a6-959c-980d6f43edc0,Retail,Storage,512GB Portable SSD,2,81.41,162.82
2025-04-01 12:24:26,a6bda62a-dc6c-4afa-a219-f11ba840efab,B2B,Headsets,In-Ear Gaming Earbuds,1,27.99,27.99
2025-04-01 15:05:37,848b52bb-86a0-473e-ae33-9a41da335501,B2B,Storage,1TB NVMe SSD,1,84.35,84.35
2025-04-01 20:14:44,3e230327-5133-4465-80f5-433b466efc94,Retail,Keyboards,RGB Backlit Keyboard,2,81.85,163.7
2025-04-01 17:30:08,aadb7a83-e79d-4927-b82d-deea871dd1ad,Web,Networking,Gigabit Ethernet Switch,1,49.92,49.92
2025-04-01 14:54:54,0ad59139-c94f-4101-9440-b02047860f02,Web,Storage,4TB Desktop HDD,2,152.29,304.58
2025-04-01 15:15:13,42decdab-3ce6-42d8-b5d9-708342059d53,Web,Storage,128GB USB Flash Drive,1,13.99,13.99
2025-04-01 20:45:09,a402cc8d-649e-4266-afd8-643d0dea00b0,Web,Mice,Precision Laser Mouse,1,75.35,75.35
2025-04-01 18:04:30,d7efec4b-6a9f-4178-b09c-de28cf17b931,Web,Storage,128GB USB Flash Drive,2,20.62,41.24
2025-04-01 10:15:04,c3ecb03f-1673-4453-90a4-5ff69f1adff9,Retail,Keyboards,Mechanical Gaming Keyboard,2,140.18,280.36
2025-04-01 20:33:44,890346c5-85cc-4b9d-94fa-5a9f5039badd,Retail,Networking,USB Wi-Fi Adapter,1,39.01,39.01
2025-04-02 15:43:56,f7a48adb-19eb-4f92-8bbf-1076d0cb4f3a,B2B,Headsets,Wireless Bluetooth Headphones,1,125.69,125.69
2025-04-02 18:32:19,bb6b2da8-a2d4-42a1-895f-b908c960853e,Retail,Storage,1TB NVMe SSD,1,102.23,102.23
2025-04-02 11:47:13,dfa19878-2dad-42a5-83dc-0cc73aede9f1,Web,Mice,Trackball Mouse,2,86.37,172.74
2025-04-02 20:35:38,a75b44d8-910f-4fd7-b65e-7579ab5588ca,B2B,Storage,128GB USB Flash Drive,1,15.28,15.28
2025-04-02 11:03:51,2991b282-ce82-42f3-b985-2d2a58534557,Retail,Mice,Precision Laser Mouse,2,52.49,104.98
2025-04-02 10:23:38,e0142a3f-ede0-4bb9-8c08-781a8b9c8aee,Retail,Storage,512GB Portable SSD,2,65.73,131.46
2025-04-02 18:00:48,0a5b6a08-71a9-422a-b8bd-bb29580615df,Web,Networking,Gigabit Ethernet Switch,1,49.04,49.04
2025-04-02 19:59:02,6d508cfc-4ee5-4dc7-bec9-aeacd51feb21,Web,Mice,Optical Gaming Mouse,1,43.72,43.72
2025-04-02 09:03:20,d636d705-c7fc-496e-95df-cddfc3a7ece6,Retail,Keyboards,RGB Backlit Keyboard,2,73.1,146.2
2025-04-02 14:48:18,4f598512-9a22-4c89-b3c0-8bb7a815b074,B2B,Networking,USB Wi-Fi Adapter,2,30.1,60.2
2025-04-02 11:44:43,9884a162-2c85-4b6d-b4d3-b041de8fb6e0,Retail,Keyboards,RGB Backlit Keyboard,1,63.91,63.91
2025-04-02 17:06:32,e64388ae-de0c-4797-a6de-003df56507d0,Web,Storage,128GB USB Flash Drive,2,13.99,27.98
2025-04-02 09:18:10,6b8bce7b-00ab-47d1-b643-748d5916ed87,Retail,Keyboards,Compact 60% Keyboard,2,72.9,145.8
2025-04-02 19:05:45,336482b7-e4d6-4a6f-a2a4-9b6bfffd3fbc,Web,Mice,Optical Gaming Mouse,1,60.69,60.69
2025-04-02 17:33:46,a5747d23-f961-4dc8-b8c7-588da3c00335,B2B,Monitors,34-inch Ultrawide Curved Monitor,1,452.91,452.91
2025-04-03 14:18:23,0ba91de9-4e4a-45dc-8fcb-0d2f28023b12,Retail,Monitors,34-inch Ultrawide Curved Monitor,1,471.88,471.88
2025-04-03 12:13:39,a2014e33-2a73-4bc6-8267-4b4a6521902e,Web,Monitors,34-inch Ultrawide Curved Monitor,1,382.05,382.05
2025-04-03 16:06:51,50e5b521-dc5b-4fc4-9bed-d8a02d4eb72a,Retail,Keyboards,Mechanical Gaming Keyboard,1,155.65,155.65
2025-04-03 10:31:06,7c495641-687a-4d96-8006-93b582e70b68,Web,Headsets,Wireless Bluetooth Headphones,1,94.92,94.92
2025-04-03 11:04:17,8d02de51-b362-425f-abf7-5e2e68b21cf4,Retail,Headsets,In-Ear Gaming Earbuds,2,45.17,90.34
2025-04-03 13:30:16,b09c724d-6655-4d6c-a82e-13e4b3d071d5,Retail,Storage,2TB External HDD,1,98.61,98.61
2025-04-03 10:36:31,9d008753-52e6-401f-9660-b4981a70072e,Retail,Keyboards,Mechanical Gaming Keyboard,1,150.84,150.84
2025-04-04 17:28:16,bdd5e97f-f4ad-4e22-9c5e-5c5196193c40,B2B,Storage,4TB Desktop HDD,2,153.11,306.22
2025-04-04 20:52:35,46bb697b-0d58-4fd9-aff4-a92594381fac,Web,Keyboards,Mechanical Gaming Keyboard,1,139.3,139.3
2025-04-04 11:36:25,2fd69c37-ef58-47f9-89b6-88bf23b25a7b,Web,Storage,128GB USB Flash Drive,1,23.72,23.72
2025-04-04 19:34:57,37b2a29e-60c5-45e7-8e49-3af6fa35eef6,Web,Storage,128GB USB Flash Drive,2,22.47,44.94
2025-04-04 15:49:27,78a6b3cf-448b-4776-ade3-48a2743ab749,Retail,Keyboards,Membrane Office Keyboard,2,26.25,52.5
2025-04-04 12:44:47,82f8d184-e858-4dbb-907a-614dae2208d5,Retail,Headsets,Wireless Bluetooth Headphones,1,117.07,117.07
2025-04-04 17:09:30,e5d0a26c-b506-4b30-a0ba-4b6c95f2c742,Web,Keyboards,Compact 60% Keyboard,1,83.29,83.29
2025-04-04 15:03:59,423a758f-dc65-4b60-b66a-495b02df8707,Retail,Storage,128GB USB Flash Drive,1,21.05,21.05
2025-04-04 12:55:01,9ceacb15-0a80-4293-a2db-30698d55f622,B2B,Networking,USB Wi-Fi Adapter,1,29.94,29.94
2025-04-04 11:04:17,26d2f78d-bce7-4e33-908f-27b655c75290,Retail,Mice,Trackball Mouse,1,87.46,87.46
2025-04-04 15:33:13,d5b5c888-cdc5-44fb-b040-b019349cfec9,Retail,Monitors,15.6-inch Portable USB-C Monitor,1,240.08,240.08
2025-04-04 15:21:48,e48059ca-a4c3-4293-9077-ca2f9d0d6b6b,Web,Mice,Wireless Bluetooth Mouse,2,45.62,91.24
2025-04-04 16:34:44,8ece800a-e8fb-4cc9-94cf-eac6e43af2f0,B2B,Storage,512GB Portable SSD,1,49.8,49.8
2025-04-04 17:50:57,dd68430a-2338-45b6-9376-104250d2fa53,Web,Monitors,27-inch 4K IPS Monitor,1,302.25,302.25
2025-04-04 18:39:09,149213e2-bf7b-41a2-8eb0-46fbb20ba8fa,B2B,Mice,Wireless Bluetooth Mouse,1,38.14,38.14
2025-04-04 16:59:09,2fe8ad41-6867-4fbd-905e-7156463a05d9,Retail,Headsets,USB Conference Headset,1,54.17,54.17
2025-04-05 17:46:00,829c16fe-2ab7-4352-9525-b90cd9efc40f,Web,Networking,Powerline Ethernet Adapter,1,49.85,49.85
2025-04-05 09:13:47,bec0a811-f092-43a5-81aa-ab8519299424,Retail,Networking,Powerline Ethernet Adapter,1,47.91,47.91
2025-04-05 11:38:24,9b18f5df-360e-45b1-b795-2d2d02cabaae,Web,Mice,Optical Gaming Mouse,1,58.48,58.48
2025-04-05 14:01:19,0568154a-73c6-49c6-972c-50c205595ad4,B2B,Networking,Gigabit Ethernet Switch,1,49.2,49.2
2025-04-05 10:44:31,cd66f938-389d-4080-b306-a7efb1fcc65f,Retail,Monitors,24-inch 144Hz Gaming Monitor,1,175.2,175.2
2025-04-05 15:33:48,c310fca2-80a8-430e-8fad-075020b06840,Web,Mice,Vertical Ergonomic Mouse,1,62.04,62.04
2025-04-05 17:38:10,cd1978b3-91ee-4d66-8f80-f94636b57e99,Retail,Headsets,In-Ear Gaming Earbuds,1,34.3,34.3
2025-04-05 19:18:44,4edfcece-43c3-454a-ab01-27896da67942,Web,Monitors,34-inch Ultrawide Curved Monitor,2,398.14,796.28
2025-04-05 10:05:41,9f3a5cd2-43cc-405c-adde-ead7d1086c09,Retail,Keyboards,Mechanical Gaming Keyboard,2,129.98,259.96
2025-04-05 17:06:40,7de3e740-0a10-4a6c-bfb0-a87a8f1dc0e9,B2B,Headsets,Wireless Bluetooth Headphones,1,79.01,79.01
2025-04-05 19:18:54,54780df8-2f21-4f0d-adea-facddf0120d3,Web,Headsets,Noise-Cancelling Gaming Headset,1,111.58,111.58
2025-04-05 16:07:22,0e9716e9-fe2a-4442-85e5-dffea91522fb,Retail,Networking,USB Wi-Fi Adapter,1,29.05,29.05
2025-04-05 19:45:50,1406e2eb-b1be-4049-8ab0-511d38a1c03d,Web,Storage,2TB External HDD,1,70.53,70.53
2025-04-05 19:16:19,ff178178-ebf1-459d-a0e8-6def1220fedb,Retail,Storage,128GB USB Flash Drive,2,19.84,39.68
2025-04-05 15:02:00,15466fc6-b562-4414-862e-aa55a93af5b4,Retail,Keyboards,Mechanical Gaming Keyboard,1,105.5,105.5
2025-04-05 14:21:10,51a4f028-6236-492b-936f-4d890aab2213,Retail,Networking,USB Wi-Fi Adapter,2,28.82,57.64
2025-04-05 15:12:39,f06df703-4174-41a7-ae5c-967d986a92ad,Web,Monitors,24-inch 144Hz Gaming Monitor,1,201.44,201.44
2025-04-05 19:24:46,c0269313-911d-4a77-adc7-5efcc1352ebb,Retail,Keyboards,Membrane Office Keyboard,1,28.76,28.76
2025-04-05 15:14:06,64b43cb3-ddb7-41e2-b185-4012363b1596,Web,Storage,1TB NVMe SSD,1,96.16,96.16
2025-04-05 19:58:16,b5c709dc-3fc0-44e7-ab25-d354a53f0ae7,Web,Storage,128GB USB Flash Drive,1,13.99,13.99
2025-04-05 10:01:27,63eff5ad-ab0c-4e0a-90e0-7cb1595f528f,B2B,Keyboards,Mechanical Gaming Keyboard,2,116.14,232.28
2025-04-05 10:36:24,b55ae004-6ea7-4f4d-8ea3-6513a3d6f67e,B2B,Keyboards,Mechanical Gaming Keyboard,2,117.29,234.58
2025-04-05 16:40:40,3f3eb6a1-0fa0-49d8-a969-8176aa7e3833,Web,Storage,512GB Portable SSD,2,65.67,131.34
2025-04-05 12:46:49,7a62a77c-1892-425b-b340-d7803aa5f1f5,Retail,Storage,128GB USB Flash Drive,1,24.73,24.73
2025-04-05 13:05:59,eb216787-b893-457b-9ed2-ce43afdb0a62,Web,Keyboards,Compact 60% Keyboard,1,65.89,65.89
2025-04-06 12:25:06,273ca31a-81a2-478a-85cd-81915613189f,Web,Headsets,USB Conference Headset,1,38.82,38.82
2025-04-06 12:43:26,c9696c0f-24dc-45f0-9a30-bcec6d24eaa0,Retail,Mice,Precision Laser Mouse,1,71.41,71.41
2025-04-06 11:11:19,6dc68f50-2247-4915-b13f-09ddcf9febdd,Web,Keyboards,Mechanical Gaming Keyboard,1,109.98,109.98
2025-04-06 10:21:22,d2ecf472-be56-448e-b4c6-54e8480a2bbb,B2B,Headsets,Wireless Bluetooth Headphones,1,78.36,78.36
2025-04-06 09:10:33,909a0d85-18db-43dd-9995-8cc7dd1b9329,Web,Storage,2TB External HDD,3,94.21,282.63
2025-04-06 11:13:55,3013f6ba-3da7-4898-aa1a-435fc4974810,Web,Mice,Precision Laser Mouse,2,72.06,144.12
2025-04-06 10:46:44,23146633-1951-4148-b8ee-795fe9ec6e3c,Retail,Networking,USB Wi-Fi Adapter,1,30.82,30.82
2025-04-06 20:35:41,b9cfe69f-474a-40d4-b76b-b075fda2de8b,B2B,Mice,Wireless Bluetooth Mouse,1,43.33,43.33
2025-04-06 15:59:12,f1cd8565-d472-4ed0-9fc5-0e68415eec8d,Web,Mice,Optical Gaming Mouse,1,58.05,58.05
2025-04-06 18:50:49,2bfe2561-2987-410e-bb07-0e7b55dc2d74,Web,Monitors,27-inch 4K IPS Monitor,1,408.79,408.79
2025-04-06 20:31:27,3ccd1599-ef2d-45fb-b53f-8fcb4daf87db,Retail,Networking,Wireless Mesh Router System,1,244.04,244.04
2025-04-06 10:38:24,1b238e1d-7cb0-4453-88d3-d5c38d654753,B2B,Headsets,Noise-Cancelling Gaming Headset,1,135.61,135.61
2025-04-06 19:52:04,d8a8f0c9-1c08-45d3-a44a-8dae8fe44009,Web,Headsets,Wireless Bluetooth Headphones,1,99.69,99.69
2025-04-06 18:52:56,eb62ece7-b642-49a8-83ed-8e9590d23330,B2B,Monitors,24-inch 144Hz Gaming Monitor,1,261.06,261.06
2025-04-06 09:07:11,0f75425a-2fb2-4a9e-9e03-43c200a02c1e,Retail,Storage,128GB USB Flash Drive,1,25.24,25.24
2025-04-06 14:09:49,40b678f3-7e3a-4844-af59-4090ed91ad6b,Web,Mice,Wireless Bluetooth Mouse,3,45.15,135.45
2025-04-07 10:35:17,e9d07d2c-0d1a-4e10-9811-be2164f23d39,B2B,Storage,1TB NVMe SSD,2,84.4,168.8
2025-04-07 15:43:48,37629d21-58b7-4fc0-b9c4-b27af43e9589,Retail,Headsets,Noise-Cancelling Gaming Headset,2,139.98,279.96
2025-04-07 09:17:26,b9e0d7c3-5c57-448b-9bd0-4eee7716de72,Retail,Keyboards,RGB Backlit Keyboard,2,83.57,167.14
2025-04-07 14:37:24,c8715be8-5c79-4562-8966-5651cf1ba670,Web,Mice,Optical Gaming Mouse,2,78.37,156.74
2025-04-07 16:18:08,ac785ffa-738e-431f-9035-1e7755d50b6e,Retail,Storage,128GB USB Flash Drive,2,13.99,27.98
2025-04-07 17:02:21,df51d1cf-e69b-404e-bb5e-e505f954ecc9,Web,Monitors,24-inch 144Hz Gaming Monitor,1,239.91,239.91
2025-04-07 13:17:20,55b151a4-ee35-42cd-a2da-01d30dcd9eeb,Retail,Storage,2TB External HDD,2,69.09,138.18
2025-04-07 16:39:03,97eadb4d-24f6-45c9-8535-5ff899061e6a,B2B,Mice,Trackball Mouse,1,63.33,63.33
2025-04-07 14:39:06,932615ff-ac82-4394-8bc6-51df53fabb6b,Web,Keyboards,Mechanical Gaming Keyboard,1,104.45,104.45
2025-04-07 11:06:20,5249a92a-c801-474d-a05a-78cfef6176e6,B2B,Storage,4TB Desktop HDD,1,135.58,135.58
2025-04-07 14:52:57,86f6632e-7c32-477b-b758-caed57bd1deb,Web,Headsets,Surround Sound Headphones,1,180.21,180.21
2025-04-07 09:16:56,081ed426-9746-4319-970f-fda6c56273f4,Web,Storage,512GB Portable SSD,2,68.41,136.82
2025-04-07 15:17:44,25aec38e-0f1f-4fa8-b80e-c9d989088518,Web,Keyboards,Membrane Office Keyboard,1,37.59,37.59
2025-04-07 10:08:20,66963f11-2219-4a2d-b59e-65f22b4c6ab2,B2B,Storage,4TB Desktop HDD,1,101.38,101.38
2025-04-07 10:33:33,5656fe1e-b218-4b1b-ace5-2ad03956b35e,Retail,Mice,Optical Gaming Mouse,1,65.63,65.63
2025-04-07 14:49:46,b193e7dc-7a94-41f3-925b-eb918c5af01e,Web,Headsets,Wireless Bluetooth Headphones,1,98.2,98.2
2025-04-07 17:53:55,a383f952-29ee-469b-b3cd-64098e4d03fd,B2B,Mice,Optical Gaming Mouse,1,63.97,63.97
2025-04-08 18:48:33,7e00812b-3025-4dfb-8c5f-65c2f8e8d3e5,Retail,Headsets,USB Conference Headset,1,51.56,51.56
2025-04-08 13:45:29,ce017fb5-3401-451b-b5fb-4b7f8848fc09,B2B,Monitors,24-inch 144Hz Gaming Monitor,1,281.01,281.01
2025-04-08 15:28:55,e164f8c3-faca-4898-9afa-87680f83b284,Web,Monitors,34-inch Ultrawide Curved Monitor,1,630.05,630.05
2025-04-08 12:04:17,4386497d-cedb-4391-a72b-ef2ac77dea66,B2B,Headsets,Noise-Cancelling Gaming Headset,1,137.79,137.79
2025-04-08 11:29:56,5df78395-11e1-46d1-b0b1-1436a7553561,Web,Keyboards,RGB Backlit Keyboard,2,69.44,138.88
2025-04-08 16:11:17,3ccb92b4-fc4c-4360-8c38-5a7f5b462c2d,B2B,Keyboards,Mechanical Gaming Keyboard,1,125.49,125.49
2025-04-08 17:05:22,1b468b09-b5fa-4d84-96e5-ab797a60d98d,Web,Headsets,Noise-Cancelling Gaming Headset,1,127.23,127.23
2025-04-08 15:32:21,eb7f546b-b68c-4089-82c6-144ff5913658,Retail,Keyboards,Wireless Ergonomic Keyboard,1,101.22,101.22
2025-04-08 15:12:18,bcc5f5b6-e97d-40ff-bf60-cda62e6a13e5,Web,Keyboards,Membrane Office Keyboard,1,31.48,31.48
2025-04-08 17:38:31,c4f54db7-3d55-4fdf-a625-fe5fbd321694,Web,Headsets,Surround Sound Headphones,1,109.35,109.35
2025-04-08 12:07:03,2c335466-52be-4cbc-8edd-78cd0aad67e4,B2B,Networking,Gigabit Ethernet Switch,1,34.99,34.99
2025-04-08 10:34:06,b27d5485-3fc8-4890-8ab7-f11a6d0d0fa6,B2B,Mice,Wireless Bluetooth Mouse,1,35.58,35.58
2025-04-08 20:17:31,1f4d1501-754c-4879-ac71-f79b6157d31f,Web,Keyboards,Membrane Office Keyboard,1,32.19,32.19
2025-04-08 13:45:38,bd757430-e3cd-4b0b-bdc1-3abb36de040e,Web,Mice,Wireless Bluetooth Mouse,2,37.2,74.4
2025-04-09 11:16:56,d7ce46ef-304e-4ee1-96f5-9cc59e79f6aa,B2B,Keyboards,Wireless Ergonomic Keyboard,1,101.15,101.15
2025-04-09 16:37:00,7e14742d-4ab9-4ee5-ac90-dbcf114643fa,Web,Headsets,USB Conference Headset,1,50.45,50.45
2025-04-09 09:52:01,174e8f88-de87-4a13-938a-cc448ced05f6,Retail,Headsets,In-Ear Gaming Earbuds,1,35.81,35.81
2025-04-09 11:49:06,c13c3f30-ebf9-491e-812c-666fd125201a,B2B,Keyboards,RGB Backlit Keyboard,1,79.03,79.03
2025-04-09 16:47:22,a0d98487-83a3-4ca5-9ad2-0a50c3136a05,Retail,Networking,Powerline Ethernet Adapter,1,59.69,59.69
2025-04-09 14:19:45,ab413975-273a-4c72-880a-b51e5bdd9917,B2B,Mice,Vertical Ergonomic Mouse,1,58.85,58.85
2025-04-09 18:30:07,d9001b5c-c769-47ea-ab93-ea80026081cc,B2B,Mice,Wireless Bluetooth Mouse,2,53.99,107.98
2025-04-09 19:09:22,e1d39ced-4439-463a-a420-30119cdb36f3,Web,Headsets,USB Conference Headset,1,47.88,47.88
2025-04-09 20:27:23,8d29eae7-05a2-4a6a-83b0-85a41eca5ba9,Web,Keyboards,Membrane Office Keyboard,2,36.84,73.68
2025-04-09 13:56:40,f8ea5f3b-3e47-4883-8682-cd7875a94fec,Retail,Monitors,15.6-inch Portable USB-C Monitor,2,168.0,336.0
2025-04-09 17:11:16,40f214ba-1182-4372-8460-dcccdb16dcda,Retail,Networking,Gigabit Ethernet Switch,1,41.94,41.94
2025-04-09 13:19:12,dda51062-7680-4533-9331-4cc57cd3e45c,B2B,Keyboards,Mechanical Gaming Keyboard,1,139.85,139.85
2025-04-09 18:07:27,3679e9e9-3331-4fef-83b5-0a84aa97d19d,B2B,Storage,512GB Portable SSD,1,62.41,62.41
2025-04-09 16:59:43,7ad8fc67-3f51-423b-938f-847c96cdd34a,B2B,Keyboards,Compact 60% Keyboard,2,94.49,188.98
2025-04-09 13:39:35,3a4581b3-3986-4ec2-befb-78fd66550bcd,Retail,Monitors,15.6-inch Portable USB-C Monitor,1,203.02,203.02
2025-04-09 16:02:13,dbf6d2e0-83c3-4747-a1fd-19c2d2c6c1b3,B2B,Mice,Wireless Bluetooth Mouse,2,42.63,85.26
2025-04-10 17:09:05,a2fd9ea2-1b16-4280-a319-05a7d93f01b7,Web,Storage,1TB NVMe SSD,1,113.45,113.45
2025-04-10 18:58:05,4f11e371-ab63-42d2-9155-ecc0d78d9218,Web,Mice,Wireless Bluetooth Mouse,1,44.3,44.3
2025-04-10 15:25:57,7a1a759d-bcf3-406a-8130-2b61bf5819e0,Retail,Keyboards,RGB Backlit Keyboard,1,66.81,66.81
2025-04-10 18:19:11,5e1d1b36-6945-4239-a934-94540800c088,B2B,Headsets,In-Ear Gaming Earbuds,1,41.27,41.27
2025-04-10 12:16:08,aa5cb7fc-b30c-40b7-868e-20f0d5aa50e0,Web,Headsets,Noise-Cancelling Gaming Headset,1,110.71,110.71
2025-04-10 10:19:36,4d70fb3b-9e1b-4939-aaaf-3df3c19932ac,Retail,Networking,Gigabit Ethernet Switch,1,35.46,35.46
2025-04-10 15:06:08,ece44d2c-d58c-430b-bd8c-da4c61705bc8,B2B,Headsets,Surround Sound Headphones,1,168.71,168.71
2025-04-10 19:45:22,03abb120-da5c-45b1-b83e-3210229e73b5,Retail,Headsets,Wireless Bluetooth Headphones,1,116.19,116.19
2025-04-10 17:01:49,6fd1a355-7ba5-455f-ab92-7f2dd47b050b,Web,Headsets,Noise-Cancelling Gaming Headset,1,115.19,115.19
2025-04-10 13:50:15,4d919b95-b74c-49e0-816f-8b9697b6c590,Retail,Monitors,27-inch 4K IPS Monitor,1,275.36,275.36
2025-04-10 13:03:48,a462c195-28c5-4222-ae99-439f051cbb2f,Web,Storage,128GB USB Flash Drive,2,18.6,37.2
2025-04-10 17:29:53,f8dec6ea-498d-4305-97d4-118bcdbd5281,Web,Keyboards,Wireless Ergonomic Keyboard,1,95.68,95.68
2025-04-10 18:06:52,56267345-c525-40de-a3a7-7710686d22b5,Retail,Mice,Wireless Bluetooth Mouse,1,39.66,39.66
2025-04-10 10:47:37,59aedec6-0e73-449f-ac21-0cf8af564e77,B2B,Monitors,15.6-inch Portable USB-C Monitor,1,169.16,169.16
2025-04-10 17:47:31,a5b144f7-3a1b-4dbd-9554-122365adfe78,B2B,Keyboards,Compact 60% Keyboard,1,58.49,58.49
2025-04-10 11:19:40,7a97b32e-6443-42f8-af0c-766a727262f8,Web,Mice,Wireless Bluetooth Mouse,1,40.9,40.9
2025-04-10 11:38:56,1203ce7c-c7a9-4908-9a40-56f45d5c9fbe,Web,Keyboards,RGB Backlit Keyboard,2,83.54,167.08
2025-04-10 10:30:01,de36c748-a18d-4236-83d6-88e279cb0a98,Retail,Storage,128GB USB Flash Drive,1,18.57,18.57
2025-04-10 11:52:15,2005de3e-4ece-4e1c-bb87-f69934dc06e8,B2B,Storage,128GB USB Flash Drive,2,24.37,48.74
2025-04-10 16:54:42,9458bd0d-9a3e-4fec-91ea-55f57790a51b,Retail,Monitors,34-inch Ultrawide Curved Monitor,1,543.8,543.8
2025-04-10 20:42:15,aa34c659-c770-42f9-9c06-00cc6d26f652,B2B,Keyboards,Membrane Office Keyboard,1,30.36,30.36
2025-04-10 12:30:30,cf97f60d-3cb1-45c5-bc47-14e25d5783da,B2B,Mice,Wireless Bluetooth Mouse,2,35.68,71.36
2025-04-10 15:44:51,35699c8e-79a3-46d2-93ae-c2034d9483f2,Retail,Keyboards,RGB Backlit Keyboard,1,85.93,85.93
2025-04-11 16:02:58,52ae2e0e-f68d-426c-9b32-82cc37c9e9c3,Web,Networking,Gigabit Ethernet Switch,1,48.71,48.71
2025-04-11 20:29:17,4dd9bb01-a3e6-4e22-a950-03ace3903b17,Web,Keyboards,Mechanical Gaming Keyboard,1,140.94,140.94
2025-04-11 14:57:45,445c54bc-dec7-484c-8bb4-1791841b451f,B2B,Headsets,Surround Sound Headphones,2,121.37,242.74
2025-04-11 19:09:22,419412bd-9c1a-409b-80fa-3edeaca15a40,B2B,Monitors,24-inch 144Hz Gaming Monitor,1,204.73,204.73
2025-04-11 13:50:48,6da9739a-861d-4de8-afc9-d2f50b26f805,Retail,Monitors,24-inch 144Hz Gaming Monitor,1,153.99,153.99
2025-04-11 19:30:24,b72fb611-6bb9-4b9b-8b9e-6d27d8349ad2,B2B,Networking,USB Wi-Fi Adapter,1,20.99,20.99
2025-04-11 19:33:16,3483e9cf-5f9e-4ee7-ab15-4cdff107de33,Retail,Keyboards,Compact 60% Keyboard,1,59.46,59.46
2025-04-11 18:22:37,83a9e411-ccf6-4d31-91ff-a63a6c7bcd98,Retail,Monitors,34-inch Ultrawide Curved Monitor,1,627.75,627.75
2025-04-11 12:06:42,3456e412-3273-4625-9754-b0f76f3c062c,B2B,Keyboards,RGB Backlit Keyboard,1,82.99,82.99
2025-04-11 12:49:51,031a5c36-1770-4539-bfe6-28199ef1c7a1,Web,Networking,Gigabit Ethernet Switch,2,61.81,123.62
2025-04-11 15:48:26,7b35e686-9f50-4d76-bb0e-3f6f1b648fbc,Web,Networking,Gigabit Ethernet Switch,1,39.0,39.0
2025-04-11 10:02:54,e7442055-1e68-48a6-aead-2eb288dfe841,Retail,Storage,2TB External HDD,1,94.67,94.67
2025-04-11 14:06:44,c5f94ad5-042c-471d-9441-8d4f698efd53,Web,Headsets,Wireless Bluetooth Headphones,1,71.35,71.35
2025-04-11 18:35:12,421d5d9c-d99c-4a02-9344-919fdae41e16,Retail,Keyboards,Membrane Office Keyboard,1,29.24,29.24
2025-04-11 11:27:52,58e3663c-5b05-4f5a-b541-bb6015078ed4,Web,Headsets,Surround Sound Headphones,2,153.05,306.1
2025-04-11 09:40:42,fd1da609-a6ac-4165-b389-23bc3f1c874b,Web,Keyboards,RGB Backlit Keyboard,1,87.39,87.39
2025-04-12 16:12:53,ab38cdab-92dd-4eda-8fc5-9a1adc9fe968,Retail,Mice,Optical Gaming Mouse,1,75.83,75.83
2025-04-12 10:28:27,4457e763-bab3-41d7-991a-b83092831d95,Web,Monitors,34-inch Ultrawide Curved Monitor,1,407.65,407.65
2025-04-12 11:50:33,4566d801-be13-4a33-af9b-ce853bbc132b,Web,Mice,Wireless Bluetooth Mouse,2,38.34,76.68
2025-04-12 13:59:53,f291df1d-9d5a-491b-9602-a2b8edb1bff6,B2B,Mice,Optical Gaming Mouse,1,59.45,59.45
2025-04-12 11:18:04,e0605ed3-512a-466f-9d80-a90fe98578b4,Web,Headsets,Surround Sound Headphones,1,161.41,161.41
2025-04-12 15:39:03,eaacd60d-9198-4d20-94e4-59a650ec1ba4,Web,Headsets,In-Ear Gaming Earbuds,1,36.57,36.57
2025-04-12 13:41:01,0bac6b21-85d6-4320-b6d0-1e0d0edc468d,Retail,Keyboards,Mechanical Gaming Keyboard,1,117.06,117.06
2025-04-12 11:13:35,a08d562e-9754-401b-8f4d-87561a56d6b1,Retail,Storage,128GB USB Flash Drive,1,25.86,25.86
2025-04-12 09:15:31,82f7cb16-04d1-4b54-af2f-a647f2878990,B2B,Keyboards,Wireless Ergonomic Keyboard,1,84.05,84.05
2025-04-12 09:22:04,05359ec6-045a-4be0-ad38-4a7e564f05f5,B2B,Networking,USB Wi-Fi Adapter,1,20.99,20.99
2025-04-12 10:56:35,e08c72bc-572d-4db3-9648-a32b582cb36f,Web,Headsets,Wireless Bluetooth Headphones,1,103.89,103.89
2025-04-12 17:14:41,2f5e54f8-24ee-4c18-82bb-1452014c5453,Retail,Mice,Vertical Ergonomic Mouse,2,50.55,101.1
2025-04-12 12:01:59,c0ae8dab-7c1e-445a-94d1-7aea9f0ace7c,Web,Keyboards,Wireless Ergonomic Keyboard,1,101.59,101.59
2025-04-12 20:01:35,ff015db9-5b4f-4e78-bc1d-d091afe983d0,Retail,Headsets,Wireless Bluetooth Headphones,1,82.52,82.52
2025-04-12 20:08:27,ebed7d5c-a3f7-467e-ba68-b8bdb677a58f,B2B,Storage,1TB NVMe SSD,2,121.49,242.98
2025-04-12 14:22:12,9bafc42d-4cb1-46da-a932-2e60c5bfb46d,Web,Mice,Vertical Ergonomic Mouse,3,36.28,108.84
2025-04-12 09:14:26,f686e107-12ab-404c-879c-6ee77d94b109,B2B,Storage,2TB External HDD,1,99.05,99.05
2025-04-12 09:04:03,e78a17ab-80a6-4d20-9ce0-8a235198176a,Web,Keyboards,Compact 60% Keyboard,1,71.48,71.48
2025-04-12 14:22:38,19155f77-ed66-4897-badc-7213d3c8ad65,Web,Monitors,24-inch 144Hz Gaming Monitor,2,247.62,495.24
2025-04-12 19:07:42,0703ba76-482a-45da-a040-8f8dbcfd63e0,Retail,Keyboards,Wireless Ergonomic Keyboard,1,98.79,98.79
2025-04-12 12:31:45,52cefcdb-c07b-42df-bc16-414f6704a2b0,Retail,Storage,2TB External HDD,1,70.43,70.43
2025-04-12 14:49:35,f6ad4f4c-ef57-4966-8f99-ae8be5007cf8,B2B,Mice,Wireless Bluetooth Mouse,2,42.35,84.7
2025-04-12 14:44:34,e16b93ff-5529-497a-858f-f37d5f2d3586,Web,Headsets,USB Conference Headset,1,34.99,34.99
2025-04-12 16:17:05,4bb97af5-8054-4f06-bd10-ceabbeb7cacc,Web,Keyboards,Membrane Office Keyboard,1,36.51,36.51
2025-04-12 17:14:19,5aefeece-6fee-4bdf-9ad3-c8d2d6ff055b,Web,Storage,2TB External HDD,2,80.76,161.52
2025-04-12 12:44:28,51d8d30e-63b6-4b5d-b152-1f3c266e35db,Retail,Monitors,24-inch 144Hz Gaming Monitor,2,209.48,418.96
2025-04-12 09:31:53,4ef45b65-b6ec-4d0f-9e5f-445e8c6e9a7c,Retail,Keyboards,Mechanical Gaming Keyboard,1,117.89,117.89
2025-04-13 12:13:24,b9da8748-6502-427f-8afa-07ae252c2261,Retail,Keyboards,Membrane Office Keyboard,1,29.32,29.32
2025-04-13 14:59:01,556beeac-29f8-4566-804e-814d33b3f5f8,Retail,Networking,Gigabit Ethernet Switch,1,47.86,47.86
2025-04-13 13:51:48,4985d412-ea2c-4ad7-b933-91a9dc3320aa,Web,Monitors,27-inch 4K IPS Monitor,1,380.56,380.56
2025-04-13 15:50:46,a81798ec-8ed0-4e23-bb51-3948f41e93ac,Web,Networking,Gigabit Ethernet Switch,1,40.61,40.61
2025-04-13 17:24:46,fc3e823a-09db-4830-8230-e34c0af7828b,Retail,Networking,USB Wi-Fi Adapter,1,36.18,36.18
2025-04-13 18:46:36,3babc77f-f3fc-479c-ae02-fc313d7761c9,Retail,Storage,512GB Portable SSD,2,64.9,129.8
2025-04-13 20:59:15,ebe6cbef-f259-4495-b45d-1a6254ebb8da,Web,Keyboards,Compact 60% Keyboard,1,66.7,66.7
2025-04-13 12:49:34,557deb39-0acb-4dfe-a66b-8a406134d321,B2B,Mice,Wireless Bluetooth Mouse,1,34.15,34.15
2025-04-13 14:17:42,07ae0978-ba68-42c5-b972-78dfc8c60d93,B2B,Mice,Optical Gaming Mouse,1,69.2,69.2
2025-04-13 14:53:16,73fb0ebb-8cf2-41fd-8ce4-65ca952eee91,Retail,Storage,128GB USB Flash Drive,1,23.64,23.64
2025-04-13 16:02:22,e768e7cb-2c69-4b42-b345-5016b34d0107,B2B,Headsets,Wireless Bluetooth Headphones,2,133.07,266.14
2025-04-13 13:57:39,d4cd8c47-64c7-41d1-99dc-3d3757e3995e,Web,Headsets,In-Ear Gaming Earbuds,1,45.94,45.94
2025-04-13 13:49:50,b32003a6-a016-40a6-80bf-2d671fb62914,Retail,Mice,Wireless Bluetooth Mouse,2,46.69,93.38
2025-04-13 09:14:07,b010de71-2704-4fe9-b5ce-3eaa8d425e6f,Web,Monitors,24-inch 144Hz Gaming Monitor,1,264.24,264.24
2025-04-13 16:37:20,2e98154b-1554-43d5-9b49-830bddf63e05,B2B,Keyboards,Mechanical Gaming Keyboard,2,174.46,348.92
2025-04-13 13:01:43,dca0edb2-32cf-4c42-965f-2c31605fa16a,Retail,Storage,128GB USB Flash Drive,2,16.28,32.56
2025-04-13 12:22:06,8acef18b-2f42-435e-a64c-79adc35e7546,Retail,Keyboards,Wireless Ergonomic Keyboard,1,97.16,97.16
2025-04-14 19:26:04,0a5f152f-d112-4f25-808a-0be111007a28,Retail,Monitors,24-inch 144Hz Gaming Monitor,1,232.63,232.63
2025-04-14 14:38:50,7cac9f44-bf58-445e-a500-302f5da34849,Retail,Mice,Vertical Ergonomic Mouse,1,56.24,56.24
2025-04-14 09:10:23,e2ebc714-debb-4781-a360-363cb6b7e03d,Web,Keyboards,Mechanical Gaming Keyboard,1,125.56,125.56
2025-04-14 09:06:38,cc7bf3b7-cd58-4f32-baed-2a3a58e25beb,Retail,Mice,Optical Gaming Mouse,1,46.81,46.81
2025-04-14 14:13:24,d3c28841-d23e-475c-8b55-75938543a6c9,Web,Storage,128GB USB Flash Drive,1,19.72,19.72
2025-04-14 19:05:04,eaeb7519-1c6e-4d00-b3d2-579446fa3b12,Web,Networking,USB Wi-Fi Adapter,1,38.45,38.45
2025-04-14 20:26:34,3c6dd695-eab5-4644-9012-af3ca3787d6b,B2B,Storage,2TB External HDD,1,79.76,79.76
2025-04-14 19:33:33,8620d8fd-8ec9-4141-9d3e-a6254ed96638,Retail,Headsets,Noise-Cancelling Gaming Headset,2,84.73,169.46
2025-04-14 14:15:51,2cb89b58-14db-48f2-aef3-8861946005b3,Retail,Storage,512GB Portable SSD,2,57.97,115.94
2025-04-14 10:44:15,e7159978-c90e-48bc-8227-aad59e381e45,Retail,Headsets,Wireless Bluetooth Headphones,1,89.35,89.35
2025-04-14 14:41:30,0acecd46-02ee-41ca-9b6f-525f4effabf6,Retail,Monitors,27-inch 4K IPS Monitor,1,407.08,407.08
2025-04-14 12:36:52,14b432ea-6a49-4307-a2b7-558756f8cea4,Web,Storage,128GB USB Flash Drive,1,25.03,25.03
2025-04-14 19:08:38,1b5f0cf3-2da7-4b0a-a3e5-a6e39a25def6,Retail,Mice,Optical Gaming Mouse,2,51.91,103.82
2025-04-14 15:26:32,0fc979fa-e3d4-4e1f-a984-bb4b0c83b05d,B2B,Networking,Powerline Ethernet Adapter,1,65.85,65.85
2025-04-14 11:56:29,5b67dfbb-6de7-4642-ae1c-6e4f8db8bd7f,Web,Keyboards,Mechanical Gaming Keyboard,1,123.23,123.23
2025-04-14 17:45:59,adfaf660-169d-4daf-8d72-7039c7baf988,Web,Headsets,Wireless Bluetooth Headphones,2,115.57,231.14
2025-04-14 20:10:04,e364f994-d63c-459b-a710-78b4af15531d,B2B,Keyboards,Compact 60% Keyboard,1,72.25,72.25
2025-04-14 15:22:08,c5f24bc8-66f8-4152-aa85-cfde653dcf71,B2B,Mice,Trackball Mouse,2,68.37,136.74
2025-04-15 16:58:26,1c6f8168-7f04-454a-81e3-9baea2dd116d,B2B,Monitors,24-inch 144Hz Gaming Monitor,1,208.86,208.86
2025-04-15 11:46:11,368b6807-a39c-41a9-8f14-e7c7801c70d9,B2B,Storage,1TB NVMe SSD,1,106.55,106.55
2025-04-15 10:09:57,c672b8e3-ab9f-4419-b905-8c489437efb1,B2B,Keyboards,Mechanical Gaming Keyboard,1,121.33,121.33
2025-04-15 16:11:32,a88b0c30-c222-4a0a-95f3-e14b3ffea1cb,Retail,Storage,1TB NVMe SSD,2,78.17,156.34
2025-04-15 13:31:21,da21a1b2-40de-43ab-b158-68027207d730,B2B,Keyboards,Wireless Ergonomic Keyboard,1,69.71,69.71
2025-04-15 15:18:20,0346e4b5-c0bb-4edc-a256-f9362912016e,Web,Mice,Precision Laser Mouse,2,58.87,117.74
2025-04-15 20:56:46,ad10dcd3-dfcd-4247-8ea8-dff5ebe3314e,B2B,Mice,Optical Gaming Mouse,2,56.35,112.7
2025-04-15 11:07:18,40eea1ec-f682-4d2a-9068-6370ca01041c,Retail,Mice,Wireless Bluetooth Mouse,2,46.78,93.56
2025-04-15 13:38:48,39eeb29d-898d-423e-b8d2-d5f1f900753f,Web,Keyboards,RGB Backlit Keyboard,1,84.3,84.3
2025-04-15 17:48:10,827fc88c-14d0-4c89-9755-e069ba39ccd0,Web,Keyboards,Mechanical Gaming Keyboard,1,137.9,137.9
2025-04-15 17:34:51,0482c8fc-1c27-4ed5-a330-336a07ee6d85,Retail,Keyboards,Membrane Office Keyboard,1,33.32,33.32
2025-04-15 18:27:46,c9ed76f2-f305-4533-9680-ff95a01c63fe,Web,Headsets,Wireless Bluetooth Headphones,1,101.62,101.62
2025-04-15 13:58:07,c6e48de5-ea3b-4721-8111-acf079646cb6,Web,Storage,1TB NVMe SSD,1,87.53,87.53
2025-04-15 13:46:42,71a651a1-b21d-4d94-9837-c33b324aa0fc,Retail,Keyboards,RGB Backlit Keyboard,1,99.92,99.92
2025-04-15 20:50:14,c2e3f9f9-22c4-4145-bf23-d4eea37e61f1,Retail,Storage,1TB NVMe SSD,2,66.56,133.12
2025-04-15 19:49:04,e3b52141-b792-4344-bd00-e5fe4f4acc31,Retail,Storage,1TB NVMe SSD,2,97.04,194.08
2025-04-15 10:59:45,3b0762db-b3fe-4d38-bbde-fe868749bb37,Retail,Storage,512GB Portable SSD,2,78.8,157.6
2025-04-15 19:40:00,6db9d75a-d37d-4dba-9f24-94d480c49be3,B2B,Mice,Optical Gaming Mouse,1,48.04,48.04
2025-04-15 19:12:16,8045ba59-931e-4254-93c4-5cdf9711863b,Retail,Headsets,Wireless Bluetooth Headphones,1,98.73,98.73
2025-04-15 12:40:56,5cb30b4b-db21-4ccc-a11d-51c3d55a3dfc,B2B,Keyboards,RGB Backlit Keyboard,1,71.88,71.88
2025-04-16 15:40:37,e51b61ce-df24-4a3a-a908-f7a1a35208af,Retail,Mice,Optical Gaming Mouse,1,66.04,66.04
2025-04-16 11:56:19,b3314d79-d107-4679-8c5c-2ddc87c48696,Retail,Storage,128GB USB Flash Drive,1,16.29,16.29
2025-04-16 17:30:18,e49d62bb-6bee-4efc-8353-ecd55bb2e4cd,Web,Keyboards,RGB Backlit Keyboard,1,70.15,70.15
2025-04-16 13:26:28,d1eab286-e936-42ae-9237-9eaaae4b74f6,B2B,Mice,Wireless Bluetooth Mouse,1,51.31,51.31
2025-04-16 14:44:25,1927750a-e094-42b5-8ec2-0d0bd9cfef9a,Retail,Storage,1TB NVMe SSD,1,84.01,84.01
2025-04-16 18:26:43,219e4131-ea24-4c0f-bd4f-e76ca59cd929,Retail,Mice,Optical Gaming Mouse,2,66.07,132.14
2025-04-16 17:49:20,cb1b9146-27d7-4460-ba4a-7688fe078902,Retail,Mice,Optical Gaming Mouse,1,51.73,51.73
2025-04-16 15:25:16,c14e19df-52fa-4154-9831-698548a3c2d0,Retail,Networking,Gigabit Ethernet Switch,1,52.75,52.75
2025-04-16 09:19:28,bc8977ca-d3f2-4e13-95e9-d1ec7942a1ee,B2B,Headsets,Noise-Cancelling Gaming Headset,1,145.1,145.1
2025-04-16 17:13:49,6a148274-a19b-42ae-99c9-dacbe26afa72,B2B,Monitors,34-inch Ultrawide Curved Monitor,1,568.57,568.57
2025-04-16 20:01:51,2b2acef0-63ba-4b16-8400-9e041026af4d,B2B,Mice,Precision Laser Mouse,2,80.84,161.68
2025-04-16 17:04:41,c63a2831-ddeb-4fb1-a705-8cddb0cb201e,Web,Keyboards,Wireless Ergonomic Keyboard,1,92.22,92.22
2025-04-16 17:25:55,1cd40ad9-ddc4-4a18-816f-eca024fdd4ef,Retail,Storage,1TB NVMe SSD,1,98.3,98.3
2025-04-16 14:26:13,5d32a068-cbf5-494f-b8df-e5e6cd929001,Web,Headsets,In-Ear Gaming Earbuds,1,41.36,41.36
2025-04-16 17:06:32,9e9fc9b5-feb8-4c97-bc72-0779a659e4fa,Retail,Mice,Trackball Mouse,2,80.53,161.06
2025-04-16 09:14:40,9c0f0932-7066-4227-b94a-94fabc514361,Web,Storage,512GB Portable SSD,1,74.5,74.5
2025-04-17 13:55:05,81a43668-8507-4806-b2a6-2dd7fbc354dc,B2B,Keyboards,Wireless Ergonomic Keyboard,1,79.2,79.2
2025-04-17 20:26:01,e6c00c28-9135-49ed-9c78-bb19f8cfcfcb,B2B,Keyboards,Mechanical Gaming Keyboard,1,144.15,144.15
2025-04-17 15:12:53,333501be-b3ba-495a-bbd7-e7eac6a8064b,Retail,Monitors,34-inch Ultrawide Curved Monitor,1,606.48,606.48
2025-04-17 15:32:47,84b16014-1efb-4ed7-8da4-f9170618fe50,Retail,Keyboards,Mechanical Gaming Keyboard,1,162.06,162.06
2025-04-17 18:30:24,f27f6482-0d81-408c-9751-af2ae2e35cf5,Web,Mice,Wireless Bluetooth Mouse,2,52.37,104.74
2025-04-17 13:30:18,42d86790-8bda-4698-9b82-c57b6fad6e09,B2B,Networking,Gigabit Ethernet Switch,1,34.99,34.99
2025-04-17 20:25:23,1114013f-381e-4164-9c0e-b758dc1d260b,B2B,Storage,2TB External HDD,2,105.5,211.0
2025-04-17 09:25:49,9002f43a-d8ed-4c76-8ab8-c14e55b240f7,Retail,Mice,Optical Gaming Mouse,1,57.92,57.92
2025-04-17 19:05:06,0002447e-be3d-40f6-9c70-002f6eac1685,Web,Headsets,In-Ear Gaming Earbuds,1,43.61,43.61
2025-04-17 16:37:15,3bdd0549-b5e1-42f5-95a4-f4b5243307a5,Retail,Keyboards,Wireless Ergonomic Keyboard,1,71.03,71.03
2025-04-18 11:02:20,2af43eef-618e-4887-91f5-cd9d6cd2b4d1,B2B,Storage,1TB NVMe SSD,2,80.79,161.58
2025-04-18 16:34:31,94fde926-33e2-4c71-bdda-4db14ef34641,B2B,Mice,Wireless Bluetooth Mouse,2,27.99,55.98
2025-04-18 16:32:35,ea37bb45-2864-4c45-9a31-c716a17ab7c9,B2B,Storage,128GB USB Flash Drive,2,18.77,37.54
2025-04-18 09:10:33,d0322520-8082-4466-9d71-279d51124b9e,Web,Storage,2TB External HDD,2,68.93,137.86
2025-04-18 10:02:56,fec43405-36fa-41c6-be8c-7e1ddaa1aa6a,Web,Headsets,Noise-Cancelling Gaming Headset,1,110.23,110.23
2025-04-18 17:26:25,508af8f7-ec31-475f-a333-42ef27f9264d,Web,Keyboards,Mechanical Gaming Keyboard,1,128.72,128.72
2025-04-18 13:46:59,da976797-60d3-4628-b594-8145b6b42791,Retail,Networking,Wireless Mesh Router System,1,213.86,213.86
2025-04-18 19:10:09,2d04b077-5139-4dc6-87c6-576e1489597d,B2B,Mice,Wireless Bluetooth Mouse,2,34.89,69.78
2025-04-18 20:23:33,24487402-12c4-4a16-9b7d-312c306fc7ce,Retail,Monitors,27-inch 4K IPS Monitor,1,472.49,472.49
2025-04-18 20:54:59,1112f8da-6310-40fd-9dea-46c553db693e,B2B,Keyboards,Compact 60% Keyboard,1,61.06,61.06
2025-04-18 16:00:20,a09f5fd1-f811-468d-8964-d64dbad4f978,Web,Headsets,Noise-Cancelling Gaming Headset,1,121.9,121.9
2025-04-18 20:12:12,5e1f2184-3c90-424b-be2a-e92f4374d870,B2B,Storage,1TB NVMe SSD,2,89.92,179.84
2025-04-19 14:39:49,513a035a-908b-461e-a46d-3f07b81ac20e,Retail,Mice,Trackball Mouse,1,72.6,72.6
2025-04-19 12:04:37,aa3141a4-6cb6-4667-970c-1a022b6e218e,B2B,Keyboards,Membrane Office Keyboard,2,32.79,65.58
2025-04-19 11:51:33,2242645d-7c35-4fb5-9602-053f6452ebbe,Retail,Monitors,27-inch 4K IPS Monitor,1,419.56,419.56
2025-04-19 18:38:17,8c2d2a74-d73d-4c47-8763-ea13c0d35def,B2B,Networking,USB Wi-Fi Adapter,1,26.66,26.66
2025-04-19 11:00:50,c69bf5ca-7fdf-4455-8dc3-bb39d1aa74dd,Web,Mice,Optical Gaming Mouse,2,50.12,100.24
2025-04-19 11:09:10,204a3858-fc61-4447-aac4-9bb1bf7e71be,Web,Headsets,Wireless Bluetooth Headphones,1,103.89,103.89
2025-04-19 17:51:28,d701cccc-850c-40e1-ac81-d60df296eb78,Retail,Headsets,Noise-Cancelling Gaming Headset,1,116.41,116.41
2025-04-19 17:48:07,8e650159-256f-44f0-b3ec-7563d90b40f5,Retail,Mice,Optical Gaming Mouse,1,51.46,51.46
2025-04-19 17:20:33,a55211cc-7a1c-414d-b287-26197df3a6bd,B2B,Keyboards,Wireless Ergonomic Keyboard,1,91.65,91.65
2025-04-19 11:40:53,ea0b61e1-9363-4494-89e8-671875ac5c13,Web,Mice,Wireless Bluetooth Mouse,1,27.99,27.99
2025-04-19 19:07:35,5db7d640-55f6-4f56-a97d-d379ef89aa62,B2B,Networking,Gigabit Ethernet Switch,1,51.09,51.09
2025-04-19 09:55:23,30c6db5f-d469-430b-8b5f-9c0a67cd1a74,B2B,Storage,128GB USB Flash Drive,2,13.99,27.98
2025-04-19 12:24:23,2b6c3ffc-8ba6-4319-81c1-716a84166f49,B2B,Keyboards,Membrane Office Keyboard,1,23.14,23.14
2025-04-19 12:28:23,c2d94d11-000d-46c8-b314-6b68e79c26c7,Web,Headsets,Surround Sound Headphones,1,119.17,119.17
2025-04-19 13:32:58,18f653ae-cd26-485a-a38c-451e70fd2e11,Retail,Keyboards,Mechanical Gaming Keyboard,2,159.06,318.12
2025-04-19 13:41:30,40a34999-57bf-453a-b889-6ec28514dd74,B2B,Mice,Trackball Mouse,1,94.63,94.63
2025-04-19 09:55:45,c01af0c9-ae8d-4e67-a6d1-dc641b0bc396,B2B,Networking,Gigabit Ethernet Switch,1,54.58,54.58
2025-04-19 16:11:30,01dceb76-2172-40f1-ae8c-b8de9c5828cc,B2B,Storage,2TB External HDD,1,82.81,82.81
2025-04-19 20:09:45,9a70425b-86c3-487d-9572-4093004456d0,Web,Storage,2TB External HDD,1,80.68,80.68
2025-04-20 20:03:20,0334b210-c4dc-43c6-8898-66928e3e906e,B2B,Keyboards,RGB Backlit Keyboard,1,88.76,88.76
2025-04-20 20:01:21,7b3b0de4-087a-4f55-88dc-331d99e92bd0,Retail,Storage,128GB USB Flash Drive,1,15.32,15.32
2025-04-20 18:46:23,12f7778b-53af-4915-9b4c-0a45b38cfa3a,B2B,Headsets,Surround Sound Headphones,1,155.58,155.58
2025-04-20 10:12:52,be5a4c5b-a9c1-432c-af83-447ab51a0221,Web,Storage,2TB External HDD,2,64.77,129.54
2025-04-20 16:02:17,85b5192e-4730-4034-94d1-f4dace01306a,B2B,Monitors,34-inch Ultrawide Curved Monitor,1,561.69,561.69
2025-04-20 09:19:17,37d24af1-6bb6-4f84-a29f-0dd56f90c8f2,Web,Headsets,In-Ear Gaming Earbuds,1,50.26,50.26
2025-04-20 18:53:44,a911d734-5787-4582-acc9-63437634c29e,Retail,Keyboards,RGB Backlit Keyboard,2,85.51,171.02
2025-04-20 10:11:20,323fba5c-3692-4040-a0e8-cc791101e45f,Web,Monitors,27-inch 4K IPS Monitor,1,331.22,331.22
2025-04-20 09:13:40,76584479-3b62-48af-977f-69556b5443bf,Web,Mice,Precision Laser Mouse,1,63.55,63.55
2025-04-21 14:26:14,aa9940e2-35ae-48e9-95c1-1dfea473fa81,Retail,Storage,128GB USB Flash Drive,1,18.27,18.27
2025-04-21 13:05:31,55fd06f4-9417-4fee-b1ac-f59293be8775,Retail,Mice,Vertical Ergonomic Mouse,2,61.87,123.74
2025-04-21 16:53:40,5a8f8b0c-c1bd-41c6-9c5a-2d10f0dab866,Web,Storage,1TB NVMe SSD,2,75.96,151.92
2025-04-21 12:44:27,5e2e0245-874e-4c10-85c1-f433e0bf0d75,B2B,Mice,Vertical Ergonomic Mouse,1,56.53,56.53
2025-04-21 20:32:35,e7dcfb8b-08a1-4485-aceb-55668d147503,Retail,Storage,128GB USB Flash Drive,2,19.76,39.52
2025-04-21 09:59:07,795f9d9c-7294-44a1-af84-356e7edd9c2c,B2B,Headsets,Surround Sound Headphones,2,162.42,324.84
2025-04-21 11:29:37,0f09be1b-6cea-40a5-af09-3b6d116c9bb3,B2B,Mice,Wireless Bluetooth Mouse,1,52.15,52.15
2025-04-21 19:22:55,3d4ed04a-79a4-4082-8dc3-b2737ca9c6db,Web,Networking,Gigabit Ethernet Switch,1,53.27,53.27
2025-04-21 14:21:41,5da8d6d3-14c3-4948-92d7-bb33ff823dcb,Web,Networking,Gigabit Ethernet Switch,1,46.11,46.11
2025-04-21 11:48:01,f07d4e82-4f9d-4a87-a229-f78387badc3e,B2B,Headsets,Noise-Cancelling Gaming Headset,1,138.93,138.93
2025-04-21 18:44:27,5bcb0793-6fb5-4382-b764-b78a560a0a1f,Retail,Storage,2TB External HDD,1,72.37,72.37
2025-04-21 19:25:19,27930f78-df4d-4da5-bd98-7099e630a6f4,Web,Keyboards,Mechanical Gaming Keyboard,1,139.73,139.73
2025-04-21 17:06:26,1b12f724-4bac-4353-a43a-bb022acfb7d5,Retail,Headsets,Noise-Cancelling Gaming Headset,1,116.47,116.47
2025-04-21 17:10:59,dc677995-b12e-44eb-964e-104f99dbbd9d,B2B,Mice,Wireless Bluetooth Mouse,1,41.11,41.11
2025-04-21 12:36:48,a3445ba1-438b-4e0e-bf5a-2fe49a7dd471,B2B,Keyboards,Compact 60% Keyboard,1,94.49,94.49
2025-04-21 13:50:49,032695bd-7ae7-42de-89cb-de03adbc48c4,Retail,Keyboards,Compact 60% Keyboard,1,63.38,63.38
2025-04-22 10:46:15,926ce03e-dabe-42cd-98c6-5a5f4529fbc6,B2B,Keyboards,Membrane Office Keyboard,1,31.93,31.93
2025-04-22 14:00:30,116cd81f-afb2-4d13-bb81-941cb03ab606,Web,Keyboards,Membrane Office Keyboard,1,26.99,26.99
2025-04-22 16:42:24,29522cec-4f9b-4f36-9f33-4d705a15883f,B2B,Storage,128GB USB Flash Drive,2,14.28,28.56
2025-04-22 15:08:20,f5b584fe-90c9-4db7-be53-93a0b0e19c00,Web,Storage,2TB External HDD,1,76.27,76.27
2025-04-22 15:38:25,c53d4ce8-22c1-49d9-9cd5-7388122e636c,Retail,Headsets,Surround Sound Headphones,1,169.32,169.32
2025-04-22 20:37:01,1d545715-05d1-4676-9b23-e329b28898d1,B2B,Mice,Optical Gaming Mouse,2,52.34,104.68
2025-04-22 09:39:38,c0c338d7-1c6f-4ab8-8604-17f67c82a725,Web,Storage,2TB External HDD,1,90.77,90.77
2025-04-22 12:02:13,a8b8a25a-4c2c-4307-b035-9b65afd8bec6,Web,Mice,Wireless Bluetooth Mouse,2,34.14,68.28
2025-04-22 15:43:52,afb24233-5d0d-4078-ace2-b5b19eb5d28e,Retail,Headsets,Wireless Bluetooth Headphones,1,105.52,105.52
2025-04-22 15:11:10,f57243ed-0950-4064-b869-bf2ed2b014ba,B2B,Mice,Trackball Mouse,1,95.85,95.85
2025-04-22 10:41:55,724900a0-b473-4c25-8132-8bbef96efefd,Web,Mice,Trackball Mouse,2,89.05,178.1
2025-04-22 17:24:43,680ebdae-13f1-46cd-94d0-da5201653aa8,Retail,Headsets,Wireless Bluetooth Headphones,1,92.43,92.43
2025-04-22 09:19:27,a51953b0-e504-4c3a-beb1-677c7a60edea,B2B,Mice,Optical Gaming Mouse,2,50.8,101.6
2025-04-22 16:32:23,de223690-0040-45c2-be7b-677959648527,B2B,Storage,512GB Portable SSD,2,56.08,112.16
2025-04-22 15:34:48,b5d55ad8-29c8-463f-b7ef-07ffcd3608e0,B2B,Mice,Precision Laser Mouse,3,85.8,257.4
2025-04-22 20:37:16,262cdd36-c5a2-4fb4-92fc-fa333c4efca1,B2B,Keyboards,Membrane Office Keyboard,1,28.48,28.48
2025-04-22 13:02:07,d897f92a-e0c9-494c-8e76-c3c996595a58,Retail,Storage,4TB Desktop HDD,1,121.75,121.75
2025-04-23 09:28:20,cc8bf15a-c8b8-442d-965c-9004a0796e1e,Web,Mice,Wireless Bluetooth Mouse,1,30.91,30.91
2025-04-23 09:34:47,009aa8a1-c7cb-4128-aafd-d4fd91b4c82f,Web,Mice,Trackball Mouse,3,77.52,232.56
2025-04-23 15:57:17,1d8f34fb-86ce-4c63-aaad-4441b309dccd,Retail,Mice,Vertical Ergonomic Mouse,1,38.78,38.78
2025-04-23 20:52:33,c49c23cd-b011-48e9-bc32-0b81ddab0084,Web,Headsets,In-Ear Gaming Earbuds,2,37.24,74.48
2025-04-23 20:40:51,c710492b-91aa-4b66-b637-87f540ce7c1e,Retail,Networking,Wireless Mesh Router System,1,270.18,270.18
2025-04-23 20:05:21,312129f2-a569-427c-b009-9497e418ffbf,B2B,Networking,Gigabit Ethernet Switch,1,44.81,44.81
2025-04-23 20:16:46,541ff95c-1898-4a3b-9c5b-30e4e1f03a71,Web,Monitors,24-inch 144Hz Gaming Monitor,1,234.88,234.88
2025-04-23 15:07:50,d3ed4edc-59ba-4883-b778-e7153ac660a1,Retail,Keyboards,Membrane Office Keyboard,1,25.34,25.34
2025-04-23 12:44:51,c876aff5-3419-4584-9e0d-5c42985de612,B2B,Keyboards,Wireless Ergonomic Keyboard,1,80.07,80.07
2025-04-23 15:17:47,235773b8-b7e2-4e48-b927-58cd16eebb8e,Web,Storage,1TB NVMe SSD,2,63.95,127.9
2025-04-23 19:18:17,6ac0ffb0-2fca-493e-8726-d81577cf8694,Web,Keyboards,Mechanical Gaming Keyboard,2,109.89,219.78
2025-04-23 15:42:08,a83b6b92-0534-455f-a126-790af89e9b3e,Retail,Mice,Wireless Bluetooth Mouse,1,37.64,37.64
2025-04-23 09:45:20,86b2ebd6-e6a7-4ca8-9bdf-b9f6afa8f736,B2B,Mice,Optical Gaming Mouse,2,66.42,132.84
2025-04-24 16:09:29,e29d65e9-a7d6-49dd-9784-84813d50e0f9,Retail,Storage,128GB USB Flash Drive,2,20.77,41.54
2025-04-24 19:24:16,11b35543-f360-4248-8c7e-8d71294a2a81,B2B,Mice,Trackball Mouse,1,69.54,69.54
2025-04-24 14:05:13,7ec125b9-63da-42ad-91c3-f8a188bddcab,B2B,Storage,2TB External HDD,1,68.67,68.67
2025-04-24 14:28:43,29226788-f755-45c1-8ce8-4ad774e465fb,Web,Headsets,Wireless Bluetooth Headphones,1,106.97,106.97
2025-04-24 15:26:48,cf040899-b8f3-4b42-8d48-d04c1cf1bb98,Retail,Keyboards,Mechanical Gaming Keyboard,1,142.09,142.09
2025-04-24 16:15:24,9493b192-4208-47ab-9b3d-4bdb249ffd51,Web,Networking,Gigabit Ethernet Switch,1,54.86,54.86
2025-04-24 15:13:13,90ff1a1e-ac61-474c-a60b-755e3f1c2aaa,B2B,Networking,Powerline Ethernet Adapter,1,58.04,58.04
2025-04-24 11:49:49,2c21e1b8-47e7-4471-85a2-b16aa193d08c,Retail,Networking,Powerline Ethernet Adapter,1,54.96,54.96
2025-04-24 18:17:20,5ab49c3a-d169-44a4-896d-632185d792b9,B2B,Storage,512GB Portable SSD,2,76.73,153.46
2025-04-24 19:48:40,aeaf6e04-6cce-429b-980c-2d620dbad1cb,B2B,Mice,Wireless Bluetooth Mouse,1,28.91,28.91
2025-04-24 13:52:59,3bdc4a1a-c3a3-4155-b231-409d5ac6ef3a,Web,Headsets,Wireless Bluetooth Headphones,1,114.3,114.3
2025-04-24 09:34:53,48fe2f31-d1d0-4cbe-b8f4-580bdb63eb8e,Retail,Mice,Vertical Ergonomic Mouse,1,58.58,58.58
2025-04-24 15:26:26,7a6c35fa-e49d-476a-a12b-51f36352e125,Web,Keyboards,Membrane Office Keyboard,1,33.81,33.81
2025-04-24 11:39:39,c3c02774-895d-4a93-866f-90d2c1b46e10,Web,Headsets,USB Conference Headset,1,47.83,47.83
2025-04-24 14:39:15,5e4a28fc-1292-489b-8af1-ec29e89d6630,B2B,Keyboards,Membrane Office Keyboard,1,20.99,20.99
2025-04-24 10:23:01,ec5fb271-be8f-45a9-aa4c-a4475673eea9,B2B,Storage,2TB External HDD,1,89.29,89.29
2025-04-24 16:23:46,cf35f339-f4de-4789-99cc-2759a91fa7bd,Web,Storage,4TB Desktop HDD,1,161.41,161.41
2025-04-24 12:20:08,66fece84-a5b6-4409-97e2-2c54df90adcf,Web,Mice,Wireless Bluetooth Mouse,2,40.33,80.66
2025-04-25 10:00:47,6f97fc99-42c2-4a1a-9775-1d54f1bd6f9d,B2B,Keyboards,Mechanical Gaming Keyboard,1,113.21,113.21
2025-04-25 15:04:50,3ed1e88e-0393-468d-a55f-b52e402e55dc,Retail,Headsets,Noise-Cancelling Gaming Headset,1,117.48,117.48
2025-04-25 17:07:45,96a14f1a-d613-4c15-a5ec-f5151660ca27,B2B,Storage,512GB Portable SSD,1,49.14,49.14
2025-04-25 09:18:51,c7256f70-5fc1-4afb-b200-31954f3eeea5,B2B,Mice,Trackball Mouse,1,88.47,88.47
2025-04-25 20:59:32,7435761e-3df3-4403-bc14-e4b8f2f0a322,Retail,Monitors,24-inch 144Hz Gaming Monitor,1,235.97,235.97
2025-04-25 13:48:52,c5ee8388-5960-43ac-becb-097de1104130,Web,Monitors,27-inch 4K IPS Monitor,1,373.68,373.68
2025-04-25 14:26:42,b85350b3-f2df-4aa8-aed2-97f1d9346e81,Web,Mice,Vertical Ergonomic Mouse,1,59.39,59.39
2025-04-25 10:29:57,1e3db28a-e62a-404e-81dd-4f16882e3729,Web,Storage,1TB NVMe SSD,1,102.31,102.31
2025-04-25 20:28:21,714e009e-459c-4631-aa2f-e7b551d0229b,B2B,Storage,512GB Portable SSD,2,76.42,152.84
2025-04-26 18:40:19,bf46d415-7760-4b51-95a0-ce5fef429c37,Retail,Headsets,Wireless Bluetooth Headphones,1,115.32,115.32
2025-04-26 11:09:38,c8eee729-0c25-45ad-930c-c2c1eac5604b,Retail,Mice,Wireless Bluetooth Mouse,2,51.93,103.86
2025-04-26 12:37:19,77afbfea-3687-44ef-9d8d-1e73f4f96213,Web,Keyboards,Compact 60% Keyboard,1,67.01,67.01
2025-04-26 17:25:30,d61a1497-ec51-46b6-8277-37c1aefae409,Web,Monitors,34-inch Ultrawide Curved Monitor,2,369.82,739.64
2025-04-26 19:09:37,4813ce32-9370-4ac7-8db4-003cdea9f55b,Retail,Storage,128GB USB Flash Drive,1,25.16,25.16
2025-04-26 17:30:11,c7ab7d73-6e06-4b63-aa42-701bc3516067,Retail,Headsets,Wireless Bluetooth Headphones,2,90.28,180.56
2025-04-26 10:21:14,11adc706-2d41-4a46-a018-beb6a78baf87,Web,Mice,Wireless Bluetooth Mouse,2,39.45,78.9
2025-04-26 12:22:31,fe8d6c8b-cb84-42bf-93c5-df8b247d3bbb,B2B,Headsets,Wireless Bluetooth Headphones,1,92.49,92.49
2025-04-26 20:54:52,5919a9c5-d3b6-4a1e-a643-26dc8a870384,B2B,Storage,512GB Portable SSD,1,67.96,67.96
2025-04-26 19:06:21,79ad0fb5-2c0d-465f-b113-a6e6113297d3,Retail,Headsets,USB Conference Headset,1,51.55,51.55
2025-04-27 20:11:44,eae7b3c5-b34d-40a0-a98c-df7c2468e49f,Web,Networking,USB Wi-Fi Adapter,2,32.66,65.32
2025-04-27 20:29:11,467b94ae-3ff7-4e8c-a417-61838b961662,B2B,Keyboards,Mechanical Gaming Keyboard,1,125.74,125.74
2025-04-27 20:53:58,26c62616-a244-450d-b1c5-dfef3fad8977,Web,Keyboards,Wireless Ergonomic Keyboard,1,109.48,109.48
2025-04-27 09:13:14,31773b9e-5a04-409b-9664-c410fd8ba667,B2B,Mice,Optical Gaming Mouse,2,62.37,124.74
2025-04-27 19:04:12,e243c9aa-a510-454a-b08f-2773390ee88c,Retail,Headsets,Wireless Bluetooth Headphones,2,96.7,193.4
2025-04-27 12:06:34,b142fca8-ac0c-4814-8c63-9cbdb0186021,B2B,Monitors,27-inch 4K IPS Monitor,1,278.17,278.17
2025-04-27 10:46:56,68732f45-d0f2-42a2-9b0b-1e986c8bc064,B2B,Headsets,Wireless Bluetooth Headphones,2,91.63,183.26
2025-04-27 19:39:48,363f1add-d683-483e-97f5-9f9548cd4257,Web,Headsets,Wireless Bluetooth Headphones,1,90.04,90.04
2025-04-27 19:11:21,2d16865e-f748-46f5-8987-21f2ebb569b3,B2B,Headsets,USB Conference Headset,1,53.49,53.49
2025-04-27 19:19:16,6c293abb-397a-4653-b6a7-0d1187f49981,Web,Storage,4TB Desktop HDD,2,91.95,183.9
2025-04-27 10:48:11,26ba3410-082b-4292-a4cd-4463ac111b72,Retail,Headsets,USB Conference Headset,1,49.77,49.77
2025-04-27 17:30:31,edf93afd-4a46-4deb-9912-dad6befcc5d6,Web,Keyboards,Membrane Office Keyboard,1,28.95,28.95
2025-04-27 16:21:40,d677f0c9-0a71-4f31-812d-ab6ee0129ebb,Web,Storage,1TB NVMe SSD,2,84.07,168.14
2025-04-27 12:13:19,0be41bf6-6e51-45cc-9c2e-b758ef867220,Retail,Headsets,USB Conference Headset,1,38.02,38.02
2025-04-27 18:13:36,274351f0-956e-4ace-a74c-38a250b80852,Retail,Monitors,15.6-inch Portable USB-C Monitor,1,188.0,188.0
2025-04-27 15:50:10,ef732c31-dcee-438d-8c37-d8dcfe0f2a08,B2B,Storage,128GB USB Flash Drive,1,15.48,15.48
2025-04-28 20:22:53,59b2b5d9-95d1-44a6-b4be-3cba1eb62b3b,Retail,Storage,2TB External HDD,2,80.09,160.18
2025-04-28 15:03:26,2694e019-159c-484f-a03e-3b20311e8f9f,Web,Mice,Vertical Ergonomic Mouse,1,49.14,49.14
2025-04-28 09:52:45,bee39efc-0f63-4e8b-9551-e1f177dec42b,B2B,Keyboards,Membrane Office Keyboard,1,28.65,28.65
2025-04-28 14:27:50,53d4c65c-89e4-4184-8180-ff055c84ff68,B2B,Mice,Precision Laser Mouse,1,81.14,81.14
2025-04-28 12:39:32,4c157d2d-50f1-4bf9-ab39-969fd28b1b05,Retail,Headsets,Noise-Cancelling Gaming Headset,2,120.68,241.36
2025-04-28 16:46:37,81385f7e-4d4f-485a-a438-2ddbad510919,Web,Headsets,Wireless Bluetooth Headphones,1,113.29,113.29
2025-04-28 15:44:58,70791bdf-50f9-4709-80aa-d2f8544ba969,Web,Storage,1TB NVMe SSD,2,85.08,170.16
2025-04-28 19:21:17,5435a873-13a8-4a05-b42b-55ec6dd81190,Retail,Headsets,Surround Sound Headphones,1,146.53,146.53
2025-04-28 10:30:08,afe9dba8-e41d-4870-9298-8863890a0a81,Web,Networking,Wireless Mesh Router System,1,258.15,258.15
2025-04-28 11:55:09,edb4c8ed-9b60-4472-9618-89636a8ff428,B2B,Monitors,27-inch 4K IPS Monitor,1,288.76,288.76
2025-04-28 10:28:15,9b0ca0f8-8cc8-4272-ab1b-e81c8cfa162b,B2B,Mice,Wireless Bluetooth Mouse,1,33.48,33.48
2025-04-28 09:08:49,51581346-0566-4dc1-9d78-ec370cfb3061,B2B,Storage,512GB Portable SSD,1,68.06,68.06
2025-04-28 14:57:49,fd26ba2d-dfae-4119-ab6e-76aa4a9fe308,Web,Headsets,Wireless Bluetooth Headphones,2,83.65,167.3
2025-04-29 15:51:31,42787044-00dd-4b40-b25c-5aa6248e6cef,B2B,Storage,512GB Portable SSD,2,59.14,118.28
2025-04-29 09:32:55,8db71e3d-ae2d-47bf-a601-8f4e25cd6461,B2B,Storage,512GB Portable SSD,1,81.05,81.05
2025-04-29 19:04:47,fc48be94-760f-47ff-abcf-6ede078102ba,Web,Keyboards,Wireless Ergonomic Keyboard,1,92.81,92.81
2025-04-29 17:54:54,74722a21-a6b8-455a-9600-e8b8be75a667,Retail,Keyboards,RGB Backlit Keyboard,1,67.9,67.9
2025-04-29 12:48:04,831c1e23-e691-4db0-bc8a-8c9c66a7b3eb,Retail,Storage,512GB Portable SSD,1,94.49,94.49
2025-04-29 11:41:21,ba6a020c-37d7-4401-a4c1-a4ed8cf171a7,B2B,Keyboards,Wireless Ergonomic Keyboard,1,65.26,65.26
2025-04-29 16:33:49,ee405762-d560-4e84-9c37-d95c31ee6fa6,Retail,Storage,1TB NVMe SSD,1,84.29,84.29
2025-04-29 15:01:00,14814de9-58b1-4214-85e3-14f73948817b,Retail,Mice,Optical Gaming Mouse,2,73.44,146.88
2025-04-29 18:43:49,1919c80d-92b0-42c8-bae7-20debf338830,Retail,Mice,Wireless Bluetooth Mouse,1,47.91,47.91
2025-04-29 20:55:36,b78fb6ba-31a7-405c-a54a-eb3862f0ce9e,Web,Keyboards,Membrane Office Keyboard,2,20.99,41.98
2025-04-29 11:06:01,b31c5990-6caf-40a7-85c4-004109a8a180,Web,Headsets,Surround Sound Headphones,1,97.99,97.99
2025-04-29 14:55:20,e784eefa-c6af-443a-917d-0258a216a5ed,B2B,Networking,Gigabit Ethernet Switch,2,43.79,87.58
2025-04-29 13:10:27,04060940-654f-41ba-94f2-99de190884ea,Web,Networking,Powerline Ethernet Adapter,1,62.29,62.29
2025-04-29 11:56:57,24445be4-de62-439a-8af5-b0f3264c6b7b,Web,Networking,USB Wi-Fi Adapter,1,35.49,35.49
2025-04-29 15:01:28,723137cb-8278-43e7-82b9-30656752edad,B2B,Storage,4TB Desktop HDD,3,107.66,322.98
2025-04-30 11:48:13,c9b210c8-c621-41eb-bcb2-35e701376937,Retail,Keyboards,RGB Backlit Keyboard,1,59.35,59.35
2025-04-30 15:12:13,00eadac7-954a-4bcc-b519-fc940d409753,B2B,Networking,Powerline Ethernet Adapter,1,80.99,80.99
2025-04-30 13:32:07,ffae1e75-dc1f-4168-8461-f3f28857ff67,Web,Networking,USB Wi-Fi Adapter,2,31.99,63.98
2025-04-30 10:22:23,2c02c96a-a6f4-46d8-83b8-df44da9f0cb2,Web,Networking,USB Wi-Fi Adapter,1,24.26,24.26
2025-04-30 19:19:14,ff2bfc71-1db4-4ce7-ae78-c0d973f124e1,Web,Networking,Powerline Ethernet Adapter,1,69.04,69.04
2025-04-30 09:17:46,fcd15fc8-d6bd-4d82-bf1c-b7984a7602da,Retail,Monitors,24-inch 144Hz Gaming Monitor,1,153.99,153.99
2025-04-30 12:11:36,ffb7a962-c7fd-4706-b1f6-99095f36b98e,B2B,Keyboards,Mechanical Gaming Keyboard,2,121.39,242.78
2025-04-30 09:38:51,0df736c6-32c5-4295-875e-c18f6727b06d,B2B,Mice,Optical Gaming Mouse,1,44.04,44.04
2025-04-30 15:52:10,db2ec503-e9f6-4b2a-b437-d5477cff642a,Web,Headsets,Noise-Cancelling Gaming Headset,1,148.92,148.92
2025-04-30 19:11:23,10f7e808-9476-445c-b38a-2373e4301e33,Web,Networking,Wireless Mesh Router System,1,232.19,232.19
2025-04-30 09:31:13,dd8738fa-ff78-4a8c-b8a8-ba28337a2bd2,B2B,Mice,Wireless Bluetooth Mouse,1,38.6,38.6
2025-04-30 09:21:01,2877f3ad-582e-422e-a39f-1aba64aec4f1,Web,Networking,Wireless Mesh Router System,1,241.66,241.66
2025-04-30 11:58:26,46d5e6c3-3ef7-4148-b444-abf2468b24be,Retail,Keyboards,Mechanical Gaming Keyboard,1,128.42,128.42
2025-04-30 10:00:22,1be1cc0b-6374-4af1-b0cb-cb86094b3896,Web,Networking,Gigabit Ethernet Switch,1,43.98,43.98
2025-04-30 10:07:30,f7a55dc5-e2c3-456b-8f03-1e7b65a69b4e,Retail,Headsets,Wireless Bluetooth Headphones,1,92.14,92.14
2025-04-30 18:51:40,63ffc8f0-8a2a-40b0-91e8-78d0b6e06c24,Retail,Keyboards,Mechanical Gaming Keyboard,1,128.15,128.15
2025-04-30 13:08:20,25b7598f-3552-4ffc-924e-9fb5f4f67856,Retail,Monitors,24-inch 144Hz Gaming Monitor,1,211.16,211.16
2025-05-01 18:12:08,334d2bb8-f8e4-46c2-ae69-99f685e9e9f3,Web,Mice,Optical Gaming Mouse,1,56.07,56.07
2025-05-01 19:05:47,93556b06-2c41-433c-b224-59550545794e,Retail,Keyboards,RGB Backlit Keyboard,1,74.3,74.3
2025-05-01 13:11:46,712a55fb-2bdd-47c4-a579-96a926260236,Retail,Monitors,24-inch 144Hz Gaming Monitor,1,199.93,199.93
2025-05-01 16:42:37,71681637-9e7a-4b4b-8f8b-74727cc932ec,B2B,Headsets,Surround Sound Headphones,1,135.49,135.49
2025-05-02 12:11:00,fd15b8a9-3264-4b93-9487-8818f2c3bb16,Web,Keyboards,Compact 60% Keyboard,1,70.76,70.76
2025-05-02 09:36:30,4d633587-a69d-4e86-8514-213c16ae0799,Retail,Headsets,Wireless Bluetooth Headphones,2,115.03,230.06
2025-05-02 18:25:28,dfb27223-a007-4956-8e17-0606d5aea634,Retail,Networking,Powerline Ethernet Adapter,1,54.23,54.23
2025-05-02 13:41:49,36d366c9-8383-4361-9f18-233b54011d1f,Retail,Headsets,USB Conference Headset,1,48.85,48.85
2025-05-02 11:16:21,b76b64bd-5206-4ea2-b337-9aaae8b1e6bc,Retail,Storage,128GB USB Flash Drive,1,26.46,26.46
2025-05-02 17:16:04,b39053a0-9e2c-4abb-8efe-5091eaa7ab7d,Retail,Storage,512GB Portable SSD,1,83.46,83.46
2025-05-02 11:06:14,978df6d7-2b5c-4ff7-817b-8f4a3d197763,Web,Networking,Network Attached Storage (NAS),2,390.33,780.66
2025-05-02 14:19:28,bfb95860-a277-409e-a200-ec2a9a6775f8,Web,Headsets,Noise-Cancelling Gaming Headset,1,110.89,110.89
2025-05-02 17:11:25,752af418-40a1-4271-bf4d-e9d992d34f71,B2B,Storage,128GB USB Flash Drive,2,20.12,40.24
2025-05-02 20:47:22,8edd86c9-b2fe-4190-a130-9f326b1511e2,Web,Headsets,Surround Sound Headphones,1,143.61,143.61
2025-05-02 17:33:03,b26c05d5-12a6-4e20-ae1a-411a738c7030,Retail,Storage,512GB Portable SSD,1,77.24,77.24
2025-05-02 11:06:43,72a7d6b8-317e-4891-9efc-40d8a930a770,B2B,Keyboards,Membrane Office Keyboard,1,29.94,29.94
2025-05-02 12:53:59,f3ac6d3d-5c1c-4a88-beee-9f22e5ddb041,Web,Storage,2TB External HDD,1,72.83,72.83
2025-05-02 09:25:18,d0455f90-c1df-479f-a132-0381874cb227,B2B,Mice,Precision Laser Mouse,1,73.7,73.7
2025-05-02 16:20:08,206de948-2372-455e-8b76-c9169246e6b9,Retail,Storage,1TB NVMe SSD,2,77.81,155.62
2025-05-02 20:39:38,6edbb0a4-f9bc-460f-aa7f-696e84abec47,Web,Networking,USB Wi-Fi Adapter,1,28.21,28.21
2025-05-02 11:09:30,30c31e42-15d5-4d47-9942-4c7778a71d3e,Web,Storage,128GB USB Flash Drive,1,15.32,15.32
2025-05-02 12:53:22,f5ff30b2-a433-4334-a9dd-2eede458cd39,Retail,Keyboards,Wireless Ergonomic Keyboard,2,97.81,195.62
2025-05-02 15:07:46,48601de7-f05c-4017-a9f2-161952bd9598,B2B,Storage,2TB External HDD,2,70.47,140.94
2025-05-02 09:40:07,c26aee38-b402-4f80-b695-7e26369411c3,B2B,Headsets,Surround Sound Headphones,2,110.13,220.26
2025-05-02 19:38:30,76736384-369a-4d9f-b022-0e744d080f3c,Retail,Mice,Optical Gaming Mouse,2,59.5,119.0
2025-05-02 10:56:48,632a42e1-93ca-48c7-8ae2-0ed5370f825c,Retail,Networking,Gigabit Ethernet Switch,1,38.99,38.99
2025-05-03 16:48:18,afe46ce9-8ca5-49ab-88ec-2c3bec71c7a6,Web,Mice,Optical Gaming Mouse,2,62.72,125.44
2025-05-03 18:55:23,18982c28-9f6d-4855-91e4-75dc7a4fe39d,B2B,Mice,Optical Gaming Mouse,1,56.88,56.88
2025-05-03 10:55:49,3fd401e4-c222-4ee3-b4ed-023b8b70ddf4,B2B,Mice,Wireless Bluetooth Mouse,1,41.11,41.11
2025-05-03 19:32:21,9ae87136-dc0f-455c-976d-d4bbeaf02900,Retail,Headsets,Noise-Cancelling Gaming Headset,1,127.19,127.19
2025-05-03 16:15:37,4eb004f8-caf2-4c0c-a0c1-8d600891942b,B2B,Headsets,USB Conference Headset,1,51.83,51.83
2025-05-03 13:06:49,e8071834-bb1a-4113-85e3-33242f8c643a,Retail,Storage,128GB USB Flash Drive,1,16.55,16.55
2025-05-03 19:24:02,45f5894c-2f50-495c-8ad7-b3160cb0a61e,B2B,Monitors,27-inch 4K IPS Monitor,1,401.05,401.05
2025-05-03 19:06:36,58d08fb2-3087-4c24-aaf1-cd435d9f926f,Web,Keyboards,RGB Backlit Keyboard,1,69.88,69.88
2025-05-03 15:52:25,8fe9ed99-99ae-486d-8ac9-0a2da6eb253b,Web,Storage,1TB NVMe SSD,2,62.99,125.98
2025-05-03 16:36:55,0be980ca-f322-4eae-97f5-a1149dc75ab6,Retail,Headsets,Surround Sound Headphones,1,115.95,115.95
2025-05-03 19:58:01,d96acfd9-8bc0-448b-88f3-dfcd104ccf98,Web,Mice,Optical Gaming Mouse,2,47.49,94.98
2025-05-03 10:18:58,bf4d4a27-4b16-4449-a3e7-f2d52030e641,Web,Headsets,Noise-Cancelling Gaming Headset,1,128.04,128.04
2025-05-03 19:22:22,2afba983-c35e-4af6-9d47-c8936886af1f,Web,Networking,Network Attached Storage (NAS),1,350.37,350.37
2025-05-03 09:20:29,db2c21a6-864b-4fd3-946b-58b2baa1dc7c,B2B,Storage,1TB NVMe SSD,2,96.49,192.98
2025-05-03 17:41:20,2b8f5fea-66ca-48d2-94ce-4093c643c70f,Retail,Storage,2TB External HDD,1,99.92,99.92
2025-05-03 16:54:05,d2182cdd-7371-45a2-8d23-203e542ccee2,B2B,Mice,Vertical Ergonomic Mouse,1,56.81,56.81
2025-05-03 13:06:58,dd8b142d-c0c2-4166-8bd7-f231e2a13c96,B2B,Storage,1TB NVMe SSD,1,87.21,87.21
2025-05-03 19:11:48,d0395b0f-61f3-491a-8c6c-e0497afae344,Retail,Mice,Precision Laser Mouse,1,63.3,63.3
2025-05-03 14:48:10,8a702c2b-4c81-4612-9abb-84966c5da68a,Retail,Networking,USB Wi-Fi Adapter,2,35.49,70.98
2025-05-03 12:37:19,077c1bf0-0348-44d6-8988-b19e84fb866d,B2B,Networking,Gigabit Ethernet Switch,1,46.32,46.32
2025-05-03 11:25:39,0e54c72f-38e1-4a39-bd8a-ae53f023e5ac,Web,Storage,1TB NVMe SSD,2,108.4,216.8
2025-05-03 19:25:54,aaa156ca-dfd0-4b46-9788-da2a4046baa8,B2B,Mice,Optical Gaming Mouse,2,66.6,133.2
2025-05-03 20:52:56,99b7b190-7cbf-4c40-8534-eb961562c3d3,Retail,Networking,Wireless Mesh Router System,1,286.58,286.58
2025-05-03 10:20:14,26380204-2d5b-4cae-9c7c-f9f039e7bf47,Web,Headsets,Wireless Bluetooth Headphones,2,126.43,252.86
2025-05-03 09:31:14,279de2c3-305f-410f-8f03-e86832a68afa,Web,Storage,128GB USB Flash Drive,2,26.99,53.98
2025-05-03 19:51:13,29f35619-dc66-49f4-b17d-7072631fa1c4,Retail,Keyboards,Compact 60% Keyboard,2,83.64,167.28
2025-05-03 16:26:35,606f802f-a840-4231-ad77-9222f074e38e,B2B,Headsets,In-Ear Gaming Earbuds,2,41.24,82.48
2025-05-03 11:54:33,49027530-56c4-435e-afa7-68d94da72a75,B2B,Monitors,27-inch 4K IPS Monitor,1,398.53,398.53
2025-05-03 13:45:50,025b2fa4-59a4-4a6e-a251-104a41006220,Retail,Networking,Powerline Ethernet Adapter,1,53.15,53.15
2025-05-03 14:57:59,4045d6b1-554e-40aa-884f-2c75cf77bf72,Retail,Networking,USB Wi-Fi Adapter,1,38.15,38.15
2025-05-03 14:55:52,f265f352-7f2f-4201-a176-635bc586c7d3,Web,Networking,Powerline Ethernet Adapter,1,68.57,68.57
2025-05-03 18:08:06,1cbb8216-6e3c-4b66-b086-73d60340ffa6,B2B,Networking,Powerline Ethernet Adapter,1,54.48,54.48
2025-05-03 18:14:46,fc097e77-b0e2-4397-abab-c3c071f66a99,B2B,Mice,Vertical Ergonomic Mouse,1,49.16,49.16
2025-05-03 12:29:17,e07283bf-4dea-4db3-a6a2-85fa3f1ccdb1,Web,Headsets,In-Ear Gaming Earbuds,1,31.33,31.33
2025-05-03 10:10:01,56e0aca1-c655-4806-a018-6a9230991b57,B2B,Headsets,In-Ear Gaming Earbuds,1,43.55,43.55
2025-05-04 20:48:08,2fd41194-ac01-4676-8342-4fe18cab237c,Web,Networking,Powerline Ethernet Adapter,1,44.7,44.7
2025-05-04 13:34:44,8ab075f7-b502-4cff-bba1-4d42649f853e,Retail,Monitors,15.6-inch Portable USB-C Monitor,1,190.69,190.69
2025-05-04 15:09:49,94aef16c-aa8d-45f3-93b8-c512ad504f39,B2B,Headsets,In-Ear Gaming Earbuds,1,32.04,32.04
2025-05-04 09:39:03,5640d7c8-f95c-4c20-ba36-3b71cb50eed9,Retail,Storage,1TB NVMe SSD,1,94.9,94.9
2025-05-04 15:46:10,35d53bc1-0385-4be6-ba43-2e26874a239a,Web,Storage,2TB External HDD,1,81.87,81.87
2025-05-04 11:53:11,2eda389a-2822-4adb-a490-3bdc39dd4242,Retail,Keyboards,Mechanical Gaming Keyboard,1,126.71,126.71
2025-05-04 15:36:44,c0383b19-32a5-47e8-88fb-0c9782005aca,Retail,Networking,USB Wi-Fi Adapter,1,32.31,32.31
2025-05-04 15:44:30,be663461-c9a3-49a8-b7ca-9841a5a83210,Retail,Keyboards,Compact 60% Keyboard,2,67.65,135.3
2025-05-04 15:56:16,1657a2b6-3eef-4ca1-be78-eb2ab19459cc,Web,Headsets,USB Conference Headset,1,54.62,54.62
2025-05-04 12:14:22,cf274983-f499-4eee-8776-10d28771310c,B2B,Networking,Powerline Ethernet Adapter,2,54.9,109.8
2025-05-04 13:01:56,e4fc55cd-699f-4de4-a901-74c3a8f9c96d,B2B,Monitors,34-inch Ultrawide Curved Monitor,1,510.61,510.61
2025-05-04 14:06:10,ef4e4d08-d419-4fce-954e-9f8d06b8ffb4,B2B,Keyboards,Mechanical Gaming Keyboard,2,124.03,248.06
2025-05-04 18:36:23,271ad9cd-79c1-4fd3-b3c7-de89a56db57e,Web,Storage,128GB USB Flash Drive,2,23.02,46.04
2025-05-04 11:34:13,1f7846d8-ef09-4643-8a1e-9428d03afdd4,Web,Networking,Network Attached Storage (NAS),1,492.33,492.33
2025-05-04 18:11:57,33462f00-6c7b-47e7-8f43-56002d3143d2,Web,Headsets,Noise-Cancelling Gaming Headset,1,107.28,107.28
2025-05-04 16:01:39,20d2e2b4-04fb-43d5-a5b0-cd7f9fa27524,B2B,Keyboards,Mechanical Gaming Keyboard,1,132.05,132.05
2025-05-04 13:59:18,dd63f444-dbed-4448-8f76-587b7bca0220,B2B,Keyboards,RGB Backlit Keyboard,2,75.12,150.24
2025-05-05 16:07:42,95e7b979-cb6f-4783-9d26-886baedc7a4a,Retail,Headsets,In-Ear Gaming Earbuds,2,39.73,79.46
2025-05-05 11:15:52,e09064b3-a9da-4454-8fcd-0fa8d4b52481,Retail,Headsets,USB Conference Headset,2,67.49,134.98
2025-05-05 16:51:53,093903cc-1704-491a-a64b-b9c4bf9e91f2,B2B,Networking,Gigabit Ethernet Switch,1,60.22,60.22
2025-05-05 18:06:54,3304801f-e28d-4961-add4-67733dbda9ce,B2B,Headsets,Surround Sound Headphones,1,161.88,161.88
2025-05-05 20:34:33,2a93dab7-4164-4d12-9919-d470963749ad,B2B,Mice,Trackball Mouse,1,71.87,71.87
2025-05-05 11:28:48,33ffaf11-71bc-4fc1-8860-bc316062bd09,B2B,Keyboards,Membrane Office Keyboard,1,28.09,28.09
2025-05-05 09:31:06,58d4aca1-13be-42f7-b580-72905ff95fa3,Retail,Mice,Wireless Bluetooth Mouse,1,41.3,41.3
2025-05-05 13:49:43,52d87760-61e9-4566-9368-cc9a836b532c,B2B,Storage,1TB NVMe SSD,1,116.8,116.8
2025-05-05 20:57:36,5ad4a05e-d43b-4f1d-bea4-869b0eb0ec21,B2B,Headsets,In-Ear Gaming Earbuds,1,47.84,47.84
2025-05-05 09:34:01,34b0bfa6-135d-4ff3-8084-ff3b2d09ef40,Retail,Keyboards,Wireless Ergonomic Keyboard,1,81.09,81.09
2025-05-05 19:55:27,b8c93930-d40c-453b-8be0-e54dfacd234a,B2B,Storage,2TB External HDD,1,91.95,91.95
2025-05-05 19:44:02,ac9365e4-e0ef-4d89-b5e1-17863a219bd4,Web,Networking,Gigabit Ethernet Switch,1,52.77,52.77
2025-05-05 14:04:45,0f3a6587-3269-40b9-b7a8-790bdd5217f2,Web,Keyboards,Membrane Office Keyboard,1,33.24,33.24
2025-05-05 18:00:02,be6ea371-18a6-41c2-bc9e-ded1c54e396f,Web,Networking,Gigabit Ethernet Switch,1,56.16,56.16
2025-05-05 12:42:52,21c1b29d-5f07-4361-b372-389ecfb1f521,Retail,Networking,Gigabit Ethernet Switch,1,55.52,55.52
2025-05-05 15:52:14,4f88885c-edde-4c36-8cb2-d00f3ef576ed,Retail,Mice,Precision Laser Mouse,2,70.42,140.84
2025-05-05 15:43:36,d3a3a60c-9e89-4e23-a9ef-42f569b73a21,B2B,Storage,1TB NVMe SSD,2,112.27,224.54
2025-05-05 19:47:58,59a331ae-df5c-4df7-a14c-527c641ea193,B2B,Mice,Wireless Bluetooth Mouse,2,28.97,57.94
2025-05-05 12:52:49,f27c799f-e765-43cf-9301-54a4d404db7e,B2B,Headsets,USB Conference Headset,2,60.72,121.44
2025-05-05 20:25:02,eabf42ee-d5b3-4abb-aa63-d3c190afa5fa,Retail,Storage,1TB NVMe SSD,2,96.67,193.34
2025-05-05 11:57:50,089e2787-ff9b-43b8-9cfd-3f5c761c3c7d,Web,Headsets,USB Conference Headset,1,51.68,51.68
2025-05-05 11:47:16,6d37e281-2473-42e3-9444-5b1e97f4cd0c,B2B,Networking,USB Wi-Fi Adapter,1,24.02,24.02
2025-05-05 13:54:36,15cd7d3e-b965-4695-b64b-ee008b2525e7,Web,Mice,Optical Gaming Mouse,1,67.39,67.39
2025-05-05 12:05:35,9e824b6e-c662-4d2c-87df-beda42f6082c,Web,Storage,128GB USB Flash Drive,2,18.1,36.2
2025-05-06 16:47:09,5d9a47f1-7930-4e4e-9f15-f371952e9371,Web,Headsets,Wireless Bluetooth Headphones,1,69.99,69.99
2025-05-06 12:46:20,630aad5a-76ef-401b-ad20-46cd948a49c7,Web,Keyboards,Mechanical Gaming Keyboard,1,129.07,129.07
2025-05-06 14:55:16,399b57c0-73c1-4b4e-9ee3-66c98cf1bd1e,Retail,Networking,Gigabit Ethernet Switch,1,52.77,52.77
2025-05-06 15:09:18,ce8b2096-57b6-4056-8935-677d3d2ce678,Web,Headsets,USB Conference Headset,2,48.41,96.82
2025-05-06 12:21:42,72cf61cb-3728-4915-ac98-4c278b5195f0,Web,Storage,1TB NVMe SSD,2,90.48,180.96
2025-05-06 17:10:09,ef3142f6-0a6f-41b6-8a8c-05bb92447153,Retail,Headsets,In-Ear Gaming Earbuds,2,48.57,97.14
2025-05-06 19:04:26,0cce2ffa-41d4-451a-8aef-201e34f3ff8a,Web,Headsets,Surround Sound Headphones,1,162.4,162.4
2025-05-06 14:02:09,01c2c176-0758-41a7-b2cc-79c70a7e3bd3,B2B,Networking,Gigabit Ethernet Switch,2,67.49,134.98
2025-05-06 15:00:36,4240065c-9ae6-4f9b-a106-f9d07b70e57a,Retail,Keyboards,Wireless Ergonomic Keyboard,1,96.24,96.24
2025-05-06 19:02:36,1c06a00d-eb51-499a-950c-6e54a570e358,Web,Headsets,In-Ear Gaming Earbuds,1,43.4,43.4
2025-05-06 16:59:36,7f16ff7f-9716-4d50-813e-afd265734a1d,Retail,Monitors,24-inch 144Hz Gaming Monitor,1,153.99,153.99
2025-05-07 11:29:34,3b0c0907-e385-4b6c-88a6-fe530ec64181,Web,Networking,Wireless Mesh Router System,2,229.83,459.66
2025-05-07 15:16:56,4335a18c-b5a6-4c4f-b55d-bb8ac2b1e69c,B2B,Keyboards,Membrane Office Keyboard,2,27.64,55.28
2025-05-07 13:09:02,f1b78238-bee6-4e6a-a095-67e3e8e49239,B2B,Headsets,Wireless Bluetooth Headphones,1,126.47,126.47
2025-05-07 11:53:40,e329ca08-cda0-41da-8e05-9b0df53fdab3,Retail,Mice,Vertical Ergonomic Mouse,1,34.99,34.99
2025-05-07 20:28:28,31e8227e-60f6-4897-bc1b-6564259ad7c2,Retail,Networking,USB Wi-Fi Adapter,1,27.21,27.21
2025-05-07 20:33:13,6bc6cd94-8a8a-4f1b-82c2-ac9464f8036c,B2B,Mice,Optical Gaming Mouse,2,68.95,137.9
2025-05-07 20:42:50,35262c48-a9a0-4d9f-83ba-ce9ec525b2a9,Retail,Monitors,34-inch Ultrawide Curved Monitor,1,507.18,507.18
2025-05-07 19:19:13,4f2e7969-af76-4e2f-a469-22b36d39e663,Retail,Mice,Trackball Mouse,2,67.75,135.5
2025-05-07 13:57:53,083b61b0-1385-4984-97f0-19b7f1fcc3c0,B2B,Networking,USB Wi-Fi Adapter,1,31.69,31.69
2025-05-07 11:42:24,2341cc9e-5033-4976-8048-576121ad1676,Retail,Networking,USB Wi-Fi Adapter,2,35.16,70.32
2025-05-07 16:01:44,9578cf13-ce86-4b32-8edf-bd0a2ccd24ef,B2B,Keyboards,Membrane Office Keyboard,1,28.78,28.78
2025-05-07 18:49:09,786286fc-33c2-47d7-95cd-d8a7d4f11a7d,B2B,Monitors,24-inch 144Hz Gaming Monitor,1,285.5,285.5
2025-05-07 12:09:26,8d276b8b-7212-4793-b4de-2886103e3136,Web,Mice,Wireless Bluetooth Mouse,1,46.32,46.32
2025-05-08 09:58:55,d40c3724-7746-47f8-ac35-be68f2be6706,Retail,Storage,4TB Desktop HDD,1,130.98,130.98
2025-05-08 11:13:19,8e3ad70d-a249-4390-b9d2-957d91f12010,Retail,Storage,128GB USB Flash Drive,1,18.43,18.43
2025-05-08 16:30:21,58ac4d93-f9d7-49c4-8f6e-f3161c77d975,Retail,Storage,1TB NVMe SSD,2,106.59,213.18
2025-05-08 11:26:07,cfcf695d-5352-4f27-9f85-eac22234f970,B2B,Headsets,Surround Sound Headphones,1,174.78,174.78
2025-05-08 17:35:40,2d510830-8128-4735-afcd-1cbc974af6d1,Retail,Headsets,Wireless Bluetooth Headphones,1,133.7,133.7
2025-05-08 19:09:58,e50e55ca-4b59-48bf-ad09-f2220435297f,Web,Headsets,Wireless Bluetooth Headphones,2,76.66,153.32
2025-05-08 15:30:24,00657b74-5518-445d-98b8-deceab0a5d0c,Web,Headsets,Wireless Bluetooth Headphones,1,114.18,114.18
2025-05-08 16:37:36,9543297c-bc72-43b5-832f-c16f0d92661f,Web,Keyboards,Membrane Office Keyboard,1,29.63,29.63
2025-05-08 19:36:22,de652972-348c-4ca7-9f75-44b8173b7c6d,Web,Networking,Wireless Mesh Router System,1,274.43,274.43
2025-05-08 13:43:25,0d4f0374-fefd-4ad4-bd53-a52d2c427843,Web,Networking,Gigabit Ethernet Switch,1,52.25,52.25
2025-05-08 19:12:40,9a80ba52-76da-40b8-b0ec-6c3593d927ea,B2B,Mice,Wireless Bluetooth Mouse,1,27.99,27.99
2025-05-08 16:01:39,b098039a-98ba-48be-85e9-c782ba91c162,Retail,Networking,Wireless Mesh Router System,1,337.49,337.49
2025-05-08 14:54:16,4e63ddbc-35ce-4d60-9ce3-fb55ec49b611,Retail,Keyboards,Membrane Office Keyboard,1,30.89,30.89
2025-05-08 14:57:10,e0dfda39-8458-4194-beb8-8ca048e4431c,Web,Keyboards,Wireless Ergonomic Keyboard,1,88.51,88.51
2025-05-08 13:28:27,c8d37d20-a95c-4011-8925-253141daa0a8,Retail,Mice,Vertical Ergonomic Mouse,1,46.83,46.83
2025-05-08 17:02:08,626682af-0afb-4e27-a4de-e2f35e787e45,B2B,Storage,4TB Desktop HDD,2,122.12,244.24
2025-05-08 13:24:12,63b097dd-1f73-469a-bd53-ec0c7ddc9a43,Retail,Networking,Gigabit Ethernet Switch,1,47.31,47.31
2025-05-08 15:21:23,9192db4c-b8b1-457d-a7ee-6252be2c7452,Retail,Storage,512GB Portable SSD,1,61.02,61.02
2025-05-08 14:46:16,3ec77ea6-31b2-4957-a1b5-5e74ba55fc8c,Retail,Headsets,In-Ear Gaming Earbuds,1,46.62,46.62
2025-05-09 10:09:36,16a03936-0002-43fb-9298-da2bb48a3e34,Web,Storage,512GB Portable SSD,2,91.68,183.36
2025-05-09 18:04:09,7d0c657a-fa9e-4cde-a927-8895ceb31b13,Retail,Monitors,27-inch 4K IPS Monitor,1,359.17,359.17
2025-05-09 14:50:42,74f841ae-b20f-4bdf-9380-e435d2236815,Web,Keyboards,RGB Backlit Keyboard,2,94.38,188.76
2025-05-09 10:11:05,a17e8aa6-745d-41a4-b870-c4819bce79a3,Web,Storage,1TB NVMe SSD,2,115.67,231.34
2025-05-09 12:13:03,ccc42fb6-81a0-4641-bd7e-c05f90a1ceeb,Retail,Storage,1TB NVMe SSD,2,80.16,160.32
2025-05-09 16:38:45,d6902278-8b0b-4752-8cb4-83ea5d905c06,Retail,Keyboards,Membrane Office Keyboard,1,30.49,30.49
2025-05-09 18:55:55,1e8f0621-12ae-4834-a911-0530210322a2,Web,Keyboards,Wireless Ergonomic Keyboard,1,118.47,118.47
2025-05-09 13:09:56,94958858-f660-433b-a6e4-5d614c0e9206,Web,Headsets,In-Ear Gaming Earbuds,1,49.06,49.06
2025-05-09 20:48:04,0a6d1793-ebc1-4d02-a8a8-bcaa9db64e23,Retail,Keyboards,Membrane Office Keyboard,1,30.69,30.69
2025-05-09 18:18:38,0f8741f7-c549-4e7a-808b-0a0fb7d66bed,B2B,Headsets,Noise-Cancelling Gaming Headset,1,137.85,137.85
2025-05-09 15:16:52,7d7908ab-9cad-4882-a7e3-99a8810b147b,Web,Mice,Vertical Ergonomic Mouse,1,55.96,55.96
2025-05-09 11:04:03,61d4bed8-18e3-4b18-9e49-7e1007b4da67,Retail,Keyboards,Wireless Ergonomic Keyboard,1,88.17,88.17
2025-05-09 09:39:48,faa8c82b-6fe3-465a-971e-2db603d54aca,Web,Storage,128GB USB Flash Drive,1,13.99,13.99
2025-05-10 14:28:22,afea4d2e-f078-4bb0-99bf-8c0d1a2fc931,Retail,Storage,2TB External HDD,1,64.95,64.95
2025-05-10 20:12:14,2a96bbc5-3aed-4ccd-9e6e-facc4c47fb8c,Web,Monitors,27-inch 4K IPS Monitor,1,355.16,355.16
2025-05-10 15:29:56,672a072f-9acd-4ae9-97b4-86e5cfc50a25,Retail,Headsets,Wireless Bluetooth Headphones,1,113.25,113.25
2025-05-10 11:47:48,8d51edf8-435a-4669-91ef-c30a531a385c,Web,Mice,Precision Laser Mouse,1,62.19,62.19
2025-05-10 15:55:40,b1500925-2bbf-4ece-ad1e-cb7be5664c63,Retail,Keyboards,Compact 60% Keyboard,2,73.77,147.54
2025-05-10 11:09:37,25f14a63-69b5-4de9-9ab8-c46b0b31892e,Web,Networking,USB Wi-Fi Adapter,2,21.45,42.9
2025-05-10 15:30:09,0fc86449-b022-4326-88ab-532ab260ceca,Web,Mice,Wireless Bluetooth Mouse,2,33.41,66.82
2025-05-10 17:17:14,913e863b-6f0e-4ef9-8779-c2bf17931b96,B2B,Keyboards,Membrane Office Keyboard,1,40.49,40.49
2025-05-10 15:27:54,b438f0c8-b92b-4298-99d3-b2568f5bd1ef,B2B,Keyboards,Membrane Office Keyboard,2,31.8,63.6
2025-05-10 14:45:30,27a8eed8-7187-4aac-a3ce-ca07b2bae025,Web,Monitors,34-inch Ultrawide Curved Monitor,1,492.85,492.85
2025-05-10 16:51:13,91a9dfbd-7f0f-4e72-b112-adfbc0a85f6d,Web,Headsets,Noise-Cancelling Gaming Headset,1,108.9,108.9
2025-05-10 13:43:39,018b9f8c-24e3-40cb-9cc6-22b71e07e68a,Web,Headsets,Noise-Cancelling Gaming Headset,1,107.95,107.95
2025-05-10 17:18:21,480c0e5d-af76-4320-b7bc-795d1ff0654b,B2B,Storage,1TB NVMe SSD,1,95.31,95.31
2025-05-10 16:23:26,f4a4e18d-3988-42fe-84c0-15930421a26b,Retail,Mice,Optical Gaming Mouse,1,59.32,59.32
2025-05-10 14:40:58,11f2d0da-d861-4a71-befc-5313fd5ea74d,Retail,Networking,Gigabit Ethernet Switch,1,37.64,37.64
2025-05-10 14:44:12,7e122da6-1679-414a-8b45-f33580c70c7e,Retail,Networking,Gigabit Ethernet Switch,1,45.55,45.55
2025-05-10 18:58:14,e71dc1ec-3646-4057-98c1-8aac5fe8be2a,B2B,Storage,1TB NVMe SSD,2,73.14,146.28
2025-05-10 09:20:32,3571ac46-824a-41ed-818d-d8c741843b2a,Retail,Networking,Wireless Mesh Router System,1,254.02,254.02
2025-05-11 12:50:49,c2b47b32-221b-44ca-bd75-283ba2a35195,Web,Mice,Wireless Bluetooth Mouse,1,27.99,27.99
2025-05-11 16:15:14,e99030d3-8437-432f-b997-6ce425d4b958,Retail,Monitors,24-inch 144Hz Gaming Monitor,1,182.67,182.67
2025-05-11 13:20:31,f8ebbefd-4672-47f4-b852-6b12ce0d6dd3,B2B,Networking,Powerline Ethernet Adapter,1,49.39,49.39
2025-05-11 12:52:51,1c824290-e977-4357-97b2-35389fae571e,B2B,Monitors,24-inch 144Hz Gaming Monitor,1,215.99,215.99
2025-05-11 12:33:51,d996b08d-5e57-40a3-b7c6-6e9c9401cd3d,Web,Headsets,USB Conference Headset,1,52.7,52.7
2025-05-11 15:44:52,8ca07b40-bf96-436c-8f24-a4c04d68eb25,Retail,Storage,128GB USB Flash Drive,2,25.73,51.46
2025-05-11 15:05:23,da242857-a8a5-4b29-8d7c-a724ac65725b,Web,Headsets,Wireless Bluetooth Headphones,1,103.44,103.44
2025-05-11 15:35:10,ec3ecd09-a288-4a5d-ba32-55cca8e8c864,Retail,Monitors,27-inch 4K IPS Monitor,1,342.88,342.88
2025-05-11 20:38:29,400e7e17-f83e-416a-8bac-42697e2ab27d,B2B,Mice,Wireless Bluetooth Mouse,2,46.35,92.7
2025-05-11 10:03:55,31a46cb8-0d85-4012-88dc-5f511b4923a4,Retail,Mice,Wireless Bluetooth Mouse,1,38.13,38.13
2025-05-11 19:27:41,ae5857ce-eaa5-4d1a-9aba-bfac7e4ead5b,Web,Mice,Wireless Bluetooth Mouse,2,30.05,60.1
2025-05-11 09:41:18,975877b3-e853-4187-9452-63946f2fe1f2,B2B,Mice,Wireless Bluetooth Mouse,2,37.84,75.68
2025-05-11 16:04:59,97d1b65a-85b5-400b-93c6-708c6cb20299,Web,Keyboards,Wireless Ergonomic Keyboard,2,71.29,142.58
2025-05-11 11:45:15,27cc8570-ee15-434f-a33a-649abd0f6101,Retail,Keyboards,RGB Backlit Keyboard,1,74.56,74.56
2025-05-11 10:31:25,c9bd0a9d-6d03-429c-96e1-d8d48086814d,B2B,Headsets,In-Ear Gaming Earbuds,1,46.13,46.13
2025-05-11 15:44:09,f5602bd5-6786-419d-a01d-3aedf2340215,Web,Headsets,In-Ear Gaming Earbuds,1,36.71,36.71
2025-05-11 13:14:15,7e6de9d7-8e3c-4730-a9da-bc7c9e1236f5,B2B,Keyboards,Wireless Ergonomic Keyboard,1,91.88,91.88
2025-05-11 09:41:53,5840231c-0ead-403b-a56a-8f9397fe6f46,Retail,Storage,1TB NVMe SSD,1,90.93,90.93
2025-05-12 14:24:48,f3d50c32-9fb5-4624-a334-d8cba5cbdf9b,Retail,Monitors,24-inch 144Hz Gaming Monitor,1,242.87,242.87
2025-05-12 13:31:01,9c2214f0-dcfb-4ef0-84ca-0a3be518f566,B2B,Monitors,15.6-inch Portable USB-C Monitor,1,198.24,198.24
2025-05-12 09:13:14,22a51326-91ee-4df4-bf4a-43aaa80865be,Web,Monitors,27-inch 4K IPS Monitor,1,366.6,366.6
2025-05-12 10:37:56,926d5422-34f4-4750-9bb0-fa41be8b02bc,Web,Mice,Precision Laser Mouse,1,86.84,86.84
2025-05-12 18:18:17,250bc22f-afa5-4325-8e23-bc3f04becae2,B2B,Headsets,In-Ear Gaming Earbuds,1,40.44,40.44
2025-05-12 12:48:38,3ce63726-67e1-4094-9d68-243f64883189,Web,Mice,Optical Gaming Mouse,2,66.0,132.0
2025-05-12 09:28:38,3b702aa4-3230-4108-b9af-c48927439b6b,B2B,Networking,USB Wi-Fi Adapter,1,33.34,33.34
2025-05-12 15:13:11,a2b35501-6919-4fc7-a722-ec4f8f687c9e,Retail,Keyboards,RGB Backlit Keyboard,1,79.07,79.07
2025-05-12 12:48:36,bbb6be2a-8e13-440d-8ebe-b330f448a161,Retail,Storage,2TB External HDD,1,55.99,55.99
2025-05-12 18:52:19,4339789d-565c-4c3e-8cc9-6c744e946f8b,Web,Mice,Vertical Ergonomic Mouse,1,61.88,61.88
2025-05-12 12:32:01,bb4f478a-cca4-488b-89c5-423d051eba44,Web,Mice,Wireless Bluetooth Mouse,1,30.18,30.18
2025-05-12 12:31:46,8c510b84-bf69-469a-a215-9d21009f2792,Retail,Mice,Precision Laser Mouse,1,70.65,70.65
2025-05-12 16:35:38,0cf5fe83-2411-4035-aa14-f00d10a95a02,B2B,Mice,Wireless Bluetooth Mouse,1,27.99,27.99
2025-05-12 18:06:56,d3717f23-4966-4a35-8a07-cb0640c4d309,Web,Keyboards,Mechanical Gaming Keyboard,1,152.65,152.65
2025-05-12 09:19:28,e7419794-67b4-4160-b69d-fa5c201e7784,B2B,Mice,Precision Laser Mouse,2,48.99,97.98
2025-05-12 14:13:41,8b938376-1002-4625-a613-1b090ffa1bd5,Retail,Keyboards,Membrane Office Keyboard,1,27.16,27.16
2025-05-12 19:01:19,764d2c55-4c1e-44cb-874d-0808175b0317,Web,Storage,512GB Portable SSD,2,76.96,153.92
2025-05-12 12:07:58,167c44d6-a35f-445e-b787-0dde12667107,B2B,Monitors,24-inch 144Hz Gaming Monitor,1,287.72,287.72
2025-05-12 11:00:07,10ce4a13-d789-4dc9-a83c-814c8b58c210,Web,Keyboards,RGB Backlit Keyboard,1,64.15,64.15
2025-05-12 18:44:35,b89525f2-a228-448e-9214-8a33096fe883,Web,Mice,Wireless Bluetooth Mouse,1,39.45,39.45
2025-05-12 10:25:43,ec318d82-fa3d-4e01-83d9-1b1b226b1723,Web,Mice,Precision Laser Mouse,1,63.11,63.11
2025-05-12 15:11:00,e600f8b8-3ce5-4b86-aa08-745d298d3701,Web,Headsets,In-Ear Gaming Earbuds,1,53.84,53.84
2025-05-12 20:18:46,d31f9c29-e269-4634-afa5-3253f1631844,Retail,Headsets,Wireless Bluetooth Headphones,2,92.26,184.52
2025-05-12 13:55:12,159c02c9-0343-4ac9-9a31-a5d3d4511135,Retail,Mice,Optical Gaming Mouse,1,72.37,72.37
2025-05-12 15:35:44,80bd17a5-0583-4f40-aa8b-8ec70a27b5ef,Web,Headsets,USB Conference Headset,1,52.81,52.81
2025-05-12 20:03:18,867046a7-ef2f-4038-8046-eb3885d282f6,B2B,Mice,Precision Laser Mouse,1,58.84,58.84
2025-05-13 15:23:29,3549cd70-8efa-4b2e-9110-fc1a7c9641e2,Retail,Networking,Powerline Ethernet Adapter,2,48.23,96.46
2025-05-13 19:34:26,3261d07e-48c2-427a-8724-c843f013b853,Retail,Mice,Vertical Ergonomic Mouse,2,35.14,70.28
2025-05-13 11:21:59,105fea9f-b0da-4f4e-8dbe-be6b5a089ee1,Retail,Mice,Vertical Ergonomic Mouse,1,42.87,42.87
2025-05-13 14:32:58,24e0251c-5139-4f78-9d8c-54ee60174f52,B2B,Storage,4TB Desktop HDD,2,83.99,167.98
2025-05-13 19:53:47,577498ca-32f7-435a-93e1-29f78cedad3d,B2B,Keyboards,Membrane Office Keyboard,2,31.36,62.72
2025-05-13 20:25:05,881ed088-fb9f-437e-a36b-e8f75873fbb4,Web,Storage,128GB USB Flash Drive,1,17.51,17.51
2025-05-13 17:06:36,6c9a23cb-3483-4d61-8176-6f05185a00da,B2B,Keyboards,Mechanical Gaming Keyboard,1,135.48,135.48
2025-05-13 20:50:21,a43331dc-49a3-48ce-bbe5-1175a012aef0,Retail,Headsets,USB Conference Headset,1,54.92,54.92
2025-05-13 14:35:59,4e90c03e-b1ba-408e-8946-0114816abe1a,B2B,Mice,Trackball Mouse,1,72.7,72.7
2025-05-13 10:14:40,865ad1cd-2b6e-47f8-8825-582b279e8d99,Web,Monitors,24-inch 144Hz Gaming Monitor,1,252.95,252.95
2025-05-13 12:45:00,ce028371-b7a4-4f1c-acf3-e76b3934f96a,B2B,Networking,Wireless Mesh Router System,1,174.99,174.99
2025-05-13 20:19:15,ac2664fc-fe75-4e55-aeb6-95019c9005cb,Retail,Storage,2TB External HDD,1,80.79,80.79
2025-05-13 10:52:12,fcb8cb24-7f92-4c0c-843b-905c57e89081,Web,Keyboards,Mechanical Gaming Keyboard,1,137.48,137.48
2025-05-13 19:04:04,3b5594fe-f77a-4a6a-8744-9cff2e7102e5,Web,Mice,Optical Gaming Mouse,1,78.06,78.06
2025-05-13 15:00:44,ce7aa0a4-a5e2-4dd4-9099-f9c0b2dc2d91,Retail,Monitors,27-inch 4K IPS Monitor,1,366.37,366.37
2025-05-14 14:22:01,59203c8b-2209-42e6-bfca-9456d66590b0,Retail,Mice,Optical Gaming Mouse,1,55.58,55.58
2025-05-14 20:37:39,1c58c1fa-de13-41a4-979c-257222564c4f,B2B,Networking,Wireless Mesh Router System,1,244.48,244.48
2025-05-14 09:24:02,88b8f9a3-c1c7-49cf-bd06-d818896cdb96,Web,Networking,USB Wi-Fi Adapter,1,27.59,27.59
2025-05-14 20:53:45,0f02a729-c6bc-4184-8641-50f7efd66285,Web,Monitors,24-inch 144Hz Gaming Monitor,1,215.47,215.47
2025-05-14 20:21:15,f188eb32-2c7c-4eb7-96bd-31ff28b1a29c,Retail,Monitors,27-inch 4K IPS Monitor,1,311.83,311.83
2025-05-14 16:13:39,85227b28-a147-4cb6-8b21-cea2b5329fc2,Web,Headsets,Noise-Cancelling Gaming Headset,1,149.0,149.0
2025-05-14 18:55:43,5f756cc2-b9c3-4277-b9ea-e229de9c7abd,B2B,Storage,512GB Portable SSD,1,51.94,51.94
2025-05-14 15:51:59,442271f7-9c8f-407d-b09a-fe7c4fd11dfa,B2B,Headsets,Surround Sound Headphones,2,147.08,294.16
2025-05-14 18:07:44,c2623425-f56e-49df-be39-53f89cbcbacc,Web,Headsets,Surround Sound Headphones,1,136.78,136.78
2025-05-14 13:38:21,31553991-8375-4b97-81e0-8039faabc3cc,B2B,Headsets,Noise-Cancelling Gaming Headset,2,130.32,260.64
2025-05-14 10:12:30,c5d9b6da-a860-4e8a-9892-c09a73e9a433,Web,Headsets,USB Conference Headset,1,49.59,49.59
2025-05-14 11:49:24,45fe6836-7200-4594-ac1b-9d9c82a663fb,Web,Keyboards,Mechanical Gaming Keyboard,1,108.15,108.15
2025-05-15 16:14:45,70259ca7-2b7d-4175-b6ea-393a302c498f,B2B,Headsets,Wireless Bluetooth Headphones,1,106.69,106.69
2025-05-15 11:47:38,c416cfe4-6932-476f-bfa3-44578a830120,Retail,Headsets,In-Ear Gaming Earbuds,1,42.79,42.79
2025-05-15 20:27:01,eab03a5d-bc7f-483f-9dbc-c0b583f78b64,B2B,Storage,1TB NVMe SSD,1,86.57,86.57
2025-05-15 15:35:44,ea7b22bf-441b-4539-a3d3-64ca2a959bf9,Web,Headsets,Noise-Cancelling Gaming Headset,2,122.29,244.58
2025-05-15 19:22:30,8fe2f49d-4e9d-45a3-ab1e-7bc9c9525c3f,Web,Mice,Trackball Mouse,1,85.16,85.16
2025-05-15 18:11:42,d3ac38b7-e6e3-4284-83be-991b5a8c78c5,B2B,Keyboards,Membrane Office Keyboard,1,32.04,32.04
2025-05-15 14:35:16,407820ec-5e25-49b7-a908-94d103d67bba,B2B,Headsets,Wireless Bluetooth Headphones,2,83.56,167.12
2025-05-15 12:12:09,6055cd75-fb2e-424e-acc6-7c402ce6e6c4,B2B,Mice,Wireless Bluetooth Mouse,2,45.3,90.6
2025-05-15 09:32:50,b9222b6d-e789-4f26-a0f1-a217ef7447b6,B2B,Keyboards,Mechanical Gaming Keyboard,1,128.27,128.27
2025-05-15 11:20:58,f4f47595-91ea-4c83-8e87-a6f68260b293,Retail,Mice,Optical Gaming Mouse,1,59.31,59.31
2025-05-15 16:30:30,be281e02-ba73-487f-80b8-fcd09af7f379,Web,Mice,Optical Gaming Mouse,1,42.55,42.55
2025-05-15 11:42:08,bb7a54c7-ddbe-4b76-93fc-412eca2dcf3e,Web,Storage,128GB USB Flash Drive,2,18.13,36.26
2025-05-15 17:04:36,93146772-115e-4768-a32d-af789ad25270,B2B,Keyboards,Membrane Office Keyboard,1,32.52,32.52
2025-05-15 12:52:16,8c98a4ee-6afb-40a8-9f27-e3e7b6d4e05a,Retail,Headsets,Noise-Cancelling Gaming Headset,2,105.58,211.16
2025-05-15 14:49:25,564bf1fe-c125-4463-9dba-e21c839335ab,B2B,Keyboards,Mechanical Gaming Keyboard,1,118.49,118.49
2025-05-15 12:47:58,dc7eb0cd-ab33-49ae-902d-7f72eab624ed,B2B,Keyboards,Compact 60% Keyboard,1,77.78,77.78
2025-05-15 17:56:26,3896f116-ff61-4637-a657-219e9faf77e4,B2B,Monitors,24-inch 144Hz Gaming Monitor,1,193.21,193.21
2025-05-15 10:27:38,3f0b5d03-b7a6-41d2-a518-9270042f38e1,Web,Keyboards,Mechanical Gaming Keyboard,1,122.79,122.79
2025-05-15 20:57:49,30e32211-8e29-4826-861e-572b196cd1e3,B2B,Keyboards,Compact 60% Keyboard,2,68.6,137.2
2025-05-15 19:51:58,1e16a111-5d3f-4aae-a964-c6404196f51c,B2B,Mice,Vertical Ergonomic Mouse,1,56.39,56.39
2025-05-15 16:32:31,6055eb64-5331-4cee-b73a-2530d574e6e6,B2B,Mice,Precision Laser Mouse,1,63.28,63.28
2025-05-15 18:08:30,817e535f-a0d7-4110-b964-0588e6d6d011,B2B,Mice,Vertical Ergonomic Mouse,1,40.14,40.14
2025-05-15 17:39:40,6532b3f8-a1ad-4b6c-9480-a395e72dac57,B2B,Keyboards,Wireless Ergonomic Keyboard,1,88.67,88.67
2025-05-15 17:14:20,b0ca3a31-8d7d-4fb6-96ba-5f689c1eb44c,Retail,Networking,Gigabit Ethernet Switch,1,58.17,58.17
2025-05-15 18:12:22,8790af8b-0270-4164-89b8-9332ea90f0b2,Web,Networking,Network Attached Storage (NAS),1,318.11,318.11
2025-05-15 13:38:27,c3e9b03b-37d2-4cb4-a333-35a11c59cb30,Web,Monitors,15.6-inch Portable USB-C Monitor,1,176.57,176.57
2025-05-15 11:51:49,a42fb820-f6bd-4b0a-94a9-46cae4635f63,Web,Storage,1TB NVMe SSD,1,77.26,77.26
2025-05-16 18:50:40,ed947633-3a5f-4ac0-85b9-b12e785179ea,Web,Storage,128GB USB Flash Drive,1,17.17,17.17
2025-05-16 20:17:59,50692090-2ef2-4fd2-b38e-fe28364a0985,B2B,Headsets,In-Ear Gaming Earbuds,1,44.92,44.92
2025-05-16 13:38:04,b76eebc7-23a1-4994-8e7c-bbc8ce988c97,Retail,Mice,Optical Gaming Mouse,1,66.46,66.46
2025-05-16 13:59:31,2796a986-db92-42ed-909c-da5e997a53d7,B2B,Headsets,Wireless Bluetooth Headphones,1,100.19,100.19
2025-05-16 13:32:36,fbea9542-6d90-469c-b0e9-45dd3835f1ef,Retail,Headsets,Noise-Cancelling Gaming Headset,2,83.99,167.98
2025-05-16 18:06:30,7336f824-1def-4bf2-b2b0-4a720441ba4e,Retail,Headsets,Noise-Cancelling Gaming Headset,2,142.33,284.66
2025-05-16 11:07:23,a4917218-9e20-48fc-a2c1-de1f6edc29fd,Web,Storage,2TB External HDD,3,91.59,274.77
2025-05-16 11:50:06,2ae91360-eb30-416c-a19a-581a34573bb4,B2B,Networking,Gigabit Ethernet Switch,1,57.73,57.73
2025-05-16 09:57:42,08f00748-ff9d-4688-a6f4-aa1f92b34750,Web,Headsets,In-Ear Gaming Earbuds,2,51.03,102.06
2025-05-16 13:27:15,fd6e9a7d-96ba-4922-a521-ebbc7dc748af,B2B,Mice,Optical Gaming Mouse,1,57.68,57.68
2025-05-16 17:22:53,cbd188ba-a40a-4eec-b0ae-3583ac9689f5,Web,Mice,Optical Gaming Mouse,1,63.4,63.4
2025-05-17 10:15:54,efe338e0-ba38-4382-a9cb-54bd420e7ae1,Web,Headsets,Noise-Cancelling Gaming Headset,1,125.61,125.61
2025-05-17 12:17:06,51b86e1f-9acb-4866-aa71-da3cbfc379de,B2B,Keyboards,Mechanical Gaming Keyboard,1,137.98,137.98
2025-05-17 18:55:38,37a74d1d-5bd7-42cc-a651-a2e959019151,Retail,Storage,128GB USB Flash Drive,2,25.49,50.98
2025-05-17 16:09:47,53218ca3-0a7b-446a-bda6-eb0446acf44a,B2B,Networking,Wireless Mesh Router System,1,288.88,288.88
2025-05-17 09:34:48,0d2fc64f-df03-4ff6-99ca-e19d8c225c77,B2B,Mice,Wireless Bluetooth Mouse,1,33.02,33.02
2025-05-17 16:32:39,9102ba49-fafc-44e7-adfa-cb168bb160e3,Retail,Mice,Precision Laser Mouse,1,68.4,68.4
2025-05-17 20:04:38,c3db65de-08b6-4f19-97fc-77b5941e5577,B2B,Storage,128GB USB Flash Drive,1,20.91,20.91
2025-05-17 15:17:15,36d09988-0654-48c5-b281-54f69b43bc1d,Web,Storage,1TB NVMe SSD,1,102.55,102.55
2025-05-17 09:43:59,06840ece-fda4-46cb-832e-83f45a0815e0,B2B,Headsets,In-Ear Gaming Earbuds,1,27.99,27.99
2025-05-17 15:36:22,8db2dde9-63c1-47cb-9d5c-9c96dbc732fb,Web,Mice,Vertical Ergonomic Mouse,1,54.23,54.23
2025-05-17 15:05:27,9fb52621-1205-452e-98aa-eff030e97b1f,Web,Mice,Optical Gaming Mouse,2,59.63,119.26
2025-05-17 12:54:37,d8e04671-38f5-447e-a297-84972373fda8,B2B,Monitors,24-inch 144Hz Gaming Monitor,1,243.41,243.41
2025-05-17 12:54:02,3bcde8b8-57e7-4a07-bb35-f73dd9479921,Retail,Networking,Powerline Ethernet Adapter,2,62.51,125.02
2025-05-17 11:05:39,493edfc1-eece-477b-9916-5858de1603fd,Web,Storage,1TB NVMe SSD,2,113.28,226.56
2025-05-17 13:28:09,9ce43788-515c-4e10-b00a-b155fdedb8ba,Retail,Mice,Wireless Bluetooth Mouse,2,40.9,81.8
2025-05-18 11:15:01,cb0d83cc-c7de-4db6-801f-3fd52703a0a9,Web,Storage,128GB USB Flash Drive,2,20.44,40.88
2025-05-18 11:34:07,0f1c9029-1b58-4d86-950f-39789fbc2503,B2B,Storage,512GB Portable SSD,1,60.59,60.59
2025-05-18 11:34:59,a01771d9-4bbf-43c3-b6ae-87f16b70f76a,Web,Keyboards,Membrane Office Keyboard,1,31.87,31.87
2025-05-18 09:32:32,dd13c50d-3aae-4ad1-a0d1-f8807b6a7d56,Retail,Networking,Gigabit Ethernet Switch,2,57.02,114.04
2025-05-18 09:30:09,69ca795c-027d-4b4d-9be0-b01a30194159,Web,Storage,128GB USB Flash Drive,1,17.1,17.1
2025-05-18 12:29:11,a4be1adf-4b9e-4add-a176-c0c9a7cf71f5,B2B,Storage,1TB NVMe SSD,2,84.56,169.12
2025-05-18 09:04:24,86d6192d-a2e8-4fe6-8657-c9b14eafb227,Retail,Keyboards,Compact 60% Keyboard,1,74.53,74.53
2025-05-18 15:35:34,8637472d-69a3-4cea-8a67-dcc1b8e2b15c,B2B,Storage,1TB NVMe SSD,1,68.48,68.48
2025-05-18 17:22:50,d2c8b9d7-270d-4ac9-ac4b-e5c0f8647990,B2B,Monitors,34-inch Ultrawide Curved Monitor,1,449.59,449.59
2025-05-18 15:10:32,7f22b160-c9c1-47e5-8135-b77b3bb64ae4,Web,Storage,128GB USB Flash Drive,1,21.7,21.7
2025-05-18 18:23:53,2b84ede8-2655-4246-81e2-aa2c697d9e8c,B2B,Mice,Wireless Bluetooth Mouse,1,39.45,39.45
2025-05-18 16:12:48,68d544d4-141c-4f90-bcbc-7a1ac9eb697c,Retail,Keyboards,Mechanical Gaming Keyboard,1,133.13,133.13
2025-05-18 11:28:55,6410d0b1-53c6-4010-b74e-9ed3dfc62f3e,B2B,Monitors,27-inch 4K IPS Monitor,1,366.36,366.36
2025-05-18 11:01:57,d30f49cc-62a9-4f52-b812-22b0c268cf0b,Retail,Mice,Optical Gaming Mouse,2,50.32,100.64
2025-05-18 20:29:23,b90b7dfd-4a97-4f39-a2b6-b9e589e236d6,Retail,Networking,Wireless Mesh Router System,2,286.31,572.62
2025-05-18 11:57:40,e0b7f331-5d71-4f0a-9266-26aed82e5289,Retail,Networking,Gigabit Ethernet Switch,1,48.11,48.11
2025-05-18 14:29:58,fab7dd6e-ef21-4379-b260-1d131cbb438f,B2B,Mice,Precision Laser Mouse,2,63.92,127.84
2025-05-18 17:30:02,13387b47-5136-4467-992b-d583ca355efc,Retail,Networking,USB Wi-Fi Adapter,2,40.49,80.98
2025-05-18 14:12:19,d418a7b2-6a17-4526-a1b5-50ce6e5c85be,Web,Networking,Gigabit Ethernet Switch,2,63.27,126.54
2025-05-18 17:17:03,ec84378a-cafd-4ae1-adae-38fe2d841e8e,Web,Keyboards,Mechanical Gaming Keyboard,1,144.72,144.72
2025-05-18 14:01:28,0b83ad63-cbc8-4a80-8b03-361fc1412fd9,B2B,Mice,Trackball Mouse,1,79.15,79.15
2025-05-18 17:37:07,4f97b2cc-5e04-43a2-95ea-36162dadec4d,Retail,Networking,Wireless Mesh Router System,1,265.77,265.77
2025-05-19 20:28:46,e86b5cf0-56f3-4e99-aea4-bfc4c2233fcf,Retail,Storage,1TB NVMe SSD,2,89.92,179.84
2025-05-19 12:05:39,af0084b3-5826-44df-821a-2645005254d5,Retail,Mice,Precision Laser Mouse,3,76.38,229.14
2025-05-19 15:36:12,0fddca05-5cdb-481d-aeb0-8f2be9756653,Web,Headsets,Noise-Cancelling Gaming Headset,1,120.72,120.72
2025-05-19 18:16:58,4fb5a448-1cc0-4bd5-9e06-c40151a12276,Web,Mice,Optical Gaming Mouse,3,57.48,172.44
2025-05-19 12:29:58,e6ebd566-1895-4248-95ac-f9a161cd7ce9,B2B,Networking,Powerline Ethernet Adapter,1,41.99,41.99
2025-05-19 10:42:29,ffde3668-a4e2-4cb7-9aa6-103802f12355,Retail,Storage,128GB USB Flash Drive,1,25.89,25.89
2025-05-19 13:36:35,bc200e25-65b7-40d1-ba71-fcb6cbd614ff,B2B,Headsets,In-Ear Gaming Earbuds,1,27.99,27.99
2025-05-19 19:20:33,58b77042-8013-4f1f-af83-3b8bf0751ef5,B2B,Keyboards,Membrane Office Keyboard,1,23.59,23.59
2025-05-19 18:49:57,c536d072-7ba2-46c9-89d8-10587b1ede66,Web,Mice,Optical Gaming Mouse,1,51.89,51.89
2025-05-19 17:19:31,005d03d4-8343-41ce-af64-6c9de3a1081c,Retail,Networking,Network Attached Storage (NAS),2,279.99,559.98
2025-05-19 13:06:52,2fdf014f-4b87-43b6-8ad2-87cc68231d12,Web,Keyboards,Compact 60% Keyboard,1,60.19,60.19
2025-05-19 12:56:15,9891ca1c-98d8-485c-83de-f0c180a4d61e,Web,Headsets,Wireless Bluetooth Headphones,1,94.21,94.21
2025-05-19 15:47:25,71293099-e696-45da-84a4-98af70e8071d,Retail,Headsets,Noise-Cancelling Gaming Headset,1,99.78,99.78
2025-05-19 12:10:39,e90430d9-7107-41b3-b211-bf1407a726a6,B2B,Headsets,Wireless Bluetooth Headphones,2,87.68,175.36
2025-05-19 15:25:52,53f6927f-5dc2-4828-ab93-8c9216dc475d,Retail,Headsets,Noise-Cancelling Gaming Headset,1,154.75,154.75
2025-05-19 09:21:23,53ff22fc-f8c3-4b64-8d55-ced0d9a0efdc,Web,Keyboards,RGB Backlit Keyboard,1,102.92,102.92
2025-05-19 15:37:13,6eb19926-a160-4241-8991-acb955c823a4,Web,Mice,Trackball Mouse,2,79.61,159.22
2025-05-20 10:59:50,dbef5b99-9b4b-4533-ba2e-b2690680d8d9,B2B,Storage,128GB USB Flash Drive,3,20.81,62.43
2025-05-20 16:11:02,860b0722-d2b6-4193-8428-0ba9929080b8,Retail,Keyboards,Compact 60% Keyboard,1,83.5,83.5
2025-05-20 19:36:05,1eedcb46-3237-4316-9a9c-2d01bfcb0243,Retail,Keyboards,Mechanical Gaming Keyboard,1,118.53,118.53
2025-05-20 09:37:05,77c854f0-be97-4901-808e-8e56120c4683,B2B,Networking,Powerline Ethernet Adapter,2,78.72,157.44
2025-05-20 15:52:31,d298cdf0-cd33-4aa2-acf1-23ae3d299926,B2B,Keyboards,RGB Backlit Keyboard,1,71.73,71.73
2025-05-20 17:04:53,e63d0321-d230-4a30-9cd5-3d438d9a7b83,Web,Monitors,34-inch Ultrawide Curved Monitor,1,451.22,451.22
2025-05-20 19:49:44,5656891e-5b75-4abb-a5aa-b9592cc76b47,Retail,Headsets,USB Conference Headset,1,46.15,46.15
2025-05-20 20:18:02,895bc0db-1d4d-423a-bb82-968fe3d5fafc,Retail,Mice,Trackball Mouse,1,84.17,84.17
2025-05-20 17:19:18,4f76de0b-6caa-48b3-b145-e895816ff436,Retail,Monitors,24-inch 144Hz Gaming Monitor,1,184.95,184.95
2025-05-20 12:50:54,9a1b4177-3081-4e23-a032-5281eff9c8cd,Retail,Mice,Wireless Bluetooth Mouse,2,39.36,78.72
2025-05-20 09:37:56,c9dcb9a1-2996-40dc-a016-4668a6bf1584,Web,Keyboards,RGB Backlit Keyboard,1,77.37,77.37
2025-05-20 11:09:46,848a29e2-5b95-4473-bc59-9fd573d7abc4,Retail,Keyboards,Wireless Ergonomic Keyboard,1,73.2,73.2
2025-05-20 15:26:07,9e98f100-bdd7-409d-a566-05232eaf8fd4,B2B,Networking,USB Wi-Fi Adapter,1,25.43,25.43
2025-05-20 17:46:37,5390ae64-b9ec-431c-b8da-fe6a7029a434,B2B,Mice,Wireless Bluetooth Mouse,2,44.55,89.1
2025-05-20 12:22:04,3c63569f-1e5a-4282-8d5c-0441e06ec923,Retail,Keyboards,Wireless Ergonomic Keyboard,1,91.47,91.47
2025-05-20 16:29:42,07d2dac0-f65c-4635-8fa5-a342ed72aad4,B2B,Networking,USB Wi-Fi Adapter,1,20.99,20.99
2025-05-20 20:45:27,6175e264-08a7-4530-b4c8-89ab74175793,B2B,Monitors,24-inch 144Hz Gaming Monitor,1,242.9,242.9
2025-05-21 10:31:56,e91a7db8-1ad3-4d65-ae48-65f442484ce3,Web,Networking,Powerline Ethernet Adapter,2,69.14,138.28
2025-05-21 16:17:58,d0daa626-4694-4e5b-8de9-6a192bbc3f88,Web,Keyboards,Membrane Office Keyboard,1,34.62,34.62
2025-05-21 09:40:23,0f8308d6-1899-456f-9a99-1fc78e79532c,B2B,Storage,1TB NVMe SSD,2,62.99,125.98
2025-05-21 17:12:13,961122cd-779d-47aa-be64-dbe4f1205a87,B2B,Keyboards,Compact 60% Keyboard,1,72.0,72.0
2025-05-21 20:47:32,5d42f73f-0580-4274-919b-ea5840f7b03f,Retail,Mice,Wireless Bluetooth Mouse,1,31.61,31.61
2025-05-21 15:49:46,934caf92-ce2b-4402-936e-f752963bf0cb,Retail,Storage,512GB Portable SSD,1,59.27,59.27
2025-05-21 13:34:48,09ff866a-9e8d-4461-931b-180fdb3a824d,Retail,Headsets,Wireless Bluetooth Headphones,1,82.39,82.39
2025-05-21 10:30:53,37ad5a9a-0516-43ae-a4c5-f6b58b8c2887,Retail,Storage,4TB Desktop HDD,1,135.44,135.44
2025-05-21 12:59:20,34d6cba1-fd1e-4d73-a341-4f9364d941e6,Web,Storage,128GB USB Flash Drive,1,19.34,19.34
2025-05-21 12:42:57,79d3ff22-d3d8-4e08-b79d-c5aa2d467158,Retail,Monitors,27-inch 4K IPS Monitor,1,336.22,336.22
2025-05-21 17:14:02,fb34a431-acf5-4ac2-a1a4-46fba4463d02,Retail,Mice,Optical Gaming Mouse,3,63.79,191.37
2025-05-21 13:34:52,2c51c5c4-66a9-4e13-aa32-3c347a258bb2,Retail,Networking,Gigabit Ethernet Switch,2,51.17,102.34
2025-05-21 20:50:49,c2249c8a-b973-4c0e-9f47-b459c70cedea,Retail,Monitors,24-inch 144Hz Gaming Monitor,1,195.71,195.71
2025-05-22 11:34:41,10d06237-40f4-46f9-b73d-5898700e92d2,B2B,Keyboards,Membrane Office Keyboard,1,28.21,28.21
2025-05-22 16:01:06,6a430a10-845b-406f-bc07-425c14b830e0,B2B,Keyboards,Compact 60% Keyboard,1,76.6,76.6
2025-05-22 11:42:18,1d0d9248-fe0a-4206-9e50-674b63c019f2,Retail,Monitors,15.6-inch Portable USB-C Monitor,1,136.59,136.59
2025-05-22 14:06:48,3d99dc0a-dd6b-4afc-874b-03234b4a12f7,Retail,Networking,USB Wi-Fi Adapter,1,34.31,34.31
2025-05-22 20:35:40,6d654f4d-8bde-485e-bb6d-70b6269a183d,Web,Keyboards,Wireless Ergonomic Keyboard,1,90.58,90.58
2025-05-22 12:04:49,ae39fece-0755-46d1-a526-66fe5b1fcb4e,Retail,Storage,512GB Portable SSD,1,69.21,69.21
2025-05-22 16:21:07,dfa56d14-91e6-452f-a252-e99e18cf5ef3,B2B,Headsets,USB Conference Headset,1,58.54,58.54
2025-05-22 13:50:05,9f3c77a8-07a5-4eb3-a86c-9e1bde24561e,Web,Mice,Vertical Ergonomic Mouse,1,58.24,58.24
2025-05-22 12:34:16,5d781c20-d0f0-4ad2-87a4-f4bc3196c0ea,B2B,Storage,1TB NVMe SSD,1,94.64,94.64
2025-05-22 11:21:10,32199792-afc1-486e-93ec-0d35a4c57f2a,B2B,Headsets,Surround Sound Headphones,1,143.73,143.73
2025-05-22 16:59:48,cc880d8b-3e50-425e-881c-a91689b19049,Web,Monitors,24-inch 144Hz Gaming Monitor,1,168.36,168.36
2025-05-22 10:51:32,714546b6-0b86-4ab7-8fc2-cff17eceb265,Retail,Storage,512GB Portable SSD,2,82.92,165.84
2025-05-22 19:30:49,57481b8e-01cf-462a-ba4b-c642db5d4e34,B2B,Monitors,27-inch 4K IPS Monitor,1,392.98,392.98
2025-05-22 19:59:58,5d66ad09-8991-4b67-b5ca-56270a6f2b1d,B2B,Storage,512GB Portable SSD,1,69.61,69.61
2025-05-22 19:23:12,38eb6259-5466-4460-a0c7-3adb15766004,Web,Networking,Gigabit Ethernet Switch,1,59.36,59.36
2025-05-23 10:38:33,6c663d00-4253-4143-9532-0416ad39f0fb,Web,Headsets,In-Ear Gaming Earbuds,1,31.22,31.22
2025-05-23 17:46:48,d9861cdd-1370-4d69-bed2-e5baf58f7f2d,B2B,Mice,Vertical Ergonomic Mouse,1,51.68,51.68
2025-05-23 19:20:15,d9d9b0f9-3507-4e36-b42c-d04a9e627845,Retail,Mice,Wireless Bluetooth Mouse,2,46.35,92.7
2025-05-23 11:44:16,3da6ec16-4c90-4528-8d41-40a668b72b68,Web,Storage,128GB USB Flash Drive,2,21.13,42.26
2025-05-23 10:33:23,b870a4dd-f7d1-4e8f-84a8-a78100f60793,Retail,Keyboards,Wireless Ergonomic Keyboard,1,87.69,87.69
2025-05-23 13:20:11,f25bc938-cc98-49c7-9cf2-3434b16cac37,Web,Storage,1TB NVMe SSD,1,91.9,91.9
2025-05-23 10:23:07,2e0b54b1-af9c-4063-bc77-7acf001721d3,Retail,Keyboards,RGB Backlit Keyboard,1,77.85,77.85
2025-05-23 18:13:37,1f4bf27c-301b-47ba-8459-4a6da8e49211,Web,Storage,512GB Portable SSD,2,75.6,151.2
2025-05-23 17:48:34,ca1efe1e-b0ba-44f3-904e-6d481345d4fe,Web,Networking,Gigabit Ethernet Switch,1,37.48,37.48
2025-05-23 20:34:19,bb763b80-5b7f-4ee9-b9ba-86e269cccfd4,B2B,Networking,Gigabit Ethernet Switch,1,46.02,46.02
2025-05-23 15:48:59,e817eb30-dc12-40b0-8727-cce1eb3d35bb,Retail,Keyboards,Mechanical Gaming Keyboard,2,117.67,235.34
2025-05-23 11:04:06,7e63a4a2-bfe1-40f5-b806-67fc33661cfe,B2B,Networking,USB Wi-Fi Adapter,2,38.53,77.06
2025-05-23 16:02:30,916242d1-4a31-42ef-a27c-7718055130b2,Retail,Storage,128GB USB Flash Drive,1,15.67,15.67
2025-05-23 12:05:21,175c0237-abc6-418a-b1cc-74860137b36e,B2B,Keyboards,Membrane Office Keyboard,1,26.52,26.52
2025-05-23 20:55:06,b4fde874-7fec-4a95-9213-8bb330f4e68b,Web,Monitors,24-inch 144Hz Gaming Monitor,1,217.22,217.22
2025-05-23 20:52:55,b43b97c4-3a05-4536-8b5f-3efd4de38291,Web,Monitors,15.6-inch Portable USB-C Monitor,2,164.52,329.04
2025-05-23 09:43:33,e05701e6-3d06-4138-b13a-fa2ac0f4f909,B2B,Storage,4TB Desktop HDD,1,129.62,129.62
2025-05-24 15:37:26,4c15cb88-2f3e-42e0-bc60-d357ea106880,Retail,Networking,Gigabit Ethernet Switch,1,34.99,34.99
2025-05-24 20:26:16,2ed0e423-bd9e-4f6f-bf12-978c1ddd0a02,Retail,Monitors,24-inch 144Hz Gaming Monitor,1,163.91,163.91
2025-05-24 10:25:37,e197e691-c943-471d-aec4-c6235c8351d1,Retail,Keyboards,Membrane Office Keyboard,1,21.86,21.86
2025-05-24 18:07:42,1c5d188a-1745-440c-8bde-505d4c78d9ff,B2B,Mice,Optical Gaming Mouse,2,51.49,102.98
2025-05-24 20:02:46,07b7df00-c22b-4ba1-92b9-9dbee97d55da,Retail,Keyboards,Wireless Ergonomic Keyboard,2,96.03,192.06
2025-05-24 18:00:41,fba6c4b3-fe3c-490a-908d-0308fa876d1c,Web,Mice,Optical Gaming Mouse,2,80.99,161.98
2025-05-24 10:21:13,494bbced-109c-41bb-b230-4dc72f8683ee,Web,Headsets,Wireless Bluetooth Headphones,1,106.7,106.7
2025-05-24 14:26:24,e4905d9c-4419-4c9f-98ee-15123ccf4c0f,B2B,Monitors,24-inch 144Hz Gaming Monitor,1,153.99,153.99
2025-05-24 19:12:54,430686d9-b17e-4819-b065-7995c8e1b898,Web,Monitors,24-inch 144Hz Gaming Monitor,1,242.48,242.48
2025-05-24 19:15:31,4a3d7b66-aef1-4b2b-bbb2-c40c3958b9cc,Retail,Headsets,USB Conference Headset,1,60.95,60.95
2025-05-24 13:00:27,7b948a22-f27f-4dd6-9747-47185f87370e,Web,Headsets,Wireless Bluetooth Headphones,1,112.5,112.5
2025-05-24 17:18:13,49927377-1cbe-4539-94ac-e4bfd7edd9c8,Retail,Headsets,Noise-Cancelling Gaming Headset,2,94.13,188.26
2025-05-24 13:11:27,ee0f4034-2a65-47cd-968a-0b398d552037,Retail,Storage,512GB Portable SSD,1,60.49,60.49
2025-05-24 19:14:28,34422801-f743-4ebc-bb3a-7e23de90669f,Retail,Keyboards,Membrane Office Keyboard,1,27.6,27.6
2025-05-24 15:17:10,ac455709-c44a-4fab-887e-444fbc0ced75,Retail,Headsets,Wireless Bluetooth Headphones,1,110.89,110.89
2025-05-24 16:24:14,b4985dc5-5e4f-4f4f-80ea-43632d874600,B2B,Networking,Powerline Ethernet Adapter,1,60.93,60.93
2025-05-24 11:07:17,38b9bad2-5ca3-4803-8a06-8d60fe88be3c,B2B,Storage,1TB NVMe SSD,3,101.69,305.07
2025-05-24 13:47:25,b5eee2b0-7c63-424d-a0ba-7c2ecfff705f,B2B,Keyboards,Mechanical Gaming Keyboard,1,116.2,116.2
2025-05-25 11:40:31,49d008b2-ea5f-4502-bd0b-7b54d8a6af4d,Web,Networking,Powerline Ethernet Adapter,2,54.29,108.58
2025-05-25 09:20:49,274efbbf-2229-4346-84f6-0c965cd10535,B2B,Storage,1TB NVMe SSD,1,80.4,80.4
2025-05-25 20:19:46,c91a9aa6-dfe1-47dc-867e-7504c3932b11,Retail,Storage,2TB External HDD,1,80.91,80.91
2025-05-25 12:40:25,3ff6a6e7-600b-4108-8ca0-57ee6badcedb,B2B,Monitors,15.6-inch Portable USB-C Monitor,1,161.74,161.74
2025-05-25 18:12:56,5ac210a6-f594-41a3-a4eb-7900a62a2578,Web,Mice,Optical Gaming Mouse,1,67.64,67.64
2025-05-25 12:34:21,e85294db-cfd6-4032-b48e-11e41fd9d609,Retail,Headsets,USB Conference Headset,1,53.16,53.16
2025-05-25 18:57:08,b31aab92-b3a1-445b-aee4-f930cb38016d,Web,Mice,Optical Gaming Mouse,2,60.4,120.8
2025-05-25 20:04:06,d0ddad83-946d-4ae2-8f8d-c4b9cc4cd4d1,B2B,Monitors,15.6-inch Portable USB-C Monitor,1,212.3,212.3
2025-05-25 12:23:06,06a600cc-966e-4bbb-90b3-2081d3cfb938,Web,Keyboards,Mechanical Gaming Keyboard,1,148.48,148.48
2025-05-25 15:07:17,b5d333ed-f0f9-4ca9-81ed-208cdf804f89,Retail,Monitors,24-inch 144Hz Gaming Monitor,2,295.5,591.0
2025-05-25 18:07:05,8c475b31-9e30-4055-817c-64d90d0acf76,B2B,Storage,128GB USB Flash Drive,1,25.02,25.02
2025-05-25 12:02:30,b7903f04-5dde-4de3-9538-b763fa4e8bc2,B2B,Storage,1TB NVMe SSD,2,85.41,170.82
2025-05-25 16:52:13,db8dd0d9-64b9-4c0a-9b0e-976b05a6e50f,Retail,Storage,512GB Portable SSD,2,48.99,97.98
2025-05-25 12:59:36,fbe7b124-4192-47d7-a2b2-540c9601409a,Retail,Mice,Wireless Bluetooth Mouse,1,40.2,40.2
2025-05-25 11:01:47,b584784f-01e4-4a0d-84a8-c8f1e77e5fc7,B2B,Keyboards,RGB Backlit Keyboard,1,67.24,67.24
2025-05-25 19:17:12,3bf201c1-cfaf-49c9-8006-82984bdc5051,Web,Keyboards,Membrane Office Keyboard,2,33.01,66.02
2025-05-25 12:12:08,3e445496-2e92-4480-bbaa-8f903f7b375e,Web,Mice,Wireless Bluetooth Mouse,1,41.4,41.4
2025-05-25 11:02:07,13384b27-318f-4e00-aaf6-a5e24e4a1d70,B2B,Storage,1TB NVMe SSD,2,99.23,198.46
2025-05-25 19:27:09,72dedf4b-dd09-4fd4-95c6-1272bc22abdd,Web,Storage,1TB NVMe SSD,2,81.33,162.66
2025-05-25 14:02:34,033f8ef4-db32-4f3b-a184-2fcb3a96ee66,Retail,Keyboards,Membrane Office Keyboard,2,30.3,60.6
2025-05-25 11:26:06,6a1c7cf1-6655-40c8-ba3b-3e75dae0b29f,B2B,Headsets,Noise-Cancelling Gaming Headset,1,107.62,107.62
2025-05-25 13:45:33,594095ab-e16c-453a-910b-b32465e3179a,B2B,Storage,1TB NVMe SSD,1,62.99,62.99
2025-05-25 18:21:56,a9f34208-af0b-4f1a-822b-8b5546ac8008,B2B,Headsets,Wireless Bluetooth Headphones,1,79.1,79.1
2025-05-26 09:12:25,8711737a-8ba5-4363-8ad8-77d94004b30a,B2B,Mice,Wireless Bluetooth Mouse,2,42.35,84.7
2025-05-26 18:07:50,89847144-7b27-4fc8-afeb-280c92690fff,Web,Storage,1TB NVMe SSD,2,96.98,193.96
2025-05-26 16:25:58,b0e91faa-057b-4609-8d3b-d862354d6f51,B2B,Monitors,24-inch 144Hz Gaming Monitor,1,213.88,213.88
2025-05-26 11:03:33,fecae9a1-00c5-467a-82a0-5c22d5c5f6f2,Web,Keyboards,Membrane Office Keyboard,1,30.09,30.09
2025-05-26 18:34:56,06a592e7-494a-498c-b0d8-cfc6af4240c5,B2B,Keyboards,Wireless Ergonomic Keyboard,1,93.86,93.86
2025-05-26 14:33:34,975f5924-0cb7-4721-9d1d-66db4e409077,Retail,Keyboards,RGB Backlit Keyboard,1,84.1,84.1
2025-05-26 15:31:54,065dbd44-32af-420f-8055-5164913cee2e,Web,Storage,128GB USB Flash Drive,1,21.88,21.88
2025-05-26 19:05:33,e829e6d3-8903-4574-ac13-472024f793a9,Retail,Keyboards,Compact 60% Keyboard,2,67.7,135.4
2025-05-26 20:48:20,335f71e6-5222-473f-b29b-9d6d612dd511,B2B,Headsets,Wireless Bluetooth Headphones,1,81.43,81.43
2025-05-26 14:01:02,b6e897ca-6ef0-45b2-b2a0-5e453feacbeb,Web,Storage,2TB External HDD,1,92.51,92.51
2025-05-26 10:20:10,69a058ee-f74b-44b4-a05f-93c4be766df0,B2B,Storage,2TB External HDD,2,65.4,130.8
2025-05-26 12:30:51,17c86145-5390-4370-afda-6c6182f75f66,B2B,Keyboards,RGB Backlit Keyboard,1,93.2,93.2
2025-05-26 18:01:46,c39bf5fc-bd2b-4608-b780-564d2f914183,Retail,Keyboards,Compact 60% Keyboard,1,74.96,74.96
2025-05-26 19:07:50,4bc25646-299a-4a20-9feb-a8f733038c25,B2B,Networking,Gigabit Ethernet Switch,1,48.45,48.45
2025-05-26 17:52:09,6f48a06a-7e31-4918-bba8-f94d96ed1ad8,B2B,Monitors,27-inch 4K IPS Monitor,1,384.1,384.1
2025-05-26 13:31:33,2f4f9a2f-0018-452a-9a60-bf950e66bd71,Web,Networking,Gigabit Ethernet Switch,2,53.71,107.42
2025-05-26 18:50:02,0b1dcbc6-4494-4085-b111-3bca01334bc5,Retail,Mice,Wireless Bluetooth Mouse,2,34.09,68.18
2025-05-26 09:02:38,ac5ba890-cf20-4ad8-aa21-6a7cd48007a0,B2B,Keyboards,Wireless Ergonomic Keyboard,1,90.29,90.29
2025-05-26 14:05:23,5e8759bb-efef-4226-aad5-845c4b75295e,Retail,Storage,1TB NVMe SSD,1,103.79,103.79
2025-05-26 18:07:15,71a4afee-9626-4300-a4e8-98c66e15f867,Retail,Headsets,Noise-Cancelling Gaming Headset,1,137.25,137.25
2025-05-26 09:23:19,f9c75e9a-1d0f-46bb-a443-6639bf8645f0,B2B,Storage,128GB USB Flash Drive,2,19.76,39.52
2025-05-26 20:02:40,1189494a-d9e8-46dd-9aed-d8ec2f151048,Retail,Headsets,Wireless Bluetooth Headphones,2,75.04,150.08
2025-05-26 17:29:39,37bd1065-be7d-4c40-8ca9-06c7428361f7,Web,Mice,Vertical Ergonomic Mouse,1,58.41,58.41
2025-05-26 17:11:08,2e93a133-52b6-4c65-b0f0-59fa73755b71,Retail,Keyboards,Wireless Ergonomic Keyboard,1,111.61,111.61
2025-05-26 13:53:33,0d6e5d75-a4a5-4723-8c14-fad9f242c7fd,B2B,Keyboards,Compact 60% Keyboard,1,61.25,61.25
2025-05-26 20:00:16,e3fe68aa-491c-4247-a9c8-a23c149bbd6a,Retail,Monitors,34-inch Ultrawide Curved Monitor,2,437.63,875.26
2025-05-26 16:31:56,581a88b9-f1b8-4c05-9074-a0e63bf05ced,B2B,Networking,USB Wi-Fi Adapter,2,24.06,48.12
2025-05-27 19:18:46,a106b90e-1fa9-466f-98a7-af086995e1ca,B2B,Keyboards,Membrane Office Keyboard,1,37.46,37.46
2025-05-27 19:46:19,f64a4a6f-8869-4de0-ab9b-ebda01d8a36a,Web,Headsets,Noise-Cancelling Gaming Headset,2,141.97,283.94
2025-05-27 11:23:46,2ff9a737-5964-4950-b0fe-428f67fa3020,B2B,Storage,1TB NVMe SSD,1,72.67,72.67
2025-05-27 13:05:29,ef8d4187-c710-4576-a12a-44bdd5574af4,Retail,Storage,4TB Desktop HDD,2,105.58,211.16
2025-05-27 14:48:18,b93b29a5-ac2e-4dbb-8478-d4a3daed4b3a,Web,Storage,4TB Desktop HDD,2,131.93,263.86
2025-05-27 20:43:23,b45ba9da-d70b-4d96-ad14-b3e2ed1f9bd8,B2B,Mice,Vertical Ergonomic Mouse,2,58.57,117.14
2025-05-27 19:05:30,db5431dd-ba23-4ac3-92e5-f14a69626116,Retail,Mice,Precision Laser Mouse,1,55.48,55.48
2025-05-27 17:36:52,281918fa-131a-4d29-82f6-86d734894eb1,Web,Headsets,Surround Sound Headphones,1,137.68,137.68
2025-05-27 17:44:32,dc20928e-7068-499f-b777-ed0900777807,Retail,Headsets,Surround Sound Headphones,1,120.96,120.96
2025-05-27 11:29:39,27c6b01e-5ec7-4e19-9f63-48534465249f,Web,Storage,128GB USB Flash Drive,1,18.58,18.58
2025-05-27 13:15:13,52425700-08b3-44f5-ad8d-84f4b3bccdf6,Web,Networking,Gigabit Ethernet Switch,1,63.82,63.82
2025-05-27 14:12:53,9f91072b-62cb-4b8e-ab4a-3227aed04ed6,B2B,Headsets,Surround Sound Headphones,1,134.87,134.87
2025-05-27 12:51:09,366f03c2-7e13-4a25-a2c4-6f6a09d70eda,Web,Storage,128GB USB Flash Drive,1,16.11,16.11
2025-05-28 10:34:03,ae30e2ff-2847-4421-8068-798fc0368c72,Web,Monitors,34-inch Ultrawide Curved Monitor,1,601.21,601.21
2025-05-28 16:13:08,949fde3d-e6b6-40d4-844d-a27bb5e420cd,Retail,Mice,Trackball Mouse,2,89.82,179.64
2025-05-28 15:54:02,2d40a7f4-ebf3-4390-9445-a0b138f71a3a,Web,Storage,1TB NVMe SSD,1,64.72,64.72
2025-05-28 14:24:06,ce71d620-5fbb-46cf-85b9-885640147c93,B2B,Headsets,Wireless Bluetooth Headphones,1,99.21,99.21
2025-05-28 17:46:55,ba906555-2baa-4711-92ea-9b7dadb73d47,Web,Headsets,Surround Sound Headphones,2,154.74,309.48
2025-05-28 09:37:06,d63c416f-a770-428d-bbab-855c6cea78fd,Retail,Mice,Vertical Ergonomic Mouse,2,63.59,127.18
2025-05-28 18:33:59,f6ba6ff4-14db-44f2-856e-0cf24f6bd122,B2B,Keyboards,Mechanical Gaming Keyboard,1,106.98,106.98
2025-05-28 13:46:18,bd1e40c9-b6d7-4cb9-9c1d-01dcc3c3d498,B2B,Storage,128GB USB Flash Drive,2,21.07,42.14
2025-05-28 15:58:00,be01fbfa-5b66-43c7-af2c-1bf038437fb2,B2B,Networking,Wireless Mesh Router System,2,190.18,380.36
2025-05-28 11:56:03,223cad5a-8751-4503-bffd-c3d835c3c67c,B2B,Keyboards,Wireless Ergonomic Keyboard,1,105.68,105.68
2025-05-29 18:18:06,2f2b393f-aa68-4d67-a964-e5d4db365bb4,Web,Headsets,In-Ear Gaming Earbuds,2,33.69,67.38
2025-05-29 09:37:08,2d096f1e-a393-4abd-8178-5cdec61d63ad,Retail,Storage,2TB External HDD,2,77.94,155.88
2025-05-29 11:13:38,ccc24520-4271-423d-9372-57df661689c5,Web,Monitors,27-inch 4K IPS Monitor,1,298.29,298.29
2025-05-29 15:04:05,f36e6c3c-b1a9-4114-868d-a37117bd1b19,Web,Mice,Optical Gaming Mouse,1,62.71,62.71
2025-05-29 13:08:33,38a25fbe-0850-4f2f-838d-96cf5711dbec,B2B,Headsets,Surround Sound Headphones,2,137.21,274.42
2025-05-29 14:15:31,df9c01b5-e4a1-4f68-9466-959d5b8337df,Retail,Networking,USB Wi-Fi Adapter,1,30.91,30.91
2025-05-29 20:02:33,4ae48f09-6ca0-462e-ab2a-47c8a2edb49b,Web,Storage,1TB NVMe SSD,1,110.2,110.2
2025-05-29 12:55:03,f31ae91c-bfa2-49ef-92e5-61ed0e631618,Web,Headsets,Surround Sound Headphones,1,101.14,101.14
2025-05-29 15:56:38,76f8f48b-291e-4db7-9743-2b058fc8ed36,Web,Keyboards,RGB Backlit Keyboard,1,78.45,78.45
2025-05-29 20:13:06,e1a657aa-c950-43dd-8523-75bea7dd47c0,Web,Networking,USB Wi-Fi Adapter,1,27.85,27.85
2025-05-29 14:22:03,2c5c6925-f07f-4211-8360-613c339f4f70,B2B,Storage,128GB USB Flash Drive,1,24.34,24.34
2025-05-29 16:27:48,4415f3a0-fe95-4e55-8980-74af9069c6c4,Web,Headsets,In-Ear Gaming Earbuds,1,46.19,46.19
2025-05-29 17:53:16,5c1b0d59-a203-44c9-9344-c26d3fc7ae15,Web,Mice,Wireless Bluetooth Mouse,2,27.99,55.98
2025-05-29 16:49:12,f790378f-292a-4286-8b6b-8f6b85e4de18,Web,Mice,Vertical Ergonomic Mouse,1,45.21,45.21
2025-05-30 19:23:28,212edeff-f6be-4f9e-b6e5-c1c8e3897337,Web,Storage,1TB NVMe SSD,2,104.44,208.88
2025-05-30 14:36:37,ff1662b9-7139-439a-aca0-aee30a094da1,Retail,Storage,1TB NVMe SSD,2,121.49,242.98
2025-05-30 13:37:51,6c9d5488-8f4f-41c9-a765-fa2b98c51ed8,B2B,Keyboards,Membrane Office Keyboard,1,31.61,31.61
2025-05-30 18:40:26,fa20f0c6-aad3-4659-81fe-fdb7972d61b0,B2B,Storage,512GB Portable SSD,1,57.5,57.5
2025-05-30 19:38:48,63b87d0c-02c9-44ad-85a0-8fa3365b7656,B2B,Monitors,27-inch 4K IPS Monitor,1,255.82,255.82
2025-05-30 16:05:56,f93449de-fe0a-4370-ac88-899eb610a94e,Web,Headsets,Surround Sound Headphones,1,126.86,126.86
2025-05-30 18:15:09,d6ee3313-f70a-4e8f-9053-688de696c323,Web,Mice,Vertical Ergonomic Mouse,2,55.86,111.72
2025-05-30 13:36:39,f73ec742-c2f3-4ff7-bdbe-e2d548f1e6d3,Web,Storage,512GB Portable SSD,1,87.82,87.82
2025-05-30 12:18:49,4882076a-0cd8-40d2-9224-202faaccbf21,Retail,Keyboards,Compact 60% Keyboard,1,82.02,82.02
2025-05-30 17:03:26,cfeca30d-3802-4064-b35f-3d7c7461b038,Web,Monitors,34-inch Ultrawide Curved Monitor,2,420.55,841.1
2025-05-30 10:29:48,8b220e8d-421d-4521-8e66-9a8cbad2655d,Web,Headsets,Noise-Cancelling Gaming Headset,1,123.05,123.05
2025-05-30 11:47:13,49546a1e-90af-4201-aded-3a638d78d5b3,B2B,Mice,Wireless Bluetooth Mouse,1,34.59,34.59
2025-05-31 17:08:42,d89dc111-e83c-4dda-b060-ac6993deb9e1,Web,Networking,Gigabit Ethernet Switch,1,63.09,63.09
2025-05-31 13:52:00,f6c7c433-b395-42ae-8d0e-8afe1aed1974,Retail,Networking,Gigabit Ethernet Switch,1,54.08,54.08
2025-05-31 20:36:39,897d4c7a-1d0a-4595-b33f-68fb7b74b0f5,Web,Headsets,Noise-Cancelling Gaming Headset,1,126.72,126.72
2025-05-31 11:25:37,a1a7b977-5907-4763-b20b-5d4aeed6228f,B2B,Storage,2TB External HDD,1,77.88,77.88
2025-05-31 15:36:24,1f5119c8-460b-4161-b8e5-b4239e56d7aa,B2B,Mice,Vertical Ergonomic Mouse,2,63.92,127.84
2025-05-31 09:35:30,d1dc90f8-d522-41b4-afc5-fe8e1e56f851,Web,Storage,128GB USB Flash Drive,1,21.57,21.57
2025-05-31 17:20:36,43c7a277-b88f-4ce6-acda-03a41902d2c7,Web,Mice,Vertical Ergonomic Mouse,2,54.11,108.22
2025-05-31 13:25:34,41bfc678-3b7c-4ae7-8c18-8ae1f8e97a57,B2B,Keyboards,Compact 60% Keyboard,1,65.55,65.55
2025-05-31 19:57:02,40758b0d-5802-4547-8872-6382101a6a73,Web,Storage,128GB USB Flash Drive,1,24.42,24.42
2025-05-31 09:42:54,4771e1b0-ff02-4b36-8fd8-af411a9e9ab4,B2B,Headsets,USB Conference Headset,1,52.15,52.15
2025-05-31 09:07:53,ac9b73bc-2b31-4d6b-afb5-5b101b30c215,Retail,Networking,Powerline Ethernet Adapter,1,57.14,57.14
2025-05-31 10:05:42,0c3055b1-ffc2-4a46-a1cb-5dee0a48fee7,B2B,Keyboards,Membrane Office Keyboard,1,39.63,39.63
2025-05-31 09:04:24,96befa50-1482-455f-a498-7d9099c02dde,B2B,Headsets,Surround Sound Headphones,1,132.51,132.51
2025-05-31 10:18:40,65d27aed-6cff-4e19-a478-323902d9d864,B2B,Monitors,34-inch Ultrawide Curved Monitor,1,368.02,368.02
2025-05-31 19:33:12,6c4825e4-d604-4e55-bc88-1a8c450b3a8b,Retail,Storage,4TB Desktop HDD,1,130.0,130.0
2025-05-31 09:46:23,d12d01cc-3f00-41fe-b8ff-3f46c9e46b58,Retail,Mice,Optical Gaming Mouse,2,47.4,94.8
2025-05-31 15:10:03,baa8ba60-42cf-4926-afee-42a600d0a921,Retail,Storage,1TB NVMe SSD,1,97.38,97.38
2025-05-31 15:42:08,cec6e674-3ae5-4a65-b7e0-634326d8fa0c,Retail,Monitors,27-inch 4K IPS Monitor,1,379.89,379.89
2025-05-31 16:46:40,7a596897-aae5-4228-984c-e4b538d06246,Retail,Storage,128GB USB Flash Drive,1,13.99,13.99
2025-05-31 18:44:59,29638a8c-e755-4042-adea-9fe96ef04a87,Retail,Monitors,27-inch 4K IPS Monitor,1,432.86,432.86
2025-05-31 13:04:12,1766623a-7a99-4ee3-832e-6cfdd0a599c7,Retail,Keyboards,Membrane Office Keyboard,2,27.08,54.16
2025-05-31 11:59:20,46ff89c7-81a5-4e53-a602-a5847951cea9,Web,Mice,Vertical Ergonomic Mouse,2,42.68,85.36
2025-05-31 10:29:00,c97d6eeb-6ba4-451a-b632-ec99f92b2f27,Web,Keyboards,Membrane Office Keyboard,1,33.25,33.25
2025-05-31 10:38:10,e4ef7b05-28ba-4ccb-ba66-4b7a6e664cc8,Web,Keyboards,Mechanical Gaming Keyboard,2,105.28,210.56
2025-05-31 19:20:08,2521ab58-cafc-4a19-8710-ace1e61fa274,B2B,Headsets,Wireless Bluetooth Headphones,1,113.19,113.19
2025-05-31 14:24:07,b24b1830-c83a-41ab-8b0d-55f5acd515a7,Retail,Keyboards,Membrane Office Keyboard,2,27.92,55.84
2025-05-31 13:37:03,e2c5d32a-d394-4951-af83-e3bf612878a5,Web,Storage,1TB NVMe SSD,1,79.04,79.04
2025-05-31 11:55:25,b0297c7b-0027-4f14-86c4-1b2e34ab682c,Web,Mice,Wireless Bluetooth Mouse,2,35.86,71.72
2025-05-31 12:28:13,93120ebb-bfde-4a90-8432-4f9dac0f87cf,Web,Monitors,15.6-inch Portable USB-C Monitor,1,242.99,242.99
2025-05-31 17:06:59,c8c23b51-89aa-41f2-8cbe-824092b08688,Retail,Keyboards,Compact 60% Keyboard,1,57.99,57.99
2025-05-31 11:04:00,bcbff097-09b5-4b68-a2fa-7b778bbdf458,B2B,Storage,128GB USB Flash Drive,2,20.0,40.0
2025-05-31 18:34:52,57f8c043-dd17-417c-868b-bd858f86ed3a,B2B,Keyboards,Membrane Office Keyboard,2,20.99,41.98
2025-05-31 11:36:34,93f01390-420d-4b76-819b-df950517f4d3,Retail,Mice,Vertical Ergonomic Mouse,1,47.36,47.36
2025-06-01 19:20:26,78921719-2797-4b5b-ad39-19c9af355ada,Web,Keyboards,Mechanical Gaming Keyboard,1,122.48,122.48
2025-06-01 16:47:01,288bb8b1-801a-4e1b-8ed5-88a29ca23502,B2B,Headsets,USB Conference Headset,1,48.36,48.36
2025-06-01 19:59:07,689eb09f-a2db-470d-b0ef-9139c89ef648,B2B,Headsets,Wireless Bluetooth Headphones,2,84.41,168.82
2025-06-01 16:15:57,b0ee9fcf-495e-45f7-ac92-46c5af5e9183,Web,Mice,Trackball Mouse,2,81.05,162.1
2025-06-01 11:05:42,a958b2e3-5bf1-4547-a036-471aea4c2d93,Web,Storage,128GB USB Flash Drive,2,16.12,32.24
2025-06-01 19:10:05,a8698d13-5571-49e0-968f-b17f9dce2e44,B2B,Networking,Powerline Ethernet Adapter,1,46.13,46.13
2025-06-01 17:28:59,0251878d-baee-406d-8658-d59ad9e95982,Retail,Keyboards,RGB Backlit Keyboard,1,92.92,92.92
2025-06-01 11:46:04,fdaaa759-ee7f-43a5-b679-36e99347f732,Web,Headsets,Surround Sound Headphones,2,123.9,247.8
2025-06-01 15:29:48,5811d17c-5de8-4630-80be-b3a3e9a38d00,Web,Monitors,27-inch 4K IPS Monitor,1,327.05,327.05
2025-06-01 17:49:43,d31c94f2-52bf-41c8-80fb-7e1843784ea9,Retail,Mice,Optical Gaming Mouse,1,64.18,64.18
2025-06-01 11:08:57,5eabd5c8-4941-4986-a732-a7093eae30c4,Retail,Networking,Gigabit Ethernet Switch,1,34.99,34.99
2025-06-01 18:44:46,950e65f0-c3ad-4dfc-b139-be9b1b618ec4,B2B,Mice,Optical Gaming Mouse,1,58.41,58.41
2025-06-01 13:41:08,1fb8337f-db8c-4a9f-b083-1f7f5f6c7a93,B2B,Mice,Wireless Bluetooth Mouse,2,34.04,68.08
2025-06-01 17:35:40,b1b6f902-4dfa-4983-b862-bfa8025135a2,Web,Keyboards,Wireless Ergonomic Keyboard,1,75.6,75.6
2025-06-01 16:51:48,f7283ab1-de95-4f23-8074-810ff5daf988,B2B,Networking,Gigabit Ethernet Switch,1,53.73,53.73
2025-06-01 10:22:59,da596cac-f88c-41cd-a64a-b691fe94530f,B2B,Keyboards,Membrane Office Keyboard,1,27.44,27.44
2025-06-01 19:11:01,52181e06-a500-4e62-aa0d-1256e371e78c,Retail,Networking,USB Wi-Fi Adapter,1,32.51,32.51
2025-06-01 10:39:04,1ea63a96-2530-4dd3-b389-40faf745b3b1,B2B,Storage,1TB NVMe SSD,1,75.51,75.51
2025-06-01 11:54:39,c13542a7-9213-492c-a1fa-f196757bcae4,Retail,Headsets,In-Ear Gaming Earbuds,1,38.6,38.6
2025-06-01 20:54:09,8e0e4e58-9604-4d0b-91ee-d00fc80dc06d,Web,Storage,128GB USB Flash Drive,2,13.99,27.98
2025-06-01 19:34:20,82a2c201-dee0-4ee4-aba2-ae06330fa2e3,Web,Monitors,15.6-inch Portable USB-C Monitor,1,181.9,181.9
2025-06-01 11:43:40,ad81d87e-a4a3-4012-a71a-108681f7cf7d,Retail,Storage,512GB Portable SSD,2,94.49,188.98
2025-06-01 14:48:24,b73456c3-fc4b-4b29-97c9-4f8302b1da70,B2B,Mice,Precision Laser Mouse,2,74.75,149.5
2025-06-01 09:01:43,960e00b5-fc88-4819-886c-248206ce5f68,Retail,Keyboards,Compact 60% Keyboard,1,77.43,77.43
2025-06-01 14:17:16,b75ae388-77f4-47bd-831c-616fa030f065,B2B,Keyboards,Membrane Office Keyboard,1,37.39,37.39
2025-06-01 18:25:12,712a5461-7997-46e7-a5bf-ded2a504bf9f,B2B,Keyboards,Compact 60% Keyboard,1,60.84,60.84
2025-06-01 11:43:34,4f30e092-d08f-4397-a726-753beff6ee78,Retail,Storage,2TB External HDD,1,67.0,67.0
2025-06-01 12:55:12,987b4fff-6dbf-41e0-a913-191b035f1de0,B2B,Headsets,In-Ear Gaming Earbuds,1,37.74,37.74
2025-06-02 14:24:10,d74ccfed-5988-4fe8-a639-db8951de5417,Web,Networking,USB Wi-Fi Adapter,1,20.99,20.99
2025-06-02 12:21:33,da89763f-8f0e-41c4-9558-9ec2f1c78e55,B2B,Monitors,34-inch Ultrawide Curved Monitor,1,414.42,414.42
2025-06-02 12:55:32,cfb4c44d-3d12-406d-9ef5-19f95548d9d3,B2B,Keyboards,RGB Backlit Keyboard,1,63.62,63.62
2025-06-02 16:33:16,6b6c280f-34cb-42c3-bd67-603d025069be,B2B,Networking,USB Wi-Fi Adapter,1,40.49,40.49
2025-06-02 18:20:48,4ffc0dcf-bee7-458d-a904-4aff33466a7c,B2B,Headsets,USB Conference Headset,1,49.92,49.92
2025-06-02 13:40:39,e94f392e-62a3-4d02-ad17-9ec9f55e8daf,B2B,Keyboards,RGB Backlit Keyboard,1,81.22,81.22
2025-06-02 18:04:59,ae419a4b-054f-413b-9d18-6fe110170dbf,Retail,Storage,128GB USB Flash Drive,1,22.37,22.37
2025-06-02 14:37:15,114bc523-e22c-4218-a2a2-b655fc41200a,Web,Mice,Optical Gaming Mouse,2,77.95,155.9
2025-06-02 15:19:05,49781c55-b771-49d7-a3b4-6781e093daac,Retail,Mice,Wireless Bluetooth Mouse,2,41.64,83.28
2025-06-02 11:23:39,5c43dea4-52cf-4dca-86db-364381cc4a4b,Retail,Networking,Wireless Mesh Router System,1,283.37,283.37
2025-06-02 17:06:15,9dd9bf1f-7cc1-4027-be16-526259cbe933,Retail,Storage,512GB Portable SSD,2,79.12,158.24
2025-06-02 11:44:55,bb44281b-6c95-405b-9857-466e3311e6c2,Web,Monitors,24-inch 144Hz Gaming Monitor,1,212.13,212.13
2025-06-02 10:02:49,fae66f93-852a-4f3f-9ede-9c9ff2285c1f,Retail,Mice,Vertical Ergonomic Mouse,1,62.34,62.34
2025-06-02 17:30:35,ce74324a-7c0d-46ed-91fb-56cc84afc8de,B2B,Keyboards,Wireless Ergonomic Keyboard,1,89.71,89.71
2025-06-02 16:00:17,8bb4161c-e480-4b3b-af77-70558180c571,Web,Mice,Vertical Ergonomic Mouse,1,54.58,54.58
2025-06-02 11:56:08,3f9b2730-bc85-46cf-8298-bb90a627defa,B2B,Networking,USB Wi-Fi Adapter,1,25.63,25.63
2025-06-03 11:08:31,0732ee77-d6a7-4a5f-80c2-d8beb4df090b,B2B,Storage,1TB NVMe SSD,2,74.17,148.34
2025-06-03 19:17:34,ae6c908a-9ca8-4af3-9cce-64706a22b168,B2B,Monitors,24-inch 144Hz Gaming Monitor,1,289.61,289.61
2025-06-03 14:50:45,d2d69920-df70-4b59-aacf-0c3043654217,Retail,Storage,128GB USB Flash Drive,2,18.41,36.82
2025-06-03 18:58:07,241f3171-799c-4745-857e-dfedd1bfe4b7,B2B,Networking,USB Wi-Fi Adapter,1,28.39,28.39
2025-06-03 09:56:02,447c80d0-f541-4788-85cb-903da5ead71d,Retail,Keyboards,Mechanical Gaming Keyboard,1,137.04,137.04
2025-06-03 12:37:41,a5c7ec31-9387-41fb-8dea-f08751372887,Web,Storage,4TB Desktop HDD,1,149.72,149.72
2025-06-03 10:51:20,50e484c6-8374-4e2d-947e-5a9ce0331146,Web,Storage,4TB Desktop HDD,2,91.13,182.26
2025-06-03 16:02:33,1e3cd122-32e5-4239-bcbe-08ad149b4ed9,B2B,Keyboards,Membrane Office Keyboard,1,29.43,29.43
2025-06-03 13:19:18,b19a32dd-5dde-4740-8d49-4058166a0894,B2B,Storage,128GB USB Flash Drive,1,13.99,13.99
2025-06-03 18:45:31,cc227f1b-bcf6-4283-a16f-282d101c48b6,B2B,Keyboards,Compact 60% Keyboard,1,71.9,71.9
2025-06-03 19:50:28,6835b228-0353-4832-ae4b-ca242bf01d21,Retail,Storage,1TB NVMe SSD,1,106.12,106.12
2025-06-03 09:08:23,5f1937d4-0996-4483-b5bb-9e730ce84a32,B2B,Storage,128GB USB Flash Drive,1,17.68,17.68
2025-06-03 10:33:13,b4a05b7a-09ae-446d-9588-107cd35895d2,Web,Storage,128GB USB Flash Drive,1,26.99,26.99
2025-06-03 10:47:08,b1e2a6e1-d7a4-4aaf-87d6-d5d85f7b4a53,Web,Keyboards,Membrane Office Keyboard,2,21.94,43.88
2025-06-03 19:00:40,24a3f221-4742-46e4-aa9b-c09fd3f44e12,Web,Mice,Wireless Bluetooth Mouse,2,29.79,59.58
2025-06-03 10:33:15,121ed0b1-d9ac-4e9d-b7c8-c388039c27c3,Retail,Headsets,Noise-Cancelling Gaming Headset,2,115.92,231.84
2025-06-03 09:34:10,b3341f0d-ea6b-4b57-9339-99dca6ef7a53,Retail,Storage,512GB Portable SSD,2,56.88,113.76
2025-06-03 16:11:50,d202f62b-c1ca-4f68-a555-d487b131ddbe,Retail,Keyboards,Membrane Office Keyboard,1,26.42,26.42
2025-06-03 14:35:40,739db240-ad2e-4e84-becb-163d9e4d0e79,Web,Mice,Optical Gaming Mouse,1,74.95,74.95
2025-06-04 12:46:06,f135c9f4-b9b0-401c-834b-04d33f86aa71,B2B,Mice,Trackball Mouse,1,64.38,64.38
2025-06-04 10:41:30,787c47bc-28b2-4d8c-ad90-04d6ef23e66e,Retail,Keyboards,Membrane Office Keyboard,1,32.8,32.8
2025-06-04 20:13:59,ef154ee2-5062-423c-a422-eed330349f36,B2B,Headsets,In-Ear Gaming Earbuds,1,51.66,51.66
2025-06-04 09:20:11,9fad1f95-e1ca-4189-aa3a-8ef290046af9,B2B,Keyboards,Membrane Office Keyboard,1,32.92,32.92
2025-06-04 15:56:10,0a8bf97d-f3e3-4e41-8ec9-f4f328833864,B2B,Networking,USB Wi-Fi Adapter,1,27.75,27.75
2025-06-04 14:42:54,9d9a2a92-0d7a-4157-a576-e6377bb35f54,B2B,Monitors,27-inch 4K IPS Monitor,1,318.39,318.39
2025-06-04 11:20:41,a02f369c-5ab4-40b9-8371-36b084a332fb,Web,Mice,Precision Laser Mouse,1,67.8,67.8
2025-06-04 17:13:20,9ed81df0-e61f-40f0-a5cd-7065667584d6,Retail,Headsets,In-Ear Gaming Earbuds,1,48.08,48.08
2025-06-04 16:47:47,276229f2-4b50-49cf-8c0f-8d1107cfb3fa,Web,Networking,Wireless Mesh Router System,2,305.76,611.52
2025-06-04 15:18:15,d9493abc-5a77-450c-8340-56e88c0f0419,B2B,Networking,USB Wi-Fi Adapter,1,35.22,35.22
2025-06-04 16:39:45,1d4d7cfc-af73-4d32-a318-225d7e581135,Web,Storage,1TB NVMe SSD,1,75.25,75.25
2025-06-04 18:28:00,979da6c0-1716-440a-8255-5daa75fc314b,Web,Keyboards,Membrane Office Keyboard,1,32.34,32.34
2025-06-04 19:57:38,3c8930f7-0ebc-467c-92c5-aa278dab515a,B2B,Headsets,Wireless Bluetooth Headphones,1,111.44,111.44
2025-06-04 20:07:13,8b23c49e-c09a-4a1f-af8a-d7a758c5cabc,Retail,Headsets,USB Conference Headset,2,67.49,134.98
2025-06-04 17:15:08,e97b1974-3ad8-4d8a-9c02-76f0405ad3e5,B2B,Keyboards,Compact 60% Keyboard,1,62.71,62.71
2025-06-05 17:31:38,245963eb-2ea7-464a-be72-903293a9bc15,B2B,Storage,128GB USB Flash Drive,1,19.26,19.26
2025-06-05 17:55:36,c057a2b5-1191-469d-a8d8-e455bb2c5303,B2B,Headsets,Noise-Cancelling Gaming Headset,2,118.22,236.44
2025-06-05 14:42:32,b5d918e0-a045-47d5-bc2e-ff141e928e9f,Web,Mice,Vertical Ergonomic Mouse,1,37.52,37.52
2025-06-05 09:51:53,d18cca90-48b6-4aa7-8f2c-a0e79d9ca501,Web,Networking,Gigabit Ethernet Switch,2,48.5,97.0
2025-06-05 15:41:05,3a65177e-d86a-4060-935d-65a126a8a750,B2B,Storage,128GB USB Flash Drive,2,23.33,46.66
2025-06-05 14:53:55,7b25c183-79ad-44ed-926c-832a9e621edc,Web,Keyboards,Membrane Office Keyboard,1,20.99,20.99
2025-06-05 10:01:49,104beead-5581-4d1e-96d8-5f0622907335,B2B,Keyboards,Compact 60% Keyboard,2,60.14,120.28
2025-06-05 20:37:47,cd55e092-2585-4744-b777-a5589dd16633,Web,Mice,Vertical Ergonomic Mouse,2,47.25,94.5
2025-06-05 17:12:03,c9675fdd-dd5d-4e5e-a6fe-0f2a8f06db24,Web,Monitors,34-inch Ultrawide Curved Monitor,2,658.6,1317.2
2025-06-05 18:26:30,4cd125f3-89c6-4ca1-8477-cd556802d918,B2B,Keyboards,Wireless Ergonomic Keyboard,1,116.19,116.19
2025-06-05 11:25:03,5880d96b-1f2d-4057-880a-06a56972cd56,B2B,Monitors,24-inch 144Hz Gaming Monitor,1,277.69,277.69
2025-06-06 15:25:06,59d936b2-ed63-42f9-8e0b-bd6be4be64d9,Web,Keyboards,Compact 60% Keyboard,2,64.51,129.02
2025-06-06 18:46:02,ec9565f1-df7b-4a50-9e61-e516eb721baf,B2B,Headsets,Wireless Bluetooth Headphones,1,99.13,99.13
2025-06-06 16:59:15,4bbaa0c8-9a40-49d7-861b-16b43f1f9129,B2B,Keyboards,Membrane Office Keyboard,1,23.86,23.86
2025-06-06 12:02:18,6189ca0c-6f26-4742-a72a-d6edbf2e06f1,Retail,Headsets,In-Ear Gaming Earbuds,1,40.29,40.29
2025-06-06 11:29:41,038ad34a-a237-4d5d-9d1e-d744b253a71c,Retail,Storage,4TB Desktop HDD,1,123.16,123.16
2025-06-06 13:11:06,bf0be2c5-0c57-4ac0-a2f4-be471214b421,Web,Keyboards,RGB Backlit Keyboard,1,74.27,74.27
2025-06-06 11:59:21,a57b183d-e736-4295-98f8-5f05e6d51b7f,B2B,Storage,4TB Desktop HDD,1,94.41,94.41
2025-06-06 11:38:18,08b3fd82-8660-4edf-9b21-156cb8481e6c,Web,Mice,Precision Laser Mouse,1,66.49,66.49
2025-06-06 14:46:24,92a783be-e9d9-42cb-ad96-6dc0cbf06265,Web,Storage,128GB USB Flash Drive,1,16.35,16.35
2025-06-06 09:51:59,0914e637-adf6-4855-8703-1487c0c45a95,B2B,Mice,Optical Gaming Mouse,1,62.41,62.41
2025-06-06 09:49:06,bf579910-40d2-494d-b3af-54ff0c2d3afa,Retail,Mice,Optical Gaming Mouse,2,46.98,93.96
2025-06-06 15:59:22,4cce0704-7533-4809-acb4-412f555e4a26,B2B,Headsets,In-Ear Gaming Earbuds,1,34.42,34.42
2025-06-06 12:54:01,199851f3-cd04-4325-8755-39464acfe6a6,Web,Mice,Optical Gaming Mouse,1,80.99,80.99
2025-06-06 09:09:30,0d70ed2f-64ae-400b-aef2-7f00fe64f888,Retail,Networking,USB Wi-Fi Adapter,2,24.83,49.66
2025-06-06 17:31:17,0f67392f-505d-4ca2-8f91-6b98cdd95213,B2B,Keyboards,Wireless Ergonomic Keyboard,1,80.97,80.97
2025-06-06 16:46:46,f2ff52a3-42dd-419d-a8d2-ab4ec84de95f,Retail,Networking,USB Wi-Fi Adapter,1,24.78,24.78
2025-06-06 11:08:55,662cdbd4-31b1-49d2-bcb9-49bf597d2eec,B2B,Mice,Wireless Bluetooth Mouse,1,35.53,35.53
2025-06-06 14:16:55,5954ded0-4f11-4b88-8e65-d94488516b3b,B2B,Keyboards,Membrane Office Keyboard,1,37.75,37.75
2025-06-06 13:02:15,c0b56c44-2188-4f2f-8512-bc3ee39995e9,Web,Keyboards,Wireless Ergonomic Keyboard,1,90.88,90.88
2025-06-06 15:31:36,d8f8679f-37c9-4639-98b9-61fee5a13373,B2B,Networking,Gigabit Ethernet Switch,1,34.99,34.99
2025-06-06 18:04:23,6f971d4d-b032-4326-918f-c54a37b6141c,B2B,Headsets,Wireless Bluetooth Headphones,1,112.23,112.23
2025-06-06 14:23:18,a2f329f2-254e-4008-bb4d-6a2cae46a798,Web,Headsets,Noise-Cancelling Gaming Headset,1,119.71,119.71
2025-06-06 11:53:51,184a4a03-5e25-4644-bb07-cc2899416071,Retail,Mice,Optical Gaming Mouse,3,79.19,237.57
2025-06-06 09:49:07,75ae1406-6c38-4948-a05e-4d0f9b8ad686,B2B,Storage,512GB Portable SSD,2,76.76,153.52
2025-06-06 15:35:14,23f5c585-1997-4876-adc1-33747d3427ad,Retail,Keyboards,RGB Backlit Keyboard,1,64.66,64.66
2025-06-06 10:31:10,d2eab8fc-d997-405e-897e-20e916e9bdf4,Web,Headsets,Noise-Cancelling Gaming Headset,1,87.25,87.25
2025-06-06 19:23:28,717f82ca-d608-404b-a502-d040244e3842,B2B,Keyboards,RGB Backlit Keyboard,1,78.06,78.06
2025-06-07 12:32:02,e030a729-aee2-4cb3-a3b9-5eb44ea63be3,Web,Headsets,Noise-Cancelling Gaming Headset,2,107.37,214.74
2025-06-07 10:03:52,df9b4c51-7d50-4f1a-9363-bed769c62399,Retail,Storage,4TB Desktop HDD,1,123.41,123.41
2025-06-07 16:19:12,89bba0dc-4a03-4e31-a928-c3df40dce8e1,Web,Storage,512GB Portable SSD,2,82.74,165.48
2025-06-07 14:34:55,7491ce02-ca56-402d-bada-cdbd2792b94c,Retail,Headsets,Surround Sound Headphones,1,142.33,142.33
2025-06-07 20:27:38,51c20f57-df23-4fe0-9329-8aff0410d372,Web,Mice,Optical Gaming Mouse,2,41.99,83.98
2025-06-07 12:38:25,efbcd200-4002-4270-8617-e0cfc92e57ba,Retail,Keyboards,Membrane Office Keyboard,1,40.49,40.49
2025-06-07 15:56:25,b5e30743-d2b3-49bd-a268-f01433464cef,Web,Headsets,Noise-Cancelling Gaming Headset,2,101.11,202.22
2025-06-07 11:44:54,b5d6a5d0-37a0-48df-9aac-74806e7a1974,Web,Headsets,Wireless Bluetooth Headphones,2,90.66,181.32
2025-06-07 13:25:26,b9f7b94c-ed82-4e75-b1a9-392b8aa9ecbc,Retail,Headsets,Noise-Cancelling Gaming Headset,1,117.16,117.16
2025-06-07 10:50:07,8c7efbdf-8acc-417d-9278-40c3de113bdd,B2B,Keyboards,Wireless Ergonomic Keyboard,1,88.06,88.06
2025-06-07 16:07:58,ca836396-bb7c-4a8a-8883-5b898ca4f6a0,Web,Mice,Optical Gaming Mouse,1,61.5,61.5
2025-06-07 17:04:52,40c488a1-09ea-4659-b186-f5e356aff6ad,B2B,Storage,1TB NVMe SSD,1,115.54,115.54
2025-06-07 13:36:00,21f89d54-1c60-4aa9-a457-90a08450c441,B2B,Mice,Wireless Bluetooth Mouse,2,40.5,81.0
2025-06-07 18:38:32,ad1e54d7-4f82-47b1-a41d-d87e48ebb597,B2B,Keyboards,Mechanical Gaming Keyboard,1,125.68,125.68
2025-06-07 18:52:31,3275c0fd-0b4b-4dc2-b195-6fec893d1dc3,Retail,Networking,Gigabit Ethernet Switch,1,38.53,38.53
2025-06-07 12:41:04,be3d7de5-02e7-415d-83bf-623c3c205553,B2B,Keyboards,Membrane Office Keyboard,1,28.93,28.93
2025-06-07 10:52:26,71975e4b-fc8c-470a-85b0-6586dae1bbb4,B2B,Mice,Precision Laser Mouse,1,94.49,94.49
2025-06-07 11:13:31,7d8992c0-04fa-49c9-8e92-7147b54d9a29,Web,Mice,Wireless Bluetooth Mouse,1,29.09,29.09
2025-06-07 12:14:53,66124ef5-c234-449b-a3f8-ba731ff4bbce,Retail,Keyboards,Membrane Office Keyboard,1,31.85,31.85
2025-06-07 17:42:37,8eaeeecd-b573-44bc-84c5-cbc079b798dd,B2B,Monitors,27-inch 4K IPS Monitor,1,438.93,438.93
2025-06-07 10:39:28,c69d1cb6-ebfd-4a03-b780-eb2f5a884d7d,Web,Storage,128GB USB Flash Drive,1,22.15,22.15
2025-06-07 19:08:01,7b82906d-9758-455d-8774-857c4cf366c2,Web,Mice,Optical Gaming Mouse,1,69.13,69.13
2025-06-07 17:54:10,37f91005-44bc-48f4-ab41-a27e9168cf67,Retail,Keyboards,RGB Backlit Keyboard,1,88.05,88.05
2025-06-08 17:51:05,bc270b70-f52b-4413-8486-5dd749474563,B2B,Mice,Optical Gaming Mouse,1,72.4,72.4
2025-06-08 17:38:32,68871f16-da7e-45f6-9575-4711ec84e6e9,B2B,Networking,Wireless Mesh Router System,1,264.73,264.73
2025-06-08 16:01:46,ef85ad84-91e1-42b7-a82f-34b4b9c4b126,B2B,Storage,128GB USB Flash Drive,1,21.54,21.54
2025-06-08 19:32:01,99e7ccd6-1ab2-49f9-9dd1-d6ef5225c407,Web,Storage,128GB USB Flash Drive,1,22.67,22.67
2025-06-08 11:10:48,c9fe1676-c6ed-4671-9c33-5206ef592e71,Retail,Keyboards,RGB Backlit Keyboard,1,74.74,74.74
2025-06-08 20:59:14,4e638b97-e207-46fb-b2a9-31f842070ca9,Retail,Headsets,In-Ear Gaming Earbuds,1,28.58,28.58
2025-06-08 17:11:03,a3cf2d17-1797-4b14-a719-657994fdabab,Retail,Storage,128GB USB Flash Drive,1,26.61,26.61
2025-06-08 14:30:42,2ff1cc14-3cbd-4652-b28d-a587523a6659,Web,Keyboards,RGB Backlit Keyboard,1,76.91,76.91
2025-06-08 18:25:05,4d9d2b6d-d344-49d9-afaa-83a6c43b7f6d,B2B,Storage,2TB External HDD,2,83.45,166.9
2025-06-08 16:43:52,aaff4987-6fcc-4b02-90f8-396ca0ade0ca,Web,Monitors,27-inch 4K IPS Monitor,1,244.99,244.99
2025-06-08 11:29:46,00908e95-67e7-4c68-8cb0-8a54daa687fe,B2B,Storage,2TB External HDD,1,92.0,92.0
2025-06-08 16:42:40,82549833-a6dd-45aa-b5a0-901e253882cc,Web,Keyboards,Wireless Ergonomic Keyboard,1,90.77,90.77
2025-06-08 10:50:37,694c390c-e3dd-4c2e-a7ce-91b0e809147b,Retail,Headsets,Noise-Cancelling Gaming Headset,1,128.93,128.93
2025-06-08 16:57:35,be71915c-6ffa-4714-a3a4-11ffd37218e5,Web,Monitors,24-inch 144Hz Gaming Monitor,1,186.65,186.65
2025-06-08 17:35:14,4af80a0d-a362-4e2a-bdcb-4b287bbc834a,Retail,Mice,Vertical Ergonomic Mouse,1,37.06,37.06
2025-06-08 16:37:51,3a75faf0-eb45-493c-a8c6-b95c88fae762,B2B,Storage,128GB USB Flash Drive,1,19.67,19.67
2025-06-08 18:59:26,8e82a643-d8bf-4347-97fd-0e83add76c79,Retail,Storage,1TB NVMe SSD,1,94.39,94.39
2025-06-08 17:15:46,351b4c82-105b-4117-84d2-665a9cea5509,B2B,Mice,Optical Gaming Mouse,1,54.27,54.27
2025-06-08 16:00:09,c423a165-3ed2-4c4f-881c-f8e01436e140,Web,Headsets,In-Ear Gaming Earbuds,1,39.7,39.7
2025-06-08 11:59:22,ef1d7f62-e2bb-4fe2-a7f5-690497a13849,Web,Monitors,27-inch 4K IPS Monitor,1,287.49,287.49
2025-06-08 11:00:32,9bbd8038-9844-47de-99b5-e221e4a3a01b,Web,Networking,USB Wi-Fi Adapter,1,34.14,34.14
2025-06-08 15:34:44,b0c1910b-9743-4735-be5c-c918443fffe0,B2B,Headsets,USB Conference Headset,2,34.99,69.98
2025-06-08 15:30:09,46eae807-8552-46f9-a785-8de93e5f0586,B2B,Networking,Powerline Ethernet Adapter,1,73.62,73.62
2025-06-09 12:45:26,a66386c5-0ca4-45a4-857f-1f64e76ec220,Web,Keyboards,RGB Backlit Keyboard,1,96.32,96.32
2025-06-09 15:57:00,408945c6-9a18-4cd1-95c2-4a03d1b7a5cf,Web,Mice,Vertical Ergonomic Mouse,2,46.65,93.3
2025-06-09 14:49:53,479616c1-72af-473e-82d8-f6be997090cc,Web,Storage,1TB NVMe SSD,1,87.68,87.68
2025-06-09 13:31:09,b2c01b11-c6ed-468e-a73f-8092e3cf2bd2,B2B,Mice,Optical Gaming Mouse,2,66.41,132.82
2025-06-09 13:17:01,b8c9b723-58cd-423d-839e-5aad24fb19a2,Retail,Storage,512GB Portable SSD,2,71.54,143.08
2025-06-09 20:30:57,d4f34205-38c6-417f-91d8-ba34404285bc,B2B,Networking,Gigabit Ethernet Switch,2,34.99,69.98
2025-06-09 18:34:36,8f4bfb85-abc3-4721-83b3-ec7e34be998a,B2B,Storage,2TB External HDD,2,78.15,156.3
2025-06-09 20:00:55,3d53bd43-3f93-45f8-87cf-cb255e1c9df0,B2B,Mice,Trackball Mouse,2,68.38,136.76
2025-06-09 10:50:14,0c0f85d2-d82b-4358-92f0-0b2953e9a0f2,B2B,Storage,128GB USB Flash Drive,2,21.44,42.88
2025-06-09 15:16:34,47f9e1da-dec2-452a-9820-86952592798d,B2B,Headsets,Noise-Cancelling Gaming Headset,1,124.59,124.59
2025-06-09 18:25:44,f1573e10-7a6e-48f0-8513-f09299cc0c18,Retail,Monitors,34-inch Ultrawide Curved Monitor,1,443.0,443.0
2025-06-09 17:24:36,0ce6af9b-ff59-4b7a-82ef-3ae129e67233,Web,Mice,Wireless Bluetooth Mouse,2,53.99,107.98
2025-06-09 09:07:07,97da3ef8-9ee9-47a7-a1f3-81edd419590e,B2B,Monitors,34-inch Ultrawide Curved Monitor,1,480.91,480.91
2025-06-10 20:03:14,06c95251-0727-46c1-ba6e-bd206454add9,B2B,Storage,128GB USB Flash Drive,1,16.36,16.36
2025-06-10 15:13:26,fec739b2-563b-40d1-87b9-e2502fd4fb99,Retail,Mice,Wireless Bluetooth Mouse,1,48.51,48.51
2025-06-10 14:23:38,719af3f5-c24c-4b58-8ae3-33fa1a3d8bbe,Retail,Keyboards,Wireless Ergonomic Keyboard,2,99.27,198.54
2025-06-10 09:38:41,1174cf10-d707-4dfb-a716-80b78d4e54f2,Retail,Monitors,24-inch 144Hz Gaming Monitor,1,187.87,187.87
2025-06-10 13:11:03,27a763b0-9586-475e-8f5b-f349e28dd061,Retail,Mice,Wireless Bluetooth Mouse,1,53.99,53.99
2025-06-10 13:50:57,67deb06b-383b-4057-acc7-cf2ba901e83f,B2B,Storage,2TB External HDD,1,70.96,70.96
2025-06-10 15:16:10,eb2a3693-bc08-425e-8ab7-fd401aa399b3,Retail,Keyboards,Mechanical Gaming Keyboard,1,137.11,137.11
2025-06-10 14:31:48,3e6b8eb3-3734-4645-9626-59b0dff636e9,B2B,Headsets,Wireless Bluetooth Headphones,1,76.37,76.37
2025-06-10 13:49:20,b51662b5-6bca-4326-ae5e-713ad8d2f90e,Web,Networking,USB Wi-Fi Adapter,1,25.46,25.46
2025-06-10 18:01:27,4353e455-e1ed-4e8f-b72a-14e6957d3cfc,Retail,Keyboards,Compact 60% Keyboard,1,61.91,61.91
2025-06-10 11:54:40,7f7e4189-d07c-4487-8e94-2075e6dcc549,Retail,Keyboards,Membrane Office Keyboard,1,32.76,32.76
2025-06-10 13:03:06,d1118054-b24c-4c75-8e27-e8a8d3e1ddd4,Retail,Mice,Trackball Mouse,1,81.44,81.44
2025-06-10 19:27:10,429dfd74-d0ae-4a96-98ea-c3a6d4ef5222,Web,Storage,128GB USB Flash Drive,2,19.74,39.48
2025-06-10 16:27:56,e598a49f-93c0-486f-a94a-dda743fde066,B2B,Headsets,Wireless Bluetooth Headphones,1,79.26,79.26
2025-06-10 18:04:24,0c96b09f-33c0-4864-bd96-de050d170535,Web,Keyboards,Mechanical Gaming Keyboard,2,144.81,289.62
2025-06-10 20:06:05,c0d71719-2d92-435e-b259-770cf008d367,B2B,Mice,Precision Laser Mouse,1,74.97,74.97
2025-06-10 09:00:48,0888b45d-3455-4066-a488-34a967994af0,B2B,Networking,Gigabit Ethernet Switch,2,36.32,72.64
2025-06-10 16:37:33,8b009bcd-6974-42e8-9cf3-f7333bf2bad0,Retail,Networking,Powerline Ethernet Adapter,1,66.26,66.26
2025-06-11 20:26:50,92f9b321-2608-4077-a258-3c9838565f5e,Web,Mice,Optical Gaming Mouse,1,62.91,62.91
2025-06-11 11:03:13,ff478d76-7957-4536-87f2-00ee7540f792,Web,Headsets,Surround Sound Headphones,1,147.74,147.74
2025-06-11 16:21:14,29f64214-f812-44e0-8534-c06767805e3e,B2B,Headsets,Noise-Cancelling Gaming Headset,1,97.32,97.32
2025-06-11 09:29:35,b79d3165-da03-4fa5-bc01-b757f1c98b21,B2B,Mice,Vertical Ergonomic Mouse,2,58.78,117.56
2025-06-11 17:11:19,698e95f1-21a9-4891-b0e6-22ab92d5ff2f,B2B,Keyboards,Compact 60% Keyboard,1,70.08,70.08
2025-06-11 13:23:51,af9c0b96-3e83-4bc1-ae26-b9d6afb587d8,Retail,Storage,2TB External HDD,2,65.79,131.58
2025-06-11 15:16:19,78767da6-260b-4b8f-bc90-97d88ceeb673,Retail,Monitors,24-inch 144Hz Gaming Monitor,1,208.14,208.14
2025-06-11 12:54:56,1a1e6592-3751-4aca-8bae-55a7ae48d5b7,Web,Keyboards,Wireless Ergonomic Keyboard,1,95.71,95.71
2025-06-11 11:59:45,995ba9b0-c492-4b38-b2bb-ebaff0921260,Retail,Networking,Powerline Ethernet Adapter,1,45.27,45.27
2025-06-11 16:43:39,aa096484-1c4b-42fe-96f6-68978f932afa,Web,Storage,2TB External HDD,1,67.05,67.05
2025-06-11 15:48:13,637a18bb-714f-402b-b4c4-9eb6355dfcdd,Retail,Mice,Optical Gaming Mouse,1,63.05,63.05
2025-06-11 12:55:53,cc6f79e6-7875-4be9-9a30-c22bb64035bd,Retail,Headsets,In-Ear Gaming Earbuds,1,43.68,43.68
2025-06-11 10:57:30,3a68e668-8e8c-4475-8278-7bfde439c8ca,Web,Mice,Vertical Ergonomic Mouse,2,56.24,112.48
2025-06-11 15:15:52,24b27b0f-347d-4c76-bef4-e9d4422d5692,Retail,Keyboards,Mechanical Gaming Keyboard,1,113.17,113.17
2025-06-11 12:02:24,b47bccf5-d08f-4d9c-9c64-3a8110891b2e,Web,Monitors,34-inch Ultrawide Curved Monitor,1,355.51,355.51
2025-06-11 13:39:57,41100dda-d686-4c08-88fe-0201e32572f8,Web,Mice,Optical Gaming Mouse,2,54.7,109.4
2025-06-11 20:50:40,f13d9f88-d670-47e4-a41e-9d94e46761d8,B2B,Storage,2TB External HDD,2,66.74,133.48
2025-06-11 17:57:04,d4758060-6526-4424-a660-70767ebf0f81,Retail,Storage,128GB USB Flash Drive,1,21.72,21.72
2025-06-11 13:58:42,c7621545-eefa-4246-acd1-b3c2986fa3dc,Retail,Networking,USB Wi-Fi Adapter,1,36.97,36.97
2025-06-11 17:56:23,6a52c030-f40f-427c-96f5-01d6327b8960,Retail,Storage,1TB NVMe SSD,1,96.08,96.08
2025-06-11 20:50:35,1ef70ad3-2305-487c-8c7b-25c3b7697e17,B2B,Keyboards,RGB Backlit Keyboard,1,80.63,80.63
2025-06-11 19:20:15,2c0d8641-2647-4236-ac12-479007614d17,Web,Monitors,24-inch 144Hz Gaming Monitor,1,153.99,153.99
2025-06-12 17:49:09,624af815-b4a1-44b9-b768-3c47cddde2af,B2B,Networking,Wireless Mesh Router System,1,188.9,188.9
2025-06-12 13:20:30,877f385f-5665-4e32-9aaf-a81b31c75574,Web,Monitors,27-inch 4K IPS Monitor,1,440.87,440.87
2025-06-12 19:08:16,3b92a1e1-1d8c-4fe1-88ca-f0303e8ecb30,Web,Mice,Precision Laser Mouse,1,84.03,84.03
2025-06-12 18:34:47,197ac856-b2e4-4067-a7a2-b3395599c45b,B2B,Networking,USB Wi-Fi Adapter,1,28.54,28.54
2025-06-12 17:41:14,d2244f39-8aaf-4ac8-a692-f09b8119ce64,Web,Monitors,27-inch 4K IPS Monitor,1,472.49,472.49
2025-06-12 12:36:50,5f157b2d-a2e6-4d0b-8f3d-a6ba77279e88,Web,Keyboards,RGB Backlit Keyboard,1,73.65,73.65
2025-06-12 15:58:52,5a755535-261d-4362-8f9f-f0ad8fa6836b,B2B,Keyboards,Membrane Office Keyboard,2,25.03,50.06
2025-06-12 11:33:55,605a9df0-5503-47a9-9fc3-4ae0199020a3,Web,Headsets,USB Conference Headset,1,44.82,44.82
2025-06-12 11:07:02,7718b2d4-cc8e-4523-adf3-8397b4b2033e,Web,Storage,128GB USB Flash Drive,2,19.02,38.04
2025-06-12 09:01:04,bfdbea07-dc27-4cc2-a941-a625860a0801,Retail,Storage,1TB NVMe SSD,1,93.53,93.53
2025-06-12 19:38:42,a2b5edc0-d00d-4bc4-b8e0-7a8ba98aad7d,B2B,Storage,4TB Desktop HDD,1,121.37,121.37
2025-06-12 09:35:05,49888258-e233-4c62-9abd-2198a17dbeeb,Web,Storage,128GB USB Flash Drive,1,17.84,17.84
2025-06-12 12:57:35,ba204ddf-3f0c-4f3d-bf9f-c29c50ddbfdc,Retail,Mice,Wireless Bluetooth Mouse,1,53.99,53.99
2025-06-12 10:37:32,67946886-a3aa-4c89-8e61-1b38a2160cf3,Retail,Storage,2TB External HDD,1,81.55,81.55
2025-06-13 15:55:37,1ce0fd10-3ef6-4b3e-8fe0-e7738d127e23,B2B,Mice,Wireless Bluetooth Mouse,2,29.93,59.86
2025-06-13 12:46:49,0063d829-a77a-4b6d-8cdb-8102bff72efe,Retail,Networking,Powerline Ethernet Adapter,1,53.71,53.71
2025-06-13 14:52:52,9992f3e6-8e56-4add-94b5-03d975dc564f,Retail,Mice,Wireless Bluetooth Mouse,1,42.86,42.86
2025-06-13 16:53:04,c8442e4d-6395-4186-a3dd-d7f94b543301,B2B,Mice,Vertical Ergonomic Mouse,2,56.33,112.66
2025-06-13 13:05:04,5a3fb3ef-242d-4775-9841-6cdef7728cdc,B2B,Keyboards,Mechanical Gaming Keyboard,1,120.99,120.99
2025-06-13 14:19:55,afe04546-9bd8-46c3-a713-ef387dfe0d31,Web,Keyboards,RGB Backlit Keyboard,1,98.58,98.58
2025-06-13 13:00:51,fc0a717a-752c-4c48-bc3b-6da1801a000d,Retail,Headsets,Wireless Bluetooth Headphones,2,77.45,154.9
2025-06-13 18:52:59,e67188f3-cc4e-4220-aaf9-a1b019871c8e,Retail,Networking,Gigabit Ethernet Switch,1,38.05,38.05
2025-06-13 09:23:49,1b6fec6d-5ce4-449b-8027-ea0c1063a362,Web,Headsets,In-Ear Gaming Earbuds,1,41.62,41.62
2025-06-13 17:12:18,3ca3e8c7-2b88-4af8-9100-b3b565d795fc,Retail,Headsets,In-Ear Gaming Earbuds,1,31.09,31.09
2025-06-13 11:24:38,ba3ec0cc-d379-473a-b8e1-5b4be3c62a4e,Web,Headsets,Wireless Bluetooth Headphones,1,91.39,91.39
2025-06-13 17:27:35,4951a803-09d4-4bed-96c9-4a8505dc4ac4,B2B,Headsets,In-Ear Gaming Earbuds,1,27.99,27.99
2025-06-13 19:41:31,958a2e02-3bcc-4b81-a35f-74a10f3ff293,Web,Storage,512GB Portable SSD,1,76.71,76.71
2025-06-13 18:27:11,07a90784-78f8-4987-b367-006a2c93167f,Web,Mice,Vertical Ergonomic Mouse,1,60.63,60.63
2025-06-13 11:01:05,c7d1bad0-0aa4-4fc3-9724-227c208320cc,B2B,Keyboards,Compact 60% Keyboard,1,71.96,71.96
2025-06-13 14:29:54,77248221-e323-4bc5-b31e-db9fffe8c0c9,B2B,Networking,USB Wi-Fi Adapter,1,31.87,31.87
2025-06-13 09:19:05,cd1dc44a-5805-45b0-b78a-0e7913a1f2fa,Web,Headsets,In-Ear Gaming Earbuds,1,36.06,36.06
2025-06-13 18:23:59,88e037f1-24ee-4807-9af9-326733ae469d,Web,Keyboards,Compact 60% Keyboard,1,62.3,62.3
2025-06-13 10:29:31,600b8d08-6f65-42a5-85f6-352d8e56468e,B2B,Headsets,Wireless Bluetooth Headphones,2,113.72,227.44
2025-06-13 20:08:31,720db48d-7e85-4df3-af0f-4cf9508b7d15,B2B,Mice,Wireless Bluetooth Mouse,3,27.99,83.97
2025-06-13 19:35:09,759e3ebe-0ac8-462f-8efb-3b557b2a20d6,B2B,Mice,Wireless Bluetooth Mouse,1,36.28,36.28
2025-06-13 11:27:17,ab2f78e4-6ab9-46b0-afb3-6c52143d1a37,Web,Keyboards,Membrane Office Keyboard,1,24.06,24.06
2025-06-14 14:31:53,f8173ad5-042f-4a52-a284-d72f669e6938,Retail,Storage,128GB USB Flash Drive,1,25.24,25.24
2025-06-14 11:54:55,f7ab9617-0777-40c5-9c12-2ecddd2a9951,Web,Mice,Precision Laser Mouse,2,70.28,140.56
2025-06-14 20:03:04,4e0b4f38-96d5-4b74-9ac1-cb0844f2ac3d,Web,Monitors,24-inch 144Hz Gaming Monitor,2,253.0,506.0
2025-06-14 09:29:10,27554b56-43a5-46e0-923a-a7997bd8d27d,Web,Mice,Optical Gaming Mouse,2,53.87,107.74
2025-06-14 11:32:10,d44a8bcf-2afe-4ba4-98c0-1c729cb48915,B2B,Networking,Gigabit Ethernet Switch,1,46.81,46.81
2025-06-14 09:03:05,976734d9-08b7-4c6d-87b8-41e4c2d368bd,B2B,Headsets,USB Conference Headset,1,36.14,36.14
2025-06-14 17:11:10,eeea7d77-52b8-4faa-877f-9c5c08d39730,B2B,Storage,1TB NVMe SSD,2,95.8,191.6
2025-06-14 17:59:59,c6c68851-da2a-409b-aa1d-3950cc347ffe,Retail,Storage,512GB Portable SSD,3,69.81,209.43
2025-06-14 14:35:41,7bdb6ac3-68b4-4509-8dfb-b3afead7d4b3,Web,Storage,1TB NVMe SSD,2,110.33,220.66
2025-06-14 16:56:51,3a2bfb9e-618c-4e8c-80e0-65b2ea80345e,B2B,Keyboards,RGB Backlit Keyboard,2,77.82,155.64
2025-06-14 11:27:05,da29a2d6-329d-4aea-a19b-2c2b83b08c73,Web,Storage,2TB External HDD,1,88.7,88.7
2025-06-14 09:52:36,3c512417-4347-463b-8b9c-eafea177c4f1,Web,Keyboards,Compact 60% Keyboard,2,53.76,107.52
2025-06-14 10:51:27,8ec75f00-525c-44ff-bcc3-5e3ae0da83cd,B2B,Monitors,27-inch 4K IPS Monitor,1,394.5,394.5
2025-06-14 20:53:41,25a0d4e1-8df1-4a07-9c45-36a0e9f523ec,B2B,Keyboards,RGB Backlit Keyboard,1,77.93,77.93
2025-06-14 13:35:45,79d4f75a-a6e3-4b66-a3be-8f1661225d7d,Retail,Mice,Wireless Bluetooth Mouse,1,42.84,42.84
2025-06-15 12:55:54,aa757e8f-7d5a-41c1-a6e6-f2e53b7d5fe0,Web,Headsets,Noise-Cancelling Gaming Headset,1,99.09,99.09
2025-06-15 13:30:49,9cafc55b-3f79-43a8-8cbe-0715727daf59,B2B,Keyboards,RGB Backlit Keyboard,2,68.65,137.3
2025-06-15 11:30:12,4fdfc39a-2252-40a8-a44b-854107ae06b8,B2B,Storage,128GB USB Flash Drive,2,15.49,30.98
2025-06-15 20:49:04,56fd57f3-049b-44f4-a657-1563cd0ea314,Retail,Keyboards,Mechanical Gaming Keyboard,2,118.49,236.98
2025-06-15 18:25:14,15a8a009-34e8-4786-ab31-a23c55915515,Web,Storage,1TB NVMe SSD,1,105.44,105.44
2025-06-15 20:23:28,36e43a04-81ef-41e6-bd15-178917cbf635,Web,Mice,Optical Gaming Mouse,2,56.89,113.78
2025-06-15 13:34:27,1d6f3b1e-6f65-4a27-b4c0-93a3e15416c0,Retail,Keyboards,Mechanical Gaming Keyboard,1,132.52,132.52
2025-06-15 18:35:14,2b5ce21f-432a-435b-8953-c01ef3224644,Retail,Networking,Powerline Ethernet Adapter,1,72.87,72.87
2025-06-15 17:19:11,abadf30b-0512-425e-adc6-95bdce236dc5,Web,Mice,Wireless Bluetooth Mouse,1,36.01,36.01
2025-06-15 19:54:19,563124a1-bd63-4330-a464-f3f92cc9dda4,Web,Mice,Trackball Mouse,1,100.86,100.86
2025-06-15 13:45:03,2fec81fd-7b37-4b0c-87d9-8c230b0c90d8,Retail,Mice,Trackball Mouse,1,87.22,87.22
2025-06-15 14:25:10,c93ea48b-cde9-45c9-a0b6-bda27bf3c46b,Web,Keyboards,Membrane Office Keyboard,1,31.3,31.3
2025-06-15 14:57:49,94b70cd5-beb9-4749-810e-d87ba1ca6923,Web,Mice,Wireless Bluetooth Mouse,1,40.12,40.12
2025-06-15 20:01:42,f5695b06-2a1b-42c8-b588-39fa11570d24,Web,Networking,Powerline Ethernet Adapter,1,64.04,64.04
2025-06-15 10:29:49,d0274dd0-83fa-4ec7-97fd-0d1593f4d13d,Retail,Headsets,USB Conference Headset,2,51.95,103.9
2025-06-15 19:01:09,e72bb693-f1b5-4730-a206-7cceea1287b3,Retail,Mice,Vertical Ergonomic Mouse,1,40.64,40.64
2025-06-15 11:10:40,cd8e1f0e-c8c6-43be-8ef1-06a0d296963b,B2B,Keyboards,Mechanical Gaming Keyboard,1,144.66,144.66
2025-06-15 12:20:52,f6434b92-943a-4ece-9e60-e33244b813e9,Retail,Networking,Gigabit Ethernet Switch,1,55.4,55.4
2025-06-15 09:57:05,6609e375-ac02-4432-b000-99d881d02965,Web,Monitors,15.6-inch Portable USB-C Monitor,1,189.34,189.34
2025-06-15 14:50:50,282f3119-6ffa-4367-9c89-e42a47825024,Retail,Networking,Gigabit Ethernet Switch,1,55.45,55.45
2025-06-15 15:48:51,c870d442-c158-421d-a8ee-a1313caf7c27,Web,Storage,1TB NVMe SSD,1,93.2,93.2
2025-06-16 11:58:56,9ec8c119-d2c2-43fa-a5ad-1d5d062455da,B2B,Mice,Vertical Ergonomic Mouse,1,34.99,34.99
2025-06-16 14:02:28,af7e5748-1b91-49f7-85de-add8d5f0752b,Retail,Mice,Wireless Bluetooth Mouse,2,46.17,92.34
2025-06-16 12:54:08,c01e1019-2da5-4c34-91b2-cf76d7257f99,B2B,Headsets,Wireless Bluetooth Headphones,2,84.97,169.94
2025-06-16 19:23:41,5d5a29b9-0ff0-4677-8df3-b3a5a7b7ccea,Web,Keyboards,Mechanical Gaming Keyboard,1,149.64,149.64
2025-06-16 10:03:00,878dd42e-930b-40a8-a6a3-695f480f05c3,Retail,Networking,Powerline Ethernet Adapter,1,41.99,41.99
2025-06-16 20:00:13,c1af8b9f-a215-4ed1-b348-2a0ff396f83d,B2B,Storage,1TB NVMe SSD,2,62.99,125.98
2025-06-16 11:02:56,4a8d8870-0c4f-4532-a81a-934e2f0ca082,Web,Mice,Optical Gaming Mouse,1,60.23,60.23
2025-06-16 17:19:40,bdd86e94-42c4-451a-a6a6-bad6cec94642,Web,Monitors,34-inch Ultrawide Curved Monitor,1,470.86,470.86
2025-06-17 18:39:57,f52a41fa-b563-4b95-910b-d9527464770a,B2B,Keyboards,Membrane Office Keyboard,1,30.22,30.22
2025-06-17 14:43:36,e4dfe4c0-310f-4de6-bc3e-48e6b1a52d88,Web,Mice,Vertical Ergonomic Mouse,2,44.02,88.04
2025-06-17 09:26:31,1744877b-f97a-4eca-8ead-8f2782ad1c06,B2B,Headsets,In-Ear Gaming Earbuds,2,49.03,98.06
2025-06-17 17:03:04,82502101-96ba-4a0c-b660-54a5548e99ff,B2B,Headsets,In-Ear Gaming Earbuds,1,41.09,41.09
2025-06-17 13:02:49,89d92567-06ad-425a-98e9-32216c164699,Web,Storage,1TB NVMe SSD,1,87.33,87.33
2025-06-17 12:42:12,7667ceca-5cfd-4686-9df3-57b0efff2152,Retail,Headsets,In-Ear Gaming Earbuds,1,36.59,36.59
2025-06-17 20:23:55,c5bcd065-7af3-492b-b0d3-f982fcaafac3,Web,Mice,Optical Gaming Mouse,1,61.06,61.06
2025-06-17 14:20:00,85e6ab77-4c1b-42a0-af93-09bd8973b72d,B2B,Mice,Optical Gaming Mouse,3,41.99,125.97
2025-06-17 16:13:24,61c9a39e-c6b6-4e8e-b2c5-ce710efc8bad,Web,Mice,Wireless Bluetooth Mouse,1,47.81,47.81
2025-06-17 11:37:03,2c7dd7e4-d217-4c12-a7e8-c45142a10476,B2B,Monitors,34-inch Ultrawide Curved Monitor,2,561.24,1122.48
2025-06-17 20:49:09,1cd02fc3-e885-4a8e-abf4-939fa2211095,Web,Mice,Optical Gaming Mouse,2,74.79,149.58
2025-06-17 09:36:02,325a9426-56a6-4db7-a24e-4e39574abad2,Retail,Monitors,24-inch 144Hz Gaming Monitor,1,247.74,247.74
2025-06-17 09:22:15,02bbe61e-83c4-45b8-b5f6-98bfab555afa,B2B,Keyboards,Mechanical Gaming Keyboard,1,120.16,120.16
2025-06-17 09:09:56,5947ab93-6920-4aa7-8615-caa8f0466a65,Web,Networking,Gigabit Ethernet Switch,1,53.92,53.92
2025-06-17 16:14:50,955d380f-411c-40a8-97a3-2e56cf4b5b6e,Web,Keyboards,Compact 60% Keyboard,1,59.04,59.04
2025-06-17 16:21:48,2683fed5-9690-4fb5-9e11-252b4a223c16,B2B,Storage,4TB Desktop HDD,1,83.99,83.99
2025-06-17 16:20:54,2992d05d-3fdc-4a60-be1a-1cf48fd21f2d,Web,Headsets,In-Ear Gaming Earbuds,2,32.17,64.34
2025-06-17 15:19:10,9b12f219-0fa8-4ca9-b749-1b160f2adb8c,Web,Mice,Trackball Mouse,1,71.07,71.07
2025-06-17 19:51:56,4ab2a695-5a7b-409b-9548-28b85ba938da,Web,Keyboards,Membrane Office Keyboard,1,33.02,33.02
2025-06-17 17:11:04,aba01303-75fb-4c14-96fb-54bc6e81c0b7,Retail,Mice,Optical Gaming Mouse,1,67.45,67.45
2025-06-18 11:06:41,a8ffc511-7f91-4143-81e3-929f3b383052,B2B,Storage,512GB Portable SSD,2,62.8,125.6
2025-06-18 17:50:07,d670344d-f1f4-4fb0-b9cf-1646f2c0e8d4,Retail,Headsets,Surround Sound Headphones,1,129.94,129.94
2025-06-18 15:06:49,24c7c64b-4bec-4b26-ba25-1e0ae911fee5,Retail,Keyboards,RGB Backlit Keyboard,2,68.1,136.2
2025-06-18 14:21:35,6d04e3a8-3dac-43b4-a8e7-42f4521a833e,B2B,Headsets,In-Ear Gaming Earbuds,1,35.5,35.5
2025-06-18 20:30:10,8c84424b-b81a-4e15-be0b-b542dcdcacf4,Web,Storage,1TB NVMe SSD,1,113.03,113.03
2025-06-18 20:03:48,ab6160a0-23f4-49bf-b038-5832f1fa286d,Retail,Networking,Powerline Ethernet Adapter,1,41.99,41.99
2025-06-18 20:38:54,e8044b0a-6657-4792-b80a-62f505e1f40b,B2B,Mice,Optical Gaming Mouse,1,62.26,62.26
2025-06-18 11:32:58,d5567e2f-7927-4e00-9dcf-cc2913fb82ac,Web,Monitors,27-inch 4K IPS Monitor,1,324.98,324.98
2025-06-18 13:55:03,90870fd7-fd95-4d77-909e-eba498657a01,B2B,Monitors,24-inch 144Hz Gaming Monitor,1,296.99,296.99
2025-06-19 13:41:13,3fe83001-add3-453f-84ca-79aebf20bbb6,B2B,Storage,2TB External HDD,1,89.76,89.76
2025-06-19 10:26:23,67f8815f-a5f1-4701-8659-d8138cb674a1,B2B,Headsets,In-Ear Gaming Earbuds,2,43.62,87.24
2025-06-19 19:47:00,0c1099ee-3567-4e9c-acfc-8126d871e684,B2B,Keyboards,Compact 60% Keyboard,2,70.32,140.64
2025-06-19 09:17:59,9c02f754-b7d4-4271-933a-e71608c6edb4,Web,Storage,1TB NVMe SSD,2,86.36,172.72
2025-06-19 11:44:56,4da3ebfc-c0d0-4ebc-894e-e4e72675eebf,Retail,Keyboards,RGB Backlit Keyboard,1,68.5,68.5
2025-06-19 09:57:49,9bcd3484-f0ab-4465-8ff8-85306c3c68b3,B2B,Storage,2TB External HDD,2,88.77,177.54
2025-06-19 12:00:43,387695b0-5264-44d8-87ea-3c04a883c006,Web,Networking,Powerline Ethernet Adapter,1,62.66,62.66
2025-06-19 18:14:59,d654444f-0b0b-4c43-adbc-45c225d19765,Retail,Storage,128GB USB Flash Drive,1,15.25,15.25
2025-06-19 12:08:49,872bf058-7035-48a5-9b6d-0e8f14e9eb4a,Web,Keyboards,Wireless Ergonomic Keyboard,1,81.63,81.63
2025-06-19 18:05:26,1dc0251c-fe32-4ea0-9631-10afb793ef80,B2B,Monitors,15.6-inch Portable USB-C Monitor,2,202.57,405.14
2025-06-19 18:02:55,fb200f19-874c-4c77-90c6-e8dcbd1c3fc9,B2B,Networking,USB Wi-Fi Adapter,1,32.26,32.26
2025-06-19 17:13:07,f6ac162a-9581-43f0-b431-1d4f947c9d2a,Web,Networking,USB Wi-Fi Adapter,1,35.39,35.39
2025-06-19 13:04:39,955d3a5f-964b-4060-8baf-15fa0eefdf55,Web,Mice,Precision Laser Mouse,3,53.46,160.38
2025-06-20 15:29:48,c0ad107f-4dcc-4211-975d-2940e390cb80,Web,Storage,4TB Desktop HDD,1,143.17,143.17
2025-06-20 11:05:36,0c8ddddf-525c-4995-afad-9756aaa77c82,Retail,Headsets,USB Conference Headset,1,59.79,59.79
2025-06-20 13:19:41,3588709c-6e2f-408d-a83f-45dc33f2ef44,Retail,Keyboards,Mechanical Gaming Keyboard,1,137.33,137.33
2025-06-20 12:43:19,03b5b8b5-ec0d-4282-b7d8-fa699333bbc2,Web,Monitors,27-inch 4K IPS Monitor,1,299.8,299.8
2025-06-20 13:41:38,2f3fcdc7-256e-4c46-8609-69f8931483bf,Retail,Mice,Precision Laser Mouse,2,65.45,130.9
2025-06-20 15:08:27,60fa8d90-84cd-4062-af24-fdc0004e757b,Web,Networking,Wireless Mesh Router System,2,287.68,575.36
2025-06-20 15:42:08,1554b837-5417-4310-aaea-b7ef17d2a8f1,B2B,Networking,Gigabit Ethernet Switch,1,48.49,48.49
2025-06-20 19:35:44,9d72a034-0dfc-46d6-8374-d1a515016357,B2B,Mice,Wireless Bluetooth Mouse,2,46.69,93.38
2025-06-20 09:34:47,91ac6395-8b70-42cb-b3d5-10a7c709d875,B2B,Headsets,USB Conference Headset,1,40.79,40.79
2025-06-20 18:06:47,e5943d4d-a441-4bd9-9bb7-b4cb69a20ca0,Retail,Monitors,34-inch Ultrawide Curved Monitor,1,504.28,504.28
2025-06-20 20:05:42,88720be8-0539-455c-98ed-a5c8d9655efa,B2B,Monitors,27-inch 4K IPS Monitor,1,401.69,401.69
2025-06-20 12:12:35,eb89abab-bdc1-4ddb-976c-74cdecb476d2,Web,Mice,Vertical Ergonomic Mouse,1,56.32,56.32
2025-06-20 16:11:56,71e5d275-9b6f-435a-8c3d-a2fb9e7a7b28,Web,Mice,Precision Laser Mouse,1,67.71,67.71
2025-06-20 12:16:12,e03d87b9-9a8f-4300-8714-056fd6690b0d,Web,Networking,USB Wi-Fi Adapter,1,30.13,30.13
2025-06-20 14:54:42,57d34a43-5959-457f-bb18-8d14d9e3f852,Retail,Headsets,Surround Sound Headphones,1,148.07,148.07
2025-06-21 19:17:31,7387553b-9db9-4dc1-9efb-b55b2f0a1476,Retail,Mice,Vertical Ergonomic Mouse,1,45.51,45.51
2025-06-21 20:49:57,8d19a1ae-f511-499f-af11-2bc3bc48751c,Retail,Networking,Gigabit Ethernet Switch,1,34.99,34.99
2025-06-21 14:15:27,490627b7-9b4b-4cf3-bff4-d478da479b17,Retail,Mice,Precision Laser Mouse,1,55.33,55.33
2025-06-21 17:24:51,e5f1f0a6-b834-4739-bbec-8696d192a241,Web,Keyboards,Wireless Ergonomic Keyboard,1,102.65,102.65
2025-06-21 11:05:11,8179fa49-b503-4afe-829f-8a2399728c3d,Retail,Mice,Vertical Ergonomic Mouse,2,57.17,114.34
2025-06-21 18:58:19,d0793b0f-55c7-4a05-a6b0-367b239f9153,Retail,Headsets,USB Conference Headset,2,50.35,100.7
2025-06-21 15:38:09,03bdb1aa-3907-4fc6-a538-958f947b7f30,Retail,Mice,Wireless Bluetooth Mouse,1,42.82,42.82
2025-06-21 12:00:29,bbc33dd0-0c2f-40b3-92eb-4dc847d97042,Retail,Storage,4TB Desktop HDD,2,109.48,218.96
2025-06-21 20:37:07,12cbf50a-fd85-47f2-823d-e0e401851042,Retail,Mice,Optical Gaming Mouse,2,74.03,148.06
2025-06-21 13:41:34,ad2f3b55-1ebc-46e1-84fc-23800e3a2e72,Web,Monitors,27-inch 4K IPS Monitor,1,378.91,378.91
2025-06-21 11:26:52,bdabf8a9-8fcc-4c76-9444-d04ba9b5f5f2,Retail,Keyboards,RGB Backlit Keyboard,1,84.13,84.13
2025-06-21 16:36:26,963026fd-8b60-4e9b-84dc-eba720899169,Retail,Mice,Optical Gaming Mouse,2,77.73,155.46
2025-06-21 19:57:01,14118e7a-163b-4dcc-9d37-3842a31e690f,B2B,Keyboards,Mechanical Gaming Keyboard,1,155.63,155.63
2025-06-21 14:58:10,76009767-2f69-428b-8e14-ca01c1bc3857,Web,Keyboards,Compact 60% Keyboard,2,86.45,172.9
2025-06-22 11:27:56,ea76f901-1fd9-4705-819a-e3a2714e917e,Retail,Networking,Gigabit Ethernet Switch,1,57.89,57.89
2025-06-22 19:41:56,cf3ec0a1-363a-4dec-a393-ac9baf3a8994,Web,Monitors,15.6-inch Portable USB-C Monitor,1,206.75,206.75
2025-06-22 19:59:52,1e4e6998-1a01-410c-a288-833888536826,B2B,Monitors,15.6-inch Portable USB-C Monitor,1,242.99,242.99
2025-06-22 14:56:47,95a9dbd6-a2f8-4094-891b-e247b12b32cc,Web,Storage,128GB USB Flash Drive,1,22.85,22.85
2025-06-22 19:20:26,45a5b161-1544-4558-a461-d62454692c70,Retail,Keyboards,Membrane Office Keyboard,2,33.9,67.8
2025-06-22 13:58:03,b68e1f93-4c67-4217-bd4b-f0d6ac197136,Web,Monitors,24-inch 144Hz Gaming Monitor,2,194.13,388.26
2025-06-22 11:52:28,c475a87d-f216-4db8-8236-cd29dbd8e71e,Web,Networking,USB Wi-Fi Adapter,2,25.9,51.8
2025-06-22 14:20:41,1af2d46f-1078-4e07-831b-b1e1127c7cd7,Web,Headsets,Surround Sound Headphones,2,160.2,320.4
2025-06-22 19:11:46,c39944dd-031c-4cff-9623-17ca0a03a209,Retail,Keyboards,Compact 60% Keyboard,2,64.5,129.0
2025-06-22 16:42:54,5c546241-f7ea-4700-9101-422b030a7206,Web,Networking,USB Wi-Fi Adapter,1,26.58,26.58
2025-06-22 18:44:50,8dce9931-c0b2-45e9-89e5-215a4b5c325d,Web,Keyboards,Compact 60% Keyboard,1,65.62,65.62
2025-06-22 17:51:40,7bd6963e-b52f-4220-b5d2-51d8a20ac413,Retail,Storage,1TB NVMe SSD,1,93.16,93.16
2025-06-22 18:22:22,ebe6a13c-5245-46a9-8ead-c0e852ee15ac,B2B,Storage,1TB NVMe SSD,1,99.44,99.44
2025-06-22 20:01:38,73f41c02-07fd-4b3c-9a79-b76d345f0492,B2B,Monitors,24-inch 144Hz Gaming Monitor,1,263.24,263.24
2025-06-22 14:08:46,f2520c4d-25b2-44d9-81d5-99c08c6e5552,B2B,Mice,Precision Laser Mouse,1,53.46,53.46
2025-06-22 19:43:13,153e8356-3510-42bf-9481-a635a0a3b362,Web,Networking,Gigabit Ethernet Switch,2,39.04,78.08
2025-06-22 16:14:44,64ea9bf2-4894-4d79-9345-97f132cab459,B2B,Monitors,34-inch Ultrawide Curved Monitor,1,394.21,394.21
2025-06-22 11:00:18,97b29b99-7086-4f9b-8d58-d9af1bd37647,Retail,Mice,Precision Laser Mouse,1,71.67,71.67
2025-06-22 14:14:08,702a3bc2-1772-4d1b-916d-5be2cf24cca9,Retail,Mice,Optical Gaming Mouse,2,53.04,106.08
2025-06-22 09:30:25,50936fb9-0976-4666-899d-9f7cab710c15,Web,Keyboards,RGB Backlit Keyboard,1,68.41,68.41
2025-06-22 15:38:31,fb5e9159-4850-4dbb-ba42-cd193e58e9ac,Web,Storage,512GB Portable SSD,1,73.64,73.64
2025-06-23 17:43:35,8e75f517-702f-43f5-b710-85b90681d0c1,Web,Monitors,24-inch 144Hz Gaming Monitor,1,242.65,242.65
2025-06-23 16:42:50,d9e55f9a-46a0-4a4e-95c4-3458624be2c5,Retail,Storage,128GB USB Flash Drive,1,16.97,16.97
2025-06-23 15:30:12,7e7faa68-3959-4236-8c3c-ed6d2805f43b,Retail,Mice,Wireless Bluetooth Mouse,2,38.67,77.34
2025-06-23 12:44:09,e462147a-da15-442f-8300-00b791131c47,Web,Keyboards,Compact 60% Keyboard,1,55.82,55.82
2025-06-23 18:18:16,9d0f2e4a-5f93-4a16-b31f-4dd2e7c1da37,Retail,Networking,Powerline Ethernet Adapter,1,59.1,59.1
2025-06-23 19:54:47,e855c148-4a30-486f-b21b-bf310e00958e,B2B,Headsets,In-Ear Gaming Earbuds,1,49.86,49.86
2025-06-23 11:11:46,9fff0257-5c4e-457d-96eb-f3c4b712e7e3,Retail,Networking,USB Wi-Fi Adapter,2,29.5,59.0
2025-06-23 11:52:56,c6975122-3308-46c8-94a0-cba16904423e,Retail,Monitors,34-inch Ultrawide Curved Monitor,1,404.42,404.42
2025-06-23 12:53:57,ae8b612a-a78d-4e34-ab1b-66dfddf9a5ec,B2B,Monitors,24-inch 144Hz Gaming Monitor,1,153.99,153.99
2025-06-23 12:04:54,e9a1194d-7af0-4759-b10b-f98872c61fae,B2B,Monitors,24-inch 144Hz Gaming Monitor,1,163.4,163.4
2025-06-23 13:06:52,4450654a-7517-42ee-9c68-97f50ec40ed9,Retail,Mice,Optical Gaming Mouse,1,70.71,70.71
2025-06-23 17:19:49,dc8c9e73-99ae-4bc7-a639-b232e1b16224,B2B,Keyboards,Compact 60% Keyboard,1,84.63,84.63
2025-06-23 12:49:24,928edbc1-5711-4700-ad12-c4aaace356f5,B2B,Keyboards,Membrane Office Keyboard,2,30.61,61.22
2025-06-23 13:42:25,f5fa400b-ac6d-497b-96c4-fb60737e3b9b,B2B,Mice,Optical Gaming Mouse,1,74.92,74.92
2025-06-23 16:02:23,24df5c1b-44d3-456d-9da3-7be97c2a92c4,B2B,Mice,Wireless Bluetooth Mouse,2,45.0,90.0
2025-06-23 19:42:04,8ed71d87-515a-4e83-a4b0-f4d226ec940f,Retail,Mice,Precision Laser Mouse,1,88.08,88.08
2025-06-23 19:21:21,7d26a876-9c4c-4bad-ae59-08f85f50e72f,Web,Headsets,Noise-Cancelling Gaming Headset,1,134.35,134.35
2025-06-23 19:05:36,fddf6765-d60e-4952-920f-6e2229cccc12,B2B,Storage,1TB NVMe SSD,1,73.25,73.25
2025-06-23 11:03:30,e008787d-9c70-4c62-83d2-0b5a3663f030,Web,Storage,512GB Portable SSD,2,74.26,148.52
2025-06-23 11:42:00,b67e6b26-bb71-4b45-aec2-04d4a832947f,B2B,Keyboards,Wireless Ergonomic Keyboard,1,101.59,101.59
2025-06-23 11:19:04,b01f28c2-b12b-4859-aff7-333bce77a1fd,B2B,Networking,USB Wi-Fi Adapter,2,36.65,73.3
2025-06-23 20:27:57,8ab460db-5f4a-4255-89d1-f764226c9e9d,Retail,Networking,USB Wi-Fi Adapter,1,23.96,23.96
2025-06-23 09:36:33,a80a4aa4-f460-4957-8e75-63bd159702cb,Web,Headsets,Wireless Bluetooth Headphones,1,93.29,93.29
2025-06-24 10:51:38,344d9d8d-9491-4ba4-8ec2-a95f4d0a924e,Web,Networking,Powerline Ethernet Adapter,2,49.6,99.2
2025-06-24 09:29:21,069f1ed5-a6d1-4c29-9f8c-62eadd8fe7a2,B2B,Storage,1TB NVMe SSD,1,71.63,71.63
2025-06-24 17:26:22,e5dc6946-7648-4dad-a61f-39dced7b5aa6,B2B,Mice,Optical Gaming Mouse,1,51.46,51.46
2025-06-24 20:44:19,d7725555-9a58-47db-9c5c-3565d7d8e17b,B2B,Keyboards,Membrane Office Keyboard,2,20.99,41.98
2025-06-24 15:21:19,1559ddfd-6616-48bd-9f8e-a92655c5614f,B2B,Keyboards,Membrane Office Keyboard,1,31.57,31.57
2025-06-24 11:14:07,34b9ba41-1c9e-4d52-bfb4-224ab3a4c553,Web,Keyboards,Compact 60% Keyboard,2,56.11,112.22
2025-06-24 10:22:53,d4462fd1-8431-490c-9a08-b323a7a714ea,Retail,Keyboards,Mechanical Gaming Keyboard,1,95.83,95.83
2025-06-24 18:40:29,7ce62e11-1752-49d7-a8be-07216a88d756,Retail,Storage,512GB Portable SSD,1,94.49,94.49
2025-06-24 09:08:26,f382df08-0bd3-4cbd-91a3-6b90a647f59c,Retail,Networking,USB Wi-Fi Adapter,1,26.76,26.76
2025-06-24 15:31:25,1259a40c-fd5f-455f-9b9d-17bb2c7b23b1,Retail,Mice,Wireless Bluetooth Mouse,1,51.02,51.02
2025-06-24 10:26:52,d714c6e3-edf0-44f4-a567-db280b5785e3,Retail,Keyboards,Membrane Office Keyboard,1,33.84,33.84
2025-06-24 14:02:01,34e5fd7e-5778-483a-aae5-dfe47eee5756,Retail,Headsets,Noise-Cancelling Gaming Headset,1,119.17,119.17
2025-06-24 12:30:12,95bf953f-e5b6-4926-930c-1cf726237f2a,B2B,Keyboards,Mechanical Gaming Keyboard,1,127.77,127.77
2025-06-24 11:29:28,3f6159ac-ab8d-43a6-b1cd-916e30bdd3d9,B2B,Keyboards,Wireless Ergonomic Keyboard,1,102.52,102.52
2025-06-24 14:08:36,8cb9a3ce-267d-46b9-9b00-94c47b4ea9a5,Web,Storage,1TB NVMe SSD,3,78.42,235.26
2025-06-24 09:11:23,5048e3b3-2e7d-41d3-8395-9dc222f45393,Web,Mice,Vertical Ergonomic Mouse,1,56.48,56.48
2025-06-24 19:13:27,d57cd7eb-fd33-4bdb-8747-b7ec10ce7b36,Web,Mice,Wireless Bluetooth Mouse,1,49.62,49.62
2025-06-24 17:53:36,77f6249e-f31b-4a75-946c-c6b53da84b44,B2B,Storage,2TB External HDD,1,71.59,71.59
2025-06-24 15:42:27,ea1d1627-83e4-46b2-a031-13e142acfe08,Retail,Mice,Optical Gaming Mouse,1,67.76,67.76
2025-06-24 12:19:45,40a99d12-a517-436a-a2d0-22572cb50f5f,Web,Mice,Optical Gaming Mouse,1,57.03,57.03
2025-06-24 10:25:36,7df06758-06a7-46f5-b85d-eac14b4cf394,B2B,Networking,Gigabit Ethernet Switch,2,35.2,70.4
2025-06-24 13:17:37,11aa17bb-6f66-4368-983e-9ae0251a3691,Web,Headsets,Wireless Bluetooth Headphones,1,82.23,82.23
2025-06-24 13:56:26,ab0367d7-16ed-4c15-9d7f-ea7412b0d121,B2B,Mice,Optical Gaming Mouse,1,58.08,58.08
2025-06-24 12:03:37,ead32b00-9c82-409d-833a-fbeb5d384125,Retail,Mice,Vertical Ergonomic Mouse,2,45.33,90.66
2025-06-24 20:59:13,f9368249-a080-4d2d-b7d2-4a2c3cd59ea3,B2B,Networking,Powerline Ethernet Adapter,1,44.47,44.47
2025-06-24 18:54:59,b999dc84-bb38-4bc3-989d-7ab4abfa58a8,Web,Mice,Wireless Bluetooth Mouse,1,27.99,27.99
2025-06-25 11:07:55,82654355-f614-411c-8cf9-c687fca13719,Web,Headsets,Wireless Bluetooth Headphones,1,90.7,90.7
2025-06-25 14:12:18,920357cb-8cec-46c4-84e4-b727551c8b57,Retail,Monitors,24-inch 144Hz Gaming Monitor,1,294.1,294.1
2025-06-25 16:51:37,bf664a81-cc49-4f06-aaa2-9398eede170c,Web,Keyboards,Compact 60% Keyboard,2,78.45,156.9
2025-06-25 18:27:54,c037ab0c-defa-4240-9e38-577dc27cb5f1,Web,Mice,Wireless Bluetooth Mouse,2,40.42,80.84
2025-06-25 18:03:52,7fd47f36-5ce0-457f-8f3a-a0ae7fddac0a,B2B,Keyboards,Mechanical Gaming Keyboard,1,150.41,150.41
2025-06-25 12:46:55,9970eecf-bcdd-421d-9379-efa9707f9861,Retail,Headsets,Wireless Bluetooth Headphones,1,116.17,116.17
2025-06-25 17:45:38,13aa139c-1881-4208-9205-099b6dee4549,Retail,Mice,Trackball Mouse,1,96.49,96.49
2025-06-25 17:27:51,b33dd84e-2091-40ce-9945-b89edfc01c66,B2B,Keyboards,Wireless Ergonomic Keyboard,1,63.84,63.84
2025-06-25 10:16:45,310330ef-cbea-4890-a198-94c8f1205dd8,Retail,Mice,Vertical Ergonomic Mouse,2,45.49,90.98
2025-06-25 10:14:59,e2e60203-fb69-4f48-a90d-56f978f5d622,Retail,Headsets,In-Ear Gaming Earbuds,2,42.99,85.98
2025-06-25 12:18:56,b6e1cd0b-4d4c-44fc-86ee-42b42798b045,Retail,Keyboards,Membrane Office Keyboard,2,28.7,57.4
2025-06-25 12:12:19,c3239150-2ada-44ef-a723-e2f017a7662a,Web,Headsets,Wireless Bluetooth Headphones,1,92.87,92.87
2025-06-25 12:41:06,bdd0ca14-10fd-44e3-a5b3-39d46f529d87,Web,Keyboards,Mechanical Gaming Keyboard,1,126.52,126.52
2025-06-25 20:44:43,20be89c6-71c7-47ef-a48f-dc91b5b31a4c,Retail,Storage,512GB Portable SSD,1,57.86,57.86
2025-06-25 09:02:35,9958fa3f-6b07-48a1-ac1c-e4d167cb7941,B2B,Storage,512GB Portable SSD,2,85.07,170.14
2025-06-25 15:48:37,8a348aab-d440-48fe-85c5-62ae4df85491,Web,Networking,USB Wi-Fi Adapter,1,39.2,39.2
2025-06-26 11:14:34,ddd47a94-bab1-490e-8c83-6edf1fc1a21f,Retail,Storage,512GB Portable SSD,1,83.08,83.08
2025-06-26 17:39:17,e703092e-2830-4fed-bcbe-1fd55c0a768d,Retail,Headsets,Noise-Cancelling Gaming Headset,2,120.28,240.56
2025-06-26 11:12:12,b5ece9f8-13ec-4f16-94fd-9c51c99787cc,Web,Keyboards,Compact 60% Keyboard,1,53.81,53.81
2025-06-26 12:00:08,a3711818-5989-40bb-a902-1113c88af9fd,Retail,Keyboards,Mechanical Gaming Keyboard,1,140.43,140.43
2025-06-26 09:14:01,61c10469-13de-4c93-aa7e-dc39350bc046,Retail,Mice,Optical Gaming Mouse,1,59.62,59.62
2025-06-26 20:44:07,2bc57436-1191-4b59-b321-8275e0885ec2,Retail,Monitors,15.6-inch Portable USB-C Monitor,1,143.45,143.45
2025-06-26 16:54:27,18cdbadf-3a31-4b96-b2a3-7fcad891770c,Retail,Keyboards,Compact 60% Keyboard,1,83.77,83.77
2025-06-26 14:48:52,5622e126-8886-4fb2-a4ab-cc239977dd6c,B2B,Mice,Wireless Bluetooth Mouse,2,38.13,76.26
2025-06-26 11:58:14,b52cdacf-66a4-4208-9c70-3285ac6ee12d,B2B,Storage,2TB External HDD,1,82.96,82.96
2025-06-26 11:15:01,88c334a9-666f-48b8-9464-7c2574134393,B2B,Mice,Optical Gaming Mouse,1,71.92,71.92
2025-06-26 16:04:51,5632c9bd-b262-450f-97d7-070d9b5f9bd1,B2B,Monitors,27-inch 4K IPS Monitor,1,371.61,371.61
2025-06-26 09:05:29,244b175f-e065-4fc9-9eb7-a1fc51be9f95,Web,Storage,1TB NVMe SSD,1,103.72,103.72
2025-06-26 16:52:56,460c851e-9191-476e-a8e0-6ac3fae3fee0,Retail,Storage,1TB NVMe SSD,1,94.65,94.65
2025-06-26 20:49:06,8aa999e8-da41-4a58-8e00-cca2aa846435,Retail,Storage,128GB USB Flash Drive,1,18.65,18.65
2025-06-26 10:39:50,d241422a-c9c1-4cf9-8cad-2e71bc65900c,Web,Storage,128GB USB Flash Drive,1,22.79,22.79
2025-06-27 17:55:58,5fe39c10-7d1c-41d4-968d-fdd1076b28c0,B2B,Headsets,Noise-Cancelling Gaming Headset,1,132.73,132.73
2025-06-27 10:11:09,f1de1a6f-9e41-4c9c-a2a1-e939e46d81c1,Web,Mice,Wireless Bluetooth Mouse,1,47.62,47.62
2025-06-27 20:21:24,17e16ce7-1e75-4669-b946-31fabb9481b1,B2B,Mice,Trackball Mouse,2,60.33,120.66
2025-06-27 12:31:15,d98df110-214b-48cc-9e40-6f28191945e3,Retail,Monitors,34-inch Ultrawide Curved Monitor,1,494.11,494.11
2025-06-27 10:50:11,433babb4-a917-4416-86b3-8eb13ebd0516,Web,Keyboards,RGB Backlit Keyboard,2,91.76,183.52
2025-06-27 17:02:15,010ecf57-2093-4fe8-975e-a65db365478a,B2B,Storage,1TB NVMe SSD,1,95.38,95.38
2025-06-27 20:39:03,6b636cd9-bf93-47f1-83d6-f1dbedaf8f48,Web,Monitors,15.6-inch Portable USB-C Monitor,1,233.26,233.26
2025-06-27 13:44:02,7efb486e-8b36-495e-a045-4bd1e3a1ad58,Web,Storage,512GB Portable SSD,1,76.84,76.84
2025-06-27 18:39:39,dba2e661-2966-47ce-929c-be15918d5143,Retail,Mice,Optical Gaming Mouse,2,72.8,145.6
2025-06-27 16:06:11,2483de42-a886-4a3a-9954-9b7165323f3a,Retail,Keyboards,Membrane Office Keyboard,1,24.4,24.4
2025-06-27 20:16:15,1f17bd2b-c01b-4451-a900-0093fada6e69,Retail,Mice,Optical Gaming Mouse,3,63.54,190.62
2025-06-28 12:58:12,bd93f64a-2ddd-4029-ace3-49f6eb4b776a,Web,Storage,2TB External HDD,1,82.92,82.92
2025-06-28 13:28:56,4650cb2d-e3e7-4153-bcb8-0205ee2affd4,Web,Networking,Gigabit Ethernet Switch,1,57.9,57.9
2025-06-28 17:31:32,e5e36fa7-04f3-4266-9efb-c015c730de0c,Retail,Monitors,27-inch 4K IPS Monitor,1,244.99,244.99
2025-06-28 09:55:23,40e16a17-e8cc-4c11-8331-ec3bdeda27bd,Retail,Monitors,34-inch Ultrawide Curved Monitor,1,531.85,531.85
2025-06-28 19:22:04,cbee3760-e8b8-4f20-87bb-35141b161634,Retail,Monitors,34-inch Ultrawide Curved Monitor,1,461.07,461.07
2025-06-28 18:44:57,e9cdc633-31d3-49d4-9b71-2f8ad3889625,Retail,Keyboards,Membrane Office Keyboard,1,24.66,24.66
2025-06-28 12:10:56,7b240300-67d7-49b2-bdaf-2cd23707303a,Retail,Monitors,27-inch 4K IPS Monitor,1,342.56,342.56
2025-06-28 16:30:20,4d8c88a7-b444-499d-91a5-b1aea3adb30b,Web,Storage,512GB Portable SSD,1,83.07,83.07
2025-06-28 09:26:05,b09bfb15-6e41-4888-9b15-04757ee9cefd,Retail,Networking,Wireless Mesh Router System,1,292.82,292.82
2025-06-28 09:41:23,dc89102f-14a7-47ba-b914-81924da3d4c2,Web,Headsets,In-Ear Gaming Earbuds,2,47.4,94.8
2025-06-28 13:07:04,3924bf6d-2a16-4174-a625-3b0f6dea9c28,Retail,Mice,Wireless Bluetooth Mouse,2,34.43,68.86
2025-06-28 20:37:25,d0f610f7-586d-4f35-81b9-681b1e1bfbd5,Web,Mice,Optical Gaming Mouse,1,75.32,75.32
2025-06-28 11:41:26,98d433d8-f6d0-4d28-ae54-509982d36270,B2B,Keyboards,Membrane Office Keyboard,1,23.61,23.61
2025-06-28 09:27:24,c0f1f562-bcce-4f80-8f67-760a8287c378,B2B,Keyboards,Wireless Ergonomic Keyboard,1,64.45,64.45
2025-06-28 17:01:41,c730124a-ac60-4536-ae67-5faf12ca59ea,Retail,Monitors,15.6-inch Portable USB-C Monitor,1,183.99,183.99
2025-06-28 19:34:48,1e5c3504-3e41-49cc-b873-7dc66f6fe71f,Web,Storage,128GB USB Flash Drive,2,21.82,43.64
2025-06-28 12:45:54,b7107cb2-579b-4db0-b190-6d72c71de739,B2B,Keyboards,Membrane Office Keyboard,2,31.3,62.6
2025-06-28 11:50:04,9a2de177-c51c-47b5-99f9-7f3a316f7998,Retail,Mice,Precision Laser Mouse,1,65.68,65.68
2025-06-29 14:16:35,0a3ec734-8f86-4fa1-9554-4cb6bda990d9,Retail,Headsets,Surround Sound Headphones,1,126.23,126.23
2025-06-29 13:48:08,87e0fcf9-43ff-4e6a-9b16-6242d5775b01,B2B,Storage,128GB USB Flash Drive,2,24.02,48.04
2025-06-29 16:28:40,d9475038-ea1a-4a9a-8732-552fbc3debd1,Web,Headsets,Surround Sound Headphones,1,181.22,181.22
2025-06-29 17:20:49,83d54fc4-c48d-4634-8466-4c573771c924,Retail,Storage,2TB External HDD,1,93.67,93.67
2025-06-29 20:07:38,f7fcc4b7-cf20-457d-99e4-f61f63723b60,Web,Headsets,Noise-Cancelling Gaming Headset,2,98.2,196.4
2025-06-29 19:11:07,01596990-cb6a-4119-8865-4e51484626b5,B2B,Monitors,34-inch Ultrawide Curved Monitor,2,518.1,1036.2
2025-06-29 12:11:01,d3896118-a1ce-4f08-8941-8b5836f4cd25,Web,Mice,Wireless Bluetooth Mouse,2,35.3,70.6
2025-06-29 13:34:13,b9bc625b-329b-4d22-89ff-103f93ecc432,Web,Storage,512GB Portable SSD,2,48.99,97.98
2025-06-29 20:55:07,f6971840-785b-4e42-94fb-49f3015aab0a,B2B,Keyboards,RGB Backlit Keyboard,1,78.56,78.56
2025-06-29 15:37:39,39587a0f-a7dd-43e3-aad8-ff41ec244454,B2B,Monitors,27-inch 4K IPS Monitor,1,340.14,340.14
2025-06-29 11:32:44,3e5d1241-baea-4e79-a2b7-f6f3eac45e1b,B2B,Keyboards,Membrane Office Keyboard,1,27.89,27.89
2025-06-29 09:14:56,fd5aff03-e490-4947-a952-7ee05f5fbe6a,Retail,Headsets,Noise-Cancelling Gaming Headset,1,115.85,115.85
2025-06-30 15:12:55,c5792060-80be-4640-a44c-ce48ac1e849f,Retail,Keyboards,RGB Backlit Keyboard,1,74.37,74.37
2025-06-30 14:51:11,d54b2357-2f94-43cd-b2ae-c645a1f41a7a,B2B,Mice,Wireless Bluetooth Mouse,1,47.49,47.49
2025-06-30 20:10:59,ca068a1d-7487-493c-83a5-fea58ba9e180,B2B,Headsets,Noise-Cancelling Gaming Headset,2,120.19,240.38
2025-06-30 18:49:39,d12a3954-5120-4c8d-83ed-a55fe797caff,Retail,Keyboards,Wireless Ergonomic Keyboard,1,87.66,87.66
2025-06-30 16:48:27,138b3a8c-3f97-4cad-a096-263f63a55782,Web,Networking,USB Wi-Fi Adapter,2,26.59,53.18
2025-06-30 17:56:13,a1416f04-6ac0-4d7d-81e4-0be1e66a819c,B2B,Networking,Wireless Mesh Router System,1,183.63,183.63
2025-06-30 12:13:52,6dde54ec-0fb9-4ff1-aad3-d48fee5c729f,B2B,Headsets,Wireless Bluetooth Headphones,2,117.46,234.92
2025-06-30 14:40:07,e954b997-a9dc-4085-90e4-6e70d730f612,B2B,Networking,Wireless Mesh Router System,1,250.01,250.01
2025-06-30 11:25:29,b49cbda3-5217-4be6-b47a-719cfb656227,Retail,Keyboards,RGB Backlit Keyboard,1,62.9,62.9
2025-06-30 10:00:04,623d69ea-9002-445f-8a3e-83bd54e466cb,B2B,Keyboards,Membrane Office Keyboard,1,35.92,35.92
2025-06-30 20:38:09,ec92bed1-a3f5-427e-9972-c07c4a6c4161,B2B,Keyboards,RGB Backlit Keyboard,1,97.88,97.88
2025-06-30 20:14:22,2f73ecd1-976a-4170-864c-fa28ce4369dd,Retail,Networking,Gigabit Ethernet Switch,1,49.5,49.5
2025-06-30 16:20:45,75030c96-b4db-44f8-90cf-6f742b1ac4a9,B2B,Networking,USB Wi-Fi Adapter,1,27.84,27.84
2025-06-30 09:25:57,1b15ebea-d49a-41c2-8cdf-612be8172256,Retail,Headsets,Wireless Bluetooth Headphones,2,124.23,248.46
2025-07-01 19:52:17,6d70a4fc-a715-4ac5-a23c-d7cd1518a75c,Web,Mice,Optical Gaming Mouse,1,50.34,50.34
2025-07-01 16:58:32,913d4bce-0df1-4ed3-b774-7cbe52de24ce,Retail,Storage,1TB NVMe SSD,1,95.24,95.24
2025-07-01 17:41:15,6234c230-76bf-423c-91ee-58e00fa30f4a,Retail,Headsets,In-Ear Gaming Earbuds,1,28.59,28.59
2025-07-01 09:45:52,88d6944d-812c-48a5-9128-954c216a06e6,B2B,Storage,2TB External HDD,1,80.3,80.3
2025-07-01 15:34:24,02798478-f4a6-48de-ad0f-583b7a01e3b6,B2B,Storage,2TB External HDD,1,88.8,88.8
2025-07-01 12:19:39,85ad139a-b966-45f9-a363-136f347c1560,B2B,Headsets,USB Conference Headset,1,53.94,53.94
2025-07-01 11:21:20,092f1220-0eda-40c3-a46b-edfc7690847b,Retail,Mice,Optical Gaming Mouse,1,70.81,70.81
2025-07-01 13:56:08,5dbef49b-40da-4c1d-b2cf-7971103dfa95,B2B,Monitors,27-inch 4K IPS Monitor,1,353.68,353.68
2025-07-01 13:40:30,f86d65a0-ab83-4574-ad3a-6ef420b3cc78,B2B,Keyboards,Compact 60% Keyboard,1,48.99,48.99
2025-07-01 10:48:28,2affdee2-9d0d-44c8-85c2-7bf461edbb32,Retail,Headsets,In-Ear Gaming Earbuds,1,27.99,27.99
2025-07-01 17:00:35,b4e42434-3cf1-444d-97bc-2e3e1ed13397,Retail,Storage,512GB Portable SSD,2,69.65,139.3
2025-07-01 18:54:36,47a0b466-0476-4957-9c07-9bb8a2f61eaa,Retail,Mice,Wireless Bluetooth Mouse,2,47.44,94.88
2025-07-01 18:51:32,6a0f07ba-4e3e-4b4c-89ff-b3c1620a6495,Web,Storage,128GB USB Flash Drive,1,22.55,22.55
2025-07-01 19:21:13,74dd5b51-54d1-4546-8489-2fdbe37b0ce9,B2B,Mice,Trackball Mouse,1,67.68,67.68
2025-07-01 15:18:49,f1d98653-fe80-4848-aab3-da53e4897f98,Web,Monitors,27-inch 4K IPS Monitor,1,307.11,307.11
2025-07-01 11:42:40,2441d53e-2705-4f54-acdb-582f3f95f7d2,Retail,Headsets,USB Conference Headset,1,62.97,62.97
2025-07-01 14:10:07,76f065fe-848f-456b-bd44-ae8a330075ae,Web,Storage,128GB USB Flash Drive,2,16.1,32.2
2025-07-01 13:35:38,ebf8bcbc-2a56-4c99-ac37-813522185241,Web,Networking,Gigabit Ethernet Switch,1,52.57,52.57
2025-07-01 11:17:34,0f0af451-130c-4336-ae4f-3b6c6357cdc6,Retail,Storage,128GB USB Flash Drive,1,26.99,26.99
2025-07-01 18:35:12,caf849d5-10f6-417c-b7f7-10d51deeb733,Web,Storage,4TB Desktop HDD,2,120.13,240.26
2025-07-01 17:35:15,d4ccc70b-9d7a-4e62-9d4a-e95d68565570,B2B,Monitors,34-inch Ultrawide Curved Monitor,1,566.03,566.03
2025-07-01 10:35:22,9a7a904a-9039-41ee-aa39-63065ab02ca9,Web,Headsets,Noise-Cancelling Gaming Headset,2,94.28,188.56
2025-07-01 16:50:23,0ab10cbb-bf6c-46b6-92a0-ad7e8679c5f0,Web,Networking,Gigabit Ethernet Switch,2,58.81,117.62
2025-07-01 15:48:43,2942f876-3f9b-40df-a8b1-df4e16434d6a,B2B,Mice,Trackball Mouse,1,83.13,83.13
2025-07-02 17:42:54,e0d1a0bf-d6df-4375-98f3-d639c96cec21,Retail,Networking,Gigabit Ethernet Switch,1,54.45,54.45
2025-07-02 18:03:32,bb75a697-7a02-4188-b802-f5eeb3a9001c,B2B,Storage,2TB External HDD,1,72.99,72.99
2025-07-02 19:51:02,e13a25e0-6efa-402e-a665-9393867ae476,B2B,Keyboards,Mechanical Gaming Keyboard,1,128.27,128.27
2025-07-02 15:23:56,48aacf0e-6eda-49ab-b650-4cb01cf2c6a6,Web,Storage,1TB NVMe SSD,2,77.07,154.14
2025-07-02 11:38:38,0d002b18-9a80-46b8-8fe8-20bf44ceddb3,Retail,Networking,USB Wi-Fi Adapter,1,40.49,40.49
2025-07-02 19:21:27,51b14d57-2fd3-48fc-bc2f-d732642033c3,Retail,Headsets,In-Ear Gaming Earbuds,1,35.82,35.82
2025-07-02 09:24:09,b5cb1f3f-8981-49be-a23a-30770ae23576,Web,Storage,512GB Portable SSD,2,77.2,154.4
2025-07-02 18:38:27,751a684a-00e2-45c8-9b00-86f63f255855,Web,Storage,4TB Desktop HDD,2,140.59,281.18
2025-07-02 11:07:38,fab44661-ed2c-476c-a773-d05d909c7417,Web,Keyboards,Mechanical Gaming Keyboard,2,161.92,323.84
2025-07-02 19:41:42,516a6363-0bc5-4330-9206-c555aac6a28e,Web,Mice,Wireless Bluetooth Mouse,2,45.51,91.02
2025-07-02 13:43:50,211bab27-1487-4451-ad2d-30b7d1e8e12c,B2B,Mice,Wireless Bluetooth Mouse,2,36.02,72.04
2025-07-02 11:06:54,53e8f04a-e095-478a-a3c5-044f61a3cfd2,Web,Storage,128GB USB Flash Drive,1,18.34,18.34
2025-07-02 11:18:21,7f9a2b70-7a12-4192-865d-2b93406862f0,Web,Storage,1TB NVMe SSD,2,90.41,180.82
2025-07-02 18:03:00,ae896be1-ae98-42f8-9798-73f886b826a2,Retail,Storage,2TB External HDD,2,100.3,200.6
2025-07-02 20:49:30,afe04ed4-db2b-4e09-948c-6cd0726d9c35,B2B,Mice,Optical Gaming Mouse,2,70.94,141.88
2025-07-02 16:10:27,b8087f9f-a226-4890-b380-7363011d8aae,B2B,Storage,512GB Portable SSD,1,58.68,58.68
2025-07-02 20:43:20,29076925-ac44-4d34-b65a-4f326a03d9b9,Web,Headsets,In-Ear Gaming Earbuds,2,33.99,67.98
2025-07-02 19:19:10,e196b42d-b69b-48c0-baf7-6d0d29089cbd,Retail,Monitors,15.6-inch Portable USB-C Monitor,1,188.78,188.78
2025-07-02 10:32:20,5181b5dc-1dd5-443d-9b89-872cb95b2c48,B2B,Headsets,USB Conference Headset,1,47.13,47.13
2025-07-03 09:33:54,530bff85-d2f0-48b5-af28-234bc67644ba,Retail,Monitors,24-inch 144Hz Gaming Monitor,1,256.41,256.41
2025-07-03 13:17:30,dea48683-1298-4e86-95f0-a5c3becb384c,Retail,Mice,Optical Gaming Mouse,1,65.99,65.99
2025-07-03 11:19:28,3c29acf6-4985-4426-9422-ff093d9a2bec,B2B,Storage,4TB Desktop HDD,1,146.89,146.89
2025-07-03 16:07:22,04435217-d925-44c0-8604-a5c4cce79aef,B2B,Monitors,27-inch 4K IPS Monitor,1,418.59,418.59
2025-07-03 18:29:12,89ee7c32-8d00-4066-b46d-432906ac046c,B2B,Mice,Optical Gaming Mouse,2,47.66,95.32
2025-07-03 12:12:07,35bc0ac3-6924-4d46-92e9-034cfb2fa92c,Retail,Headsets,Surround Sound Headphones,2,141.8,283.6
2025-07-03 10:44:12,f620734c-e667-490e-a272-4572c3659123,B2B,Mice,Optical Gaming Mouse,1,69.69,69.69
2025-07-04 11:30:34,be52e7a2-61e9-41a7-b779-f2f1006c2a68,Web,Headsets,Wireless Bluetooth Headphones,1,90.99,90.99
2025-07-04 19:04:20,ddc72a6c-0041-446e-ac97-2a6d310ab17e,Retail,Keyboards,Membrane Office Keyboard,1,28.91,28.91
2025-07-04 15:20:53,dc3e4b4b-95d0-499b-899e-cdbab966251c,Retail,Monitors,32-inch 8K Professional Monitor,1,1030.05,1030.05
2025-07-04 17:03:06,b0f1cd5b-33be-4719-80bf-30edcf6efe94,Web,Headsets,USB Conference Headset,1,51.57,51.57
2025-07-04 19:30:12,1e9d8e2a-ac53-4bc5-9d4d-ab344ea87b23,Retail,Mice,Wireless Bluetooth Mouse,1,32.68,32.68
2025-07-04 11:37:51,854dbbf2-d8ce-48ab-9264-8000904be307,Web,Mice,Trackball Mouse,1,84.12,84.12
2025-07-04 15:08:37,d0b5a636-bc01-4ed1-9a53-d0de69d87aea,Retail,Monitors,27-inch 4K IPS Monitor,2,306.18,612.36
2025-07-05 17:38:35,25f46b29-3b35-4da7-a8fa-147e7e4b417f,Web,Mice,Vertical Ergonomic Mouse,1,51.85,51.85
2025-07-05 20:21:10,de350474-b400-444e-93ab-7905ee44d217,Web,Keyboards,RGB Backlit Keyboard,1,103.0,103.0
2025-07-05 15:42:33,7dd34017-e7e3-4842-adfc-18c1fea16f03,Retail,Mice,Wireless Bluetooth Mouse,2,36.81,73.62
2025-07-05 17:19:39,ef026811-daf3-430d-bd16-32ae385dd623,B2B,Storage,2TB External HDD,1,107.87,107.87
2025-07-05 14:28:10,4d0c2ef5-1519-4cf9-9524-27edb88a140c,Retail,Headsets,In-Ear Gaming Earbuds,1,44.8,44.8
2025-07-05 20:36:22,1aab0dbb-1876-491e-a599-887d199d0c1d,Web,Storage,2TB External HDD,1,73.15,73.15
2025-07-05 18:03:11,48eeb859-1fec-4340-81be-aca1ac35025c,Retail,Keyboards,Compact 60% Keyboard,1,57.89,57.89
2025-07-05 19:57:42,1a772a17-30ba-490f-a07d-f11851349c5a,Web,Storage,128GB USB Flash Drive,1,21.14,21.14
2025-07-05 17:12:40,45caa31b-4418-476d-bb5d-3597146f7c73,Retail,Monitors,34-inch Ultrawide Curved Monitor,2,349.99,699.98
2025-07-05 18:33:19,460f7443-ecae-4bd2-8a9e-951b2897a722,Retail,Networking,Gigabit Ethernet Switch,1,55.37,55.37
2025-07-05 10:50:17,bcc4637d-20d0-4bba-a8f8-f2afefb43ca4,Web,Storage,512GB Portable SSD,1,90.91,90.91
2025-07-05 17:06:05,09bcd9c1-ee37-4121-8bbc-b31232ffa172,Web,Keyboards,Membrane Office Keyboard,1,40.49,40.49
2025-07-05 12:33:32,c908ee2e-4559-4b43-a84d-5692560869df,Retail,Mice,Vertical Ergonomic Mouse,1,55.22,55.22
2025-07-05 16:53:34,8a3bf9c8-6676-4bdf-84b5-a190d0ad7357,Retail,Keyboards,Wireless Ergonomic Keyboard,1,94.43,94.43
2025-07-05 09:47:50,62ddd922-d105-40dd-8151-a3edc8a8e7c5,B2B,Monitors,34-inch Ultrawide Curved Monitor,1,585.85,585.85
2025-07-05 16:29:36,0fff72ef-8f10-40c3-84c4-aa8d11af9e49,Retail,Keyboards,Wireless Ergonomic Keyboard,2,71.27,142.54
2025-07-06 17:48:01,f3e57115-7056-4fa8-a83e-ed1680f2b2e6,Retail,Storage,2TB External HDD,2,92.02,184.04
2025-07-06 19:20:12,f4200af6-dc3d-4e22-8c62-d396d9cb1eef,Retail,Keyboards,Compact 60% Keyboard,2,69.81,139.62
2025-07-06 12:50:37,c5cd1059-e66e-4f38-82f7-6cd6d3bcde29,Web,Keyboards,Wireless Ergonomic Keyboard,1,83.88,83.88
2025-07-06 17:08:54,5ea84f4a-555b-444d-91a0-126134f8d237,Retail,Headsets,In-Ear Gaming Earbuds,1,36.3,36.3
2025-07-06 10:15:46,a547460a-8b84-4aaa-8eb7-854ee987c378,B2B,Headsets,Noise-Cancelling Gaming Headset,2,107.54,215.08
2025-07-06 17:20:52,e5974bed-f8e2-40c9-ba65-d1140ebc75e9,Web,Headsets,Surround Sound Headphones,1,138.78,138.78
2025-07-06 14:03:56,8386940e-6fa5-4d13-b3ad-2dfb682bcf92,Web,Keyboards,Compact 60% Keyboard,1,67.1,67.1
2025-07-06 12:25:04,00b95320-fddd-4667-84c2-c010b0517faa,B2B,Networking,Gigabit Ethernet Switch,1,43.33,43.33
2025-07-06 15:08:58,b6cb0454-7b93-4408-981f-60ac8f4df7c0,Web,Headsets,Noise-Cancelling Gaming Headset,1,117.63,117.63
2025-07-06 17:46:38,738144e0-1a89-4798-b150-33603ab76481,Web,Mice,Trackball Mouse,2,66.23,132.46
2025-07-06 19:21:34,4019f9f1-0bd8-44c8-ae87-059b14d987dc,Retail,Mice,Wireless Bluetooth Mouse,2,31.52,63.04
2025-07-06 13:28:42,647da617-7252-407a-b74e-14d3113a23e0,B2B,Mice,Optical Gaming Mouse,2,50.58,101.16
2025-07-06 18:11:22,881636a4-84f8-460d-aaa6-09549c816e27,Web,Mice,Vertical Ergonomic Mouse,2,57.46,114.92
2025-07-06 15:43:39,ba06ce25-22fb-46ec-bd06-24269e19b18a,Web,Keyboards,Mechanical Gaming Keyboard,1,144.35,144.35
2025-07-06 11:29:01,d4819fb4-d86a-4ea8-b42a-d412e9855870,B2B,Storage,128GB USB Flash Drive,1,17.59,17.59
2025-07-06 19:24:26,10ef4c82-9a49-4fb6-9260-5db9e2087ae0,Web,Keyboards,Mechanical Gaming Keyboard,1,115.51,115.51
2025-07-06 13:16:04,97616e4f-af57-4d3d-904b-f2b66c92aae6,B2B,Storage,128GB USB Flash Drive,2,19.47,38.94
2025-07-06 10:39:44,0ae224d1-0fb3-4c55-ad34-53b3da2d16ae,Retail,Headsets,Wireless Bluetooth Headphones,1,105.2,105.2
2025-07-06 19:58:19,a508aba6-1b82-49ad-9520-85130e0ba468,Retail,Headsets,Noise-Cancelling Gaming Headset,2,141.38,282.76
2025-07-06 14:07:02,dd8fd209-b141-4114-88a6-d9c71669a631,B2B,Keyboards,Membrane Office Keyboard,1,39.22,39.22
2025-07-06 09:16:09,5178076a-ca4c-44d3-8eec-74a6000770e6,Web,Headsets,USB Conference Headset,1,66.82,66.82
2025-07-06 17:55:06,a6f782e6-96f3-4e65-be1b-67639bf571a9,Retail,Mice,Optical Gaming Mouse,1,47.05,47.05
2025-07-06 18:20:50,f829ebf7-3f62-41d5-9588-848267b3e6d4,Web,Mice,Optical Gaming Mouse,1,57.62,57.62
2025-07-06 09:26:31,6ac38705-caa1-4712-a9e2-6cca0cc8dde9,B2B,Mice,Trackball Mouse,1,90.75,90.75
2025-07-06 20:58:00,882469a2-7e3e-4ef8-8988-83a402b1f538,Web,Headsets,In-Ear Gaming Earbuds,1,32.43,32.43
2025-07-06 13:39:32,38f13e96-2148-4d0c-88cd-dbfa161e1ff6,Retail,Headsets,Wireless Bluetooth Headphones,1,100.38,100.38
2025-07-06 20:15:53,4b5f9c99-728e-489c-98c2-bfd8d35dc793,Retail,Storage,128GB USB Flash Drive,1,16.27,16.27
2025-07-06 11:54:31,bbf758ab-bf72-479b-956b-569951895479,Retail,Keyboards,Compact 60% Keyboard,1,94.49,94.49
2025-07-06 17:35:07,4cf1764b-483f-43ae-84ea-165c1967998b,Retail,Storage,512GB Portable SSD,1,74.18,74.18
2025-07-07 12:35:30,a366dee3-9c99-4ad3-844f-280078fb4c42,B2B,Headsets,Wireless Bluetooth Headphones,1,86.32,86.32
2025-07-07 17:14:46,78280368-b152-4dc1-a349-baf6277b6fda,Retail,Mice,Optical Gaming Mouse,2,67.56,135.12
2025-07-07 12:45:00,4896b08c-7847-4f9d-8f9d-24e145c2008f,B2B,Monitors,27-inch 4K IPS Monitor,2,353.98,707.96
2025-07-07 14:12:32,d786490b-4d62-4e1b-a3e8-6cabcd07baee,Retail,Storage,128GB USB Flash Drive,1,21.48,21.48
2025-07-07 13:50:10,8dfce9d0-6d08-461a-af56-2626f7989c6e,Retail,Networking,Network Attached Storage (NAS),2,430.75,861.5
2025-07-07 11:55:55,70155c49-e16a-42db-a484-32b3a6855f3f,Web,Mice,Optical Gaming Mouse,1,53.11,53.11
2025-07-07 09:17:48,c66ce2b6-0839-4a1d-afd2-15fde3159a50,Web,Mice,Wireless Bluetooth Mouse,2,46.99,93.98
2025-07-07 20:37:53,165d25a8-fac1-4755-95cb-40ed32daeb9b,Web,Storage,1TB NVMe SSD,1,71.95,71.95
2025-07-07 17:41:04,5916701b-6469-4521-9c48-34134eac1cca,Retail,Keyboards,Wireless Ergonomic Keyboard,1,105.12,105.12
2025-07-07 13:06:40,d587de7c-9f82-43d2-a6f3-3537af9c253f,Web,Networking,Gigabit Ethernet Switch,1,39.22,39.22
2025-07-07 18:46:47,fd594fb3-bf29-417c-af26-a3e5b5698039,Web,Headsets,In-Ear Gaming Earbuds,1,37.85,37.85
2025-07-07 13:55:59,41271efe-4c0b-42eb-889b-b3ad938a091c,Web,Headsets,In-Ear Gaming Earbuds,2,27.99,55.98
2025-07-07 13:50:09,ccd32960-8211-4868-ba7c-3aacbdaefbb7,Web,Keyboards,Membrane Office Keyboard,1,40.49,40.49
2025-07-07 20:41:43,6469e9dd-5eb9-45ed-8be1-23b84bea629b,Retail,Mice,Optical Gaming Mouse,2,58.05,116.1
2025-07-07 13:24:33,c45dab0f-658f-4630-826c-9c3364ff9ae1,B2B,Headsets,Noise-Cancelling Gaming Headset,1,116.64,116.64
2025-07-07 09:30:00,cfeabf07-c477-4cf3-ac2b-6147bba8eb77,Retail,Keyboards,Compact 60% Keyboard,1,68.04,68.04
2025-07-07 11:49:02,b2c7de0a-f97c-465b-b0f0-c157236e8775,Retail,Keyboards,Mechanical Gaming Keyboard,1,125.81,125.81
2025-07-07 12:25:57,8dc44032-bb09-4742-a8d1-31820e0cb856,B2B,Storage,512GB Portable SSD,1,79.96,79.96
2025-07-08 16:30:38,79cbb0c3-7f1f-456e-be8a-1aaef080c20d,Web,Mice,Wireless Bluetooth Mouse,2,53.99,107.98
2025-07-08 14:51:36,386c363a-67da-490d-be13-839f8203ca37,Web,Networking,USB Wi-Fi Adapter,1,31.4,31.4
2025-07-08 12:48:49,0eb397a0-e548-4ea9-bba5-67d7671f34f4,Retail,Keyboards,Mechanical Gaming Keyboard,2,146.3,292.6
2025-07-08 10:06:13,4b0528cc-66ed-4325-871a-0494fea3eaee,Retail,Headsets,In-Ear Gaming Earbuds,1,39.65,39.65
2025-07-08 10:41:24,7d81fa32-2ac3-48c1-b6af-1cd7fa9d2617,Web,Headsets,USB Conference Headset,2,40.95,81.9
2025-07-08 13:20:55,646cce52-1076-44d2-991e-7e0fc8cf810d,Retail,Networking,Gigabit Ethernet Switch,1,59.63,59.63
2025-07-08 10:36:10,131b4098-48f6-48dc-a1a5-99fbe830a304,Web,Headsets,In-Ear Gaming Earbuds,1,27.99,27.99
2025-07-08 09:29:16,ca453320-9c8c-48a2-a084-00240d24f7d2,Retail,Mice,Wireless Bluetooth Mouse,2,46.13,92.26
2025-07-08 13:54:50,2968abd2-98b9-44ce-84fe-5d9ed392ca01,Web,Networking,USB Wi-Fi Adapter,2,20.99,41.98
2025-07-08 11:05:41,14bd69fe-fabd-4369-8394-3f306d167a78,Web,Mice,Trackball Mouse,2,62.84,125.68
2025-07-08 11:46:58,f2cd6318-4a1f-464d-b20e-0ad378e04a32,B2B,Networking,USB Wi-Fi Adapter,2,24.72,49.44
2025-07-08 13:19:47,40f2cf9b-7193-431d-a51d-336f431f28c5,Retail,Storage,128GB USB Flash Drive,1,25.92,25.92
2025-07-08 15:41:40,ea928953-5642-46c2-9154-7d2dc9668376,Web,Mice,Vertical Ergonomic Mouse,2,51.69,103.38
2025-07-08 15:05:41,65b675fe-7ae7-4f8e-8a6d-92da911170d5,Retail,Headsets,Wireless Bluetooth Headphones,1,134.99,134.99
2025-07-08 11:17:22,a80b6604-ee59-473c-8fd0-60edae5ec3fc,Retail,Storage,128GB USB Flash Drive,1,21.59,21.59
2025-07-08 15:02:08,9bc84680-f186-4de4-bb32-1d8e71a10a22,B2B,Keyboards,RGB Backlit Keyboard,1,70.21,70.21
2025-07-08 18:59:53,04eeedeb-29d7-492d-8fc4-a55f3280faed,Retail,Keyboards,RGB Backlit Keyboard,1,100.89,100.89
2025-07-08 15:48:44,c213e39d-08f7-4199-9fe4-fc488883187c,B2B,Mice,Wireless Bluetooth Mouse,1,39.65,39.65
2025-07-08 17:43:26,1fee381c-8f1d-4289-90c8-e70f7f2e0390,Retail,Keyboards,Compact 60% Keyboard,1,82.73,82.73
2025-07-08 09:58:00,5ba2ee33-36dc-4206-84dc-b7622c6886f2,Retail,Headsets,USB Conference Headset,1,49.46,49.46
2025-07-08 12:28:52,765f0913-d1ec-488d-9f21-32825654fa51,Web,Monitors,24-inch 144Hz Gaming Monitor,1,267.77,267.77
2025-07-09 11:05:27,4a25e001-083c-454d-a226-e855ddfd8807,Web,Mice,Wireless Bluetooth Mouse,1,41.64,41.64
2025-07-09 12:25:38,53c7b7c6-fd1f-4cee-b760-5845721e2974,B2B,Networking,USB Wi-Fi Adapter,2,20.99,41.98
2025-07-09 12:50:20,ba422a44-897b-49ab-b245-0093a9cd2b46,Retail,Networking,Powerline Ethernet Adapter,1,50.48,50.48
2025-07-09 09:32:10,7584e9da-212f-4cf9-9fb0-49b98928a8e3,B2B,Keyboards,RGB Backlit Keyboard,1,79.5,79.5
2025-07-09 15:20:17,47776485-6be9-45d6-981c-584950b0e691,Web,Headsets,Noise-Cancelling Gaming Headset,1,126.62,126.62
2025-07-09 11:12:47,5d3ef98a-8426-48da-9c2b-e53215aad3cd,B2B,Storage,1TB NVMe SSD,1,90.33,90.33
2025-07-09 09:22:57,5b0feb9f-9b18-46e4-9be7-5b6105589810,Web,Mice,Vertical Ergonomic Mouse,2,59.99,119.98
2025-07-09 15:15:50,f8d2f63a-616c-4513-a158-3d3cd09dfee3,B2B,Mice,Wireless Bluetooth Mouse,1,41.29,41.29
2025-07-09 18:07:39,4c134826-e399-4485-8e07-5bfaba8128fa,B2B,Keyboards,Mechanical Gaming Keyboard,1,132.2,132.2
2025-07-09 10:07:16,205ba2a3-1e59-4a48-8258-cfb95f05118f,Web,Keyboards,RGB Backlit Keyboard,2,67.12,134.24
2025-07-09 10:24:36,3533f7eb-9d1c-4023-83e8-b777467b5a16,B2B,Storage,2TB External HDD,2,76.82,153.64
2025-07-10 20:39:02,7e8bfac4-04b6-4fd1-9308-83f5f881ad6b,B2B,Mice,Precision Laser Mouse,1,48.99,48.99
2025-07-10 10:54:55,abbdbff9-94a1-47f7-a29d-880ee038f8c4,Retail,Networking,Gigabit Ethernet Switch,1,44.82,44.82
2025-07-10 13:24:15,2c7fafb2-c23a-4533-af20-18ccfed163e0,Web,Keyboards,Mechanical Gaming Keyboard,1,146.17,146.17
2025-07-10 17:17:43,e0f76b89-ec0d-486d-b5e4-45a7e33dbb17,Retail,Mice,Optical Gaming Mouse,3,41.99,125.97
2025-07-10 12:28:05,00a1bdca-3821-4ec3-b5cf-c028ce16ef10,B2B,Networking,Gigabit Ethernet Switch,1,43.86,43.86
2025-07-10 17:41:23,b61f88d1-82f4-464f-85ed-d54f75ffeb1a,Retail,Storage,1TB NVMe SSD,1,110.08,110.08
2025-07-10 13:09:01,25b5ce8d-ee2e-4cac-b8ef-290425a1836f,Retail,Keyboards,Membrane Office Keyboard,1,29.03,29.03
2025-07-10 12:20:48,56f2b692-23fa-4af2-91a4-24f94c9c4808,Retail,Mice,Optical Gaming Mouse,1,56.75,56.75
2025-07-10 15:36:38,c5a1860c-1d60-457e-b3a6-49d442f2a35b,Retail,Monitors,27-inch 4K IPS Monitor,1,315.92,315.92
2025-07-10 15:28:09,dd528d17-f790-4700-9eb3-0e4a2afa41ba,Web,Storage,1TB NVMe SSD,2,62.99,125.98
2025-07-10 19:46:01,cfedf2be-1965-4e2a-a44a-bda24b749a71,B2B,Storage,128GB USB Flash Drive,1,19.13,19.13
2025-07-10 11:41:14,a8a2d229-b9bd-41d9-b1e9-bf0b247164fb,B2B,Headsets,USB Conference Headset,1,45.73,45.73
2025-07-10 13:00:09,337f3a29-db24-44ff-a4ce-779d1b5ed561,Retail,Networking,USB Wi-Fi Adapter,2,23.05,46.1
2025-07-10 10:31:16,9de09867-400e-47ab-a25e-f7786c22b35b,Web,Storage,1TB NVMe SSD,1,86.58,86.58
2025-07-10 14:40:12,4974f56f-a53c-43b0-a2ae-feb41639c7eb,Web,Headsets,Noise-Cancelling Gaming Headset,1,130.3,130.3
2025-07-10 09:00:18,25262a63-448c-4cd6-b287-27dca1d130aa,B2B,Keyboards,RGB Backlit Keyboard,2,107.99,215.98
2025-07-10 17:08:35,b74a9d41-1000-4bec-979a-3dea2c7bfbc4,Web,Storage,1TB NVMe SSD,1,109.53,109.53
2025-07-10 19:20:22,dd996801-788e-40a8-b9c8-4d7b2eea5ca5,Retail,Headsets,In-Ear Gaming Earbuds,1,36.26,36.26
2025-07-10 15:07:56,6da95749-141e-4f06-a233-29fe04adb696,Retail,Keyboards,Mechanical Gaming Keyboard,1,132.26,132.26
2025-07-10 15:01:03,5825ab29-6bc9-445f-8612-547ebcdfdab3,B2B,Keyboards,Wireless Ergonomic Keyboard,2,99.22,198.44
2025-07-11 19:27:04,ede17fd0-2925-436e-a11c-0e75a20be8fe,Web,Mice,Vertical Ergonomic Mouse,2,47.05,94.1
2025-07-11 17:45:23,e7ccf19b-3bed-4501-8377-b2be9641f84d,B2B,Keyboards,Mechanical Gaming Keyboard,1,130.09,130.09
2025-07-11 20:58:48,3e2b5a5c-ffee-403d-97b6-6f8c4409fbf6,Retail,Mice,Optical Gaming Mouse,1,52.86,52.86
2025-07-11 13:41:11,78b6ee6e-b91b-4452-9a03-f6e4024811e9,Retail,Networking,Wireless Mesh Router System,1,263.81,263.81
2025-07-11 15:52:01,deaa1ed4-be02-40f6-83a6-c49350436d8e,Web,Keyboards,RGB Backlit Keyboard,1,93.9,93.9
2025-07-11 09:23:31,34d94b79-27ca-4f25-81b0-2bd99a0bfb67,B2B,Storage,1TB NVMe SSD,1,79.47,79.47
2025-07-11 13:15:22,6670d1c0-f11c-432f-bc91-81b63ef76a0d,Retail,Headsets,In-Ear Gaming Earbuds,2,52.59,105.18
2025-07-11 15:34:10,ea4fe3ca-231f-4dc8-a02d-e6b7f916ff65,Retail,Keyboards,Membrane Office Keyboard,1,29.98,29.98
2025-07-11 16:42:11,e910b8cb-6b18-45e9-b6f9-ad1ea23a85b3,Web,Mice,Trackball Mouse,1,73.76,73.76
2025-07-11 20:51:24,507ec49c-d00f-4bdb-be0b-439b4640c599,B2B,Networking,USB Wi-Fi Adapter,1,40.49,40.49
2025-07-11 13:04:59,a9996815-b03c-40d8-ae69-2bc822afa42e,Retail,Monitors,34-inch Ultrawide Curved Monitor,2,453.88,907.76
2025-07-11 15:54:34,d100bf1f-2859-4c42-9cf4-983410e7883b,Retail,Headsets,Wireless Bluetooth Headphones,1,95.45,95.45
2025-07-11 10:42:10,d1623246-1e1f-47ef-9552-d42a0635f6a6,B2B,Monitors,27-inch 4K IPS Monitor,1,414.81,414.81
2025-07-11 09:02:26,344334e7-c13d-41bc-bf81-5074fe047f47,Web,Networking,Network Attached Storage (NAS),1,366.03,366.03
2025-07-11 13:09:08,293bf9e7-db55-43f0-87f2-01c7f038b224,Retail,Mice,Optical Gaming Mouse,1,72.19,72.19
2025-07-11 13:46:26,ec76865b-d901-401f-95de-3a430dc56486,Retail,Storage,4TB Desktop HDD,1,130.56,130.56
2025-07-12 09:25:42,cb9b7c39-173a-4446-9971-d3f3c7f5e8ac,Retail,Storage,1TB NVMe SSD,2,105.92,211.84
2025-07-12 18:31:49,7b41be22-b8d2-46f4-a48d-92f45abe35bf,B2B,Keyboards,Membrane Office Keyboard,2,35.22,70.44
2025-07-12 11:29:15,7f747447-c718-4e7b-9c5b-877da31363b2,B2B,Keyboards,Mechanical Gaming Keyboard,1,125.24,125.24
2025-07-12 18:50:18,31dc437f-a959-41d8-9ab2-c9e5d3eebb64,B2B,Headsets,USB Conference Headset,1,56.79,56.79
2025-07-12 20:04:33,1ef87c29-8580-4ae4-9af0-fcff00e12a4c,B2B,Headsets,Surround Sound Headphones,1,97.99,97.99
2025-07-12 15:16:55,e9fe3237-9898-4ee8-9a15-896d5bf6307e,Retail,Storage,512GB Portable SSD,1,61.31,61.31
2025-07-12 09:11:05,23cec3a9-65c9-4441-94d0-e668a09a582c,Retail,Keyboards,Membrane Office Keyboard,1,27.75,27.75
2025-07-12 20:11:15,ce215558-2ac5-407a-a0b6-de6bda824057,Web,Storage,4TB Desktop HDD,2,106.53,213.06
2025-07-12 18:47:33,eb9ba9e0-a025-4113-9ffe-94452f08d5c6,Web,Headsets,Noise-Cancelling Gaming Headset,1,143.5,143.5
2025-07-12 17:24:03,0cc625e5-2a3a-41c5-b937-1ab6f34cc6aa,Web,Networking,Powerline Ethernet Adapter,2,71.45,142.9
2025-07-13 10:48:44,f95d1440-de32-40e5-aca1-19c7578e2fdf,Web,Headsets,USB Conference Headset,1,37.67,37.67
2025-07-13 16:48:41,0fe55c68-87e0-46a6-8ce5-cb449f63a6fe,Web,Headsets,In-Ear Gaming Earbuds,1,47.79,47.79
2025-07-13 15:56:59,4a2a79e5-7ee4-4c62-bcc2-05e4252ca477,Retail,Keyboards,Membrane Office Keyboard,1,34.31,34.31
2025-07-13 18:48:03,0c4ac766-f8c1-4c55-abe7-d006769fdf2a,Retail,Storage,1TB NVMe SSD,2,102.02,204.04
2025-07-13 17:21:55,48f4f53e-b60a-4fd3-80b9-f4368f373e1e,Web,Mice,Precision Laser Mouse,2,55.9,111.8
2025-07-13 16:21:14,aaf3e7fe-e689-43d8-ba6b-ca25cc1ace93,Web,Mice,Vertical Ergonomic Mouse,2,59.03,118.06
2025-07-13 19:55:53,7ad12d39-359f-42d0-8a52-d3f532410858,B2B,Headsets,Wireless Bluetooth Headphones,2,91.03,182.06
2025-07-13 11:49:29,edb80d79-442b-42cb-80e4-03edcc440f50,Web,Monitors,27-inch 4K IPS Monitor,1,244.99,244.99
2025-07-13 10:27:01,81ae5697-0ca5-4129-a86d-8b1a2f4c3046,B2B,Headsets,In-Ear Gaming Earbuds,2,43.37,86.74
2025-07-13 18:30:53,4b278e97-84cd-4546-a75b-323c816287d1,Web,Keyboards,Membrane Office Keyboard,1,34.82,34.82
2025-07-13 15:16:30,5d153408-f141-4d41-98d6-abe632991ddc,Web,Headsets,USB Conference Headset,1,42.65,42.65
2025-07-13 16:21:53,160f380c-4d4b-42de-a438-5e3d21670cd8,Retail,Mice,Optical Gaming Mouse,1,76.97,76.97
2025-07-13 11:51:18,99e611c2-5b9c-46ad-9553-764e2c397529,B2B,Headsets,In-Ear Gaming Earbuds,1,49.33,49.33
2025-07-13 17:23:50,9cb6e1de-e8ee-4c36-9c98-7d82e6d93099,B2B,Mice,Vertical Ergonomic Mouse,2,49.29,98.58
2025-07-13 12:51:49,7c90a4e3-4d7e-4577-b848-9b3d1fc879c9,Retail,Keyboards,Compact 60% Keyboard,1,90.1,90.1
2025-07-13 11:52:07,e81fe82b-a267-4606-96ff-346706a866dd,Web,Mice,Trackball Mouse,1,74.24,74.24
2025-07-13 14:54:29,c7579e65-bbff-4a17-9d3a-82f19b6413ee,B2B,Mice,Optical Gaming Mouse,1,51.42,51.42
2025-07-13 16:43:43,f7c4021e-280f-4134-a45b-454e771ff981,Retail,Mice,Vertical Ergonomic Mouse,1,34.99,34.99
2025-07-13 14:44:47,c124fb03-f1d5-4a99-bfb6-53a249076d66,Web,Networking,USB Wi-Fi Adapter,2,21.95,43.9
2025-07-13 09:47:07,65a24d78-bfd3-40d3-8684-06505483c659,Retail,Storage,128GB USB Flash Drive,1,26.99,26.99
2025-07-13 12:12:23,95298677-d0e2-4699-adb4-3d0db3156fd5,B2B,Keyboards,Mechanical Gaming Keyboard,1,130.94,130.94
2025-07-13 13:57:50,04723dc7-5dc8-4a12-8d02-e1eb884a6bfd,Web,Keyboards,Membrane Office Keyboard,1,27.63,27.63
2025-07-13 12:36:08,eedc105e-4f05-4d99-b578-c349d2f907bf,Retail,Mice,Wireless Bluetooth Mouse,1,29.52,29.52
2025-07-13 09:19:58,1cd9e734-9bca-451b-9494-5ad7e5bc4ac7,Retail,Keyboards,RGB Backlit Keyboard,1,86.69,86.69
2025-07-13 14:54:14,5b1e53e6-21b6-413f-8f46-d1374a70d707,Web,Keyboards,Mechanical Gaming Keyboard,1,104.38,104.38
2025-07-13 10:24:30,cd00f910-4e8c-4ae6-8c40-dd4f7a484d54,B2B,Storage,1TB NVMe SSD,1,83.98,83.98
2025-07-14 14:01:52,97fefcdf-ebdf-44e1-b4dc-7e4c17ea09c7,Retail,Keyboards,RGB Backlit Keyboard,1,64.96,64.96
2025-07-14 11:31:32,a6c23341-b6c9-48c7-8c1a-ed0df983e230,B2B,Storage,128GB USB Flash Drive,1,23.26,23.26
2025-07-14 10:20:30,5b2c53da-099f-42bf-ac4c-ce795043fc2f,Retail,Mice,Optical Gaming Mouse,2,63.56,127.12
2025-07-14 10:57:28,9606e5d6-6c3e-4543-bd75-7842d3e44d2b,Retail,Networking,Gigabit Ethernet Switch,1,45.9,45.9
2025-07-14 11:14:37,ef46712f-78df-47ec-9e09-f37cdf9ffb00,B2B,Mice,Precision Laser Mouse,2,65.48,130.96
2025-07-14 19:02:48,bf0e9202-29b4-4999-b612-752484d90dda,B2B,Monitors,15.6-inch Portable USB-C Monitor,1,193.23,193.23
2025-07-14 12:46:24,9ec9349e-6fa7-4a90-acfa-94c0b3e83d59,Retail,Keyboards,Mechanical Gaming Keyboard,1,107.45,107.45
2025-07-14 14:49:17,02a00c47-70d8-4243-9ca8-cd8b01479071,Retail,Headsets,Noise-Cancelling Gaming Headset,1,131.67,131.67
2025-07-14 09:22:04,be2a175f-363d-4c9a-9b3c-75bafd3edb47,Web,Headsets,Wireless Bluetooth Headphones,1,116.36,116.36
2025-07-14 10:23:24,e9c93851-9783-40cb-8321-fe118437a165,B2B,Storage,128GB USB Flash Drive,1,21.76,21.76
2025-07-14 12:30:42,bd4b3e18-2204-458a-a47d-e48eb3dcf8d7,Web,Storage,1TB NVMe SSD,2,108.26,216.52
2025-07-14 11:56:28,ec825da3-41d5-42e6-b03f-7c8ef5fd25d8,Web,Mice,Wireless Bluetooth Mouse,1,38.68,38.68
2025-07-14 14:45:29,c5b6fd6e-8584-4f09-a6b7-fed3d63149ad,Retail,Monitors,15.6-inch Portable USB-C Monitor,1,155.09,155.09
2025-07-14 15:43:33,ab61e442-205f-4302-b32d-5f0facc871fe,Web,Mice,Trackball Mouse,1,75.85,75.85
2025-07-14 17:53:19,800a9dec-4aab-4ca8-b808-bbf865f7519a,Retail,Networking,Powerline Ethernet Adapter,1,59.98,59.98
2025-07-14 19:57:24,2ea0e999-0c84-4add-9406-ef862d25a68f,Web,Monitors,15.6-inch Portable USB-C Monitor,1,184.3,184.3
2025-07-14 10:55:53,058718aa-bbd2-4629-80a5-23d956073445,Retail,Storage,1TB NVMe SSD,2,104.98,209.96
2025-07-15 16:38:03,86075963-177a-4ffd-8863-0ff6b3bf4847,B2B,Headsets,Noise-Cancelling Gaming Headset,1,126.35,126.35
2025-07-15 17:25:37,00c608c2-adbd-4463-87bb-b60fd202b7e1,Web,Monitors,15.6-inch Portable USB-C Monitor,1,145.39,145.39
2025-07-15 14:49:23,90e3099b-e553-4d82-990d-6f2faeace007,Retail,Storage,512GB Portable SSD,2,58.95,117.9
2025-07-15 18:49:09,0fdcf7c5-2a7d-46bb-a6bd-b51d9c104ad6,B2B,Headsets,Wireless Bluetooth Headphones,1,69.99,69.99
2025-07-15 10:57:20,532b743d-6732-455e-8bca-c26892afc43b,Retail,Monitors,27-inch 4K IPS Monitor,1,349.62,349.62
2025-07-15 12:43:41,5c6f00e0-c30f-4308-a7fd-6a4956f21bd5,Retail,Storage,2TB External HDD,1,81.59,81.59
2025-07-15 17:38:56,569a1847-bcf6-47a0-93de-1e5f01692b16,B2B,Headsets,Wireless Bluetooth Headphones,1,99.52,99.52
2025-07-15 10:37:45,199d2114-598a-4b9f-b2d4-831002bc124e,Web,Storage,4TB Desktop HDD,1,141.4,141.4
2025-07-15 11:54:11,b5fa9d5a-6c90-4616-8208-aae30e64f1b7,Retail,Headsets,Wireless Bluetooth Headphones,1,116.55,116.55
2025-07-15 11:03:45,39f16ed2-a9ae-4616-b5b2-ece63bd50235,B2B,Keyboards,Membrane Office Keyboard,2,35.89,71.78
2025-07-15 10:06:48,6382b5fc-b760-4cec-8479-80c86c8410d8,Retail,Keyboards,Wireless Ergonomic Keyboard,1,81.89,81.89
2025-07-15 18:07:31,f435607a-1c74-4853-967b-91b42f28caba,Web,Keyboards,RGB Backlit Keyboard,2,70.55,141.1
2025-07-15 13:10:39,68f81b6e-949c-4c48-8499-de8c37b33258,Retail,Networking,Wireless Mesh Router System,1,242.75,242.75
2025-07-16 14:11:06,8ef3d6de-f12e-4ace-8762-6740866a33e4,B2B,Storage,128GB USB Flash Drive,2,25.03,50.06
2025-07-16 11:11:01,4cd43435-e00b-4598-8708-7131213a04f2,B2B,Networking,Gigabit Ethernet Switch,1,62.57,62.57
2025-07-16 17:00:06,aa8f7cf6-dbef-4e18-9edc-9a37d8a2b6ee,Retail,Networking,Powerline Ethernet Adapter,2,56.22,112.44
2025-07-16 15:17:31,a295013a-a8ef-4c1e-8135-871c0c8d8672,Web,Storage,128GB USB Flash Drive,2,24.02,48.04
2025-07-16 09:58:13,46850fbf-efe4-466d-b7fb-174d0d872dd3,Web,Storage,128GB USB Flash Drive,1,21.93,21.93
2025-07-16 09:56:21,c3087373-6baa-44b8-a7dc-ebf225dde250,Web,Storage,1TB NVMe SSD,2,101.34,202.68
2025-07-16 11:16:58,25bc0196-17e6-4541-80ce-346658d87422,B2B,Mice,Wireless Bluetooth Mouse,2,53.92,107.84
2025-07-16 16:10:36,9433f9bd-94ca-4300-8780-9d7979f621f9,Retail,Mice,Wireless Bluetooth Mouse,1,30.61,30.61
2025-07-16 18:02:47,0da3796d-192d-4e6e-9e3e-e12123f4b348,Retail,Mice,Trackball Mouse,2,74.91,149.82
2025-07-16 14:39:46,0faa8d4c-53fe-4860-b6f4-94180b531f02,B2B,Monitors,34-inch Ultrawide Curved Monitor,1,482.23,482.23
2025-07-16 18:14:08,4b4c6c84-29e1-4fdd-8c60-d7e2e45a68fc,Web,Headsets,Wireless Bluetooth Headphones,1,89.98,89.98
2025-07-16 16:11:34,bc73925c-851c-4a16-9017-90e77c3c61fc,Web,Storage,4TB Desktop HDD,1,105.91,105.91
2025-07-16 09:19:49,e3096177-e9b6-4592-b4f7-1059682be3b3,Retail,Headsets,In-Ear Gaming Earbuds,2,44.19,88.38
2025-07-16 15:45:26,cc5baf7f-55e2-4581-be01-53965ade1ffe,B2B,Headsets,Wireless Bluetooth Headphones,1,114.13,114.13
2025-07-16 17:41:19,50fafcea-153f-47b7-98e2-8da5fc72edf8,Web,Mice,Vertical Ergonomic Mouse,1,64.05,64.05
2025-07-16 20:40:37,1374b6cd-a0fd-46ee-9569-7572beb2a701,Retail,Mice,Precision Laser Mouse,1,60.25,60.25
2025-07-16 09:26:47,7f464d24-84af-45dc-a6ad-92c19e97107b,Retail,Headsets,USB Conference Headset,1,48.05,48.05
2025-07-16 09:10:02,8dda0a56-3d9f-4534-b543-0a486a418412,B2B,Headsets,In-Ear Gaming Earbuds,1,53.99,53.99
2025-07-16 11:38:02,b2bdd49c-615a-4740-9c84-6272989e1d80,Web,Keyboards,Membrane Office Keyboard,1,37.65,37.65
2025-07-16 13:56:52,6132f1fb-bfb8-4095-8a4c-3db4a4fd4176,Web,Mice,Optical Gaming Mouse,2,71.35,142.7
2025-07-17 10:02:09,4d11b921-70c2-4c3d-b148-66e412f233c6,B2B,Storage,128GB USB Flash Drive,1,21.93,21.93
2025-07-17 20:14:21,c0b68b3b-4c81-448d-a103-66996d8d1591,B2B,Mice,Wireless Bluetooth Mouse,2,39.34,78.68
2025-07-17 15:37:32,ac85cb9c-658f-4593-bd55-3cce5f17c061,B2B,Storage,128GB USB Flash Drive,2,15.21,30.42
2025-07-17 12:12:56,8c8e7843-b2ac-463f-a057-9d69988dee6c,Web,Keyboards,Membrane Office Keyboard,1,24.11,24.11
2025-07-17 11:37:27,1255f764-a86a-49f1-80d2-a9cbb755c9e0,B2B,Keyboards,Compact 60% Keyboard,2,54.89,109.78
2025-07-17 19:14:07,2e519e0c-dde2-494d-a4b7-58970a5f5ec4,Retail,Keyboards,Compact 60% Keyboard,1,63.53,63.53
2025-07-17 10:10:56,0c01da68-3760-413a-b0a6-2aa0c1098614,Retail,Monitors,27-inch 4K IPS Monitor,1,350.5,350.5
2025-07-17 18:38:39,1f50d00e-d8a8-4700-a4cd-a18be9f0b7aa,Web,Keyboards,Compact 60% Keyboard,2,60.0,120.0
2025-07-17 12:31:25,33cd59a8-14bc-42b8-b888-2d352d73b423,Retail,Keyboards,Membrane Office Keyboard,1,26.56,26.56
2025-07-17 10:58:00,7341ab99-d607-4db5-a706-738610ed8d09,B2B,Mice,Precision Laser Mouse,1,64.91,64.91
2025-07-17 10:36:13,c716bf49-ca21-46b9-b8ee-8c4d0d4b22d3,Retail,Networking,Gigabit Ethernet Switch,1,53.84,53.84
2025-07-17 11:25:28,fb1ef380-76af-49a6-af4f-fa4f6d49de7b,Web,Keyboards,Wireless Ergonomic Keyboard,2,74.74,149.48
2025-07-17 14:14:46,497fccba-ac9a-4f4c-9332-d26b4b4cc1ea,Retail,Mice,Trackball Mouse,1,72.56,72.56
2025-07-17 17:40:58,c0865bf4-9736-4b2b-93fa-64ccfc7540b6,Retail,Mice,Trackball Mouse,2,96.18,192.36
2025-07-17 20:01:56,d66a3211-7e59-4051-b4db-fb85707294af,Web,Monitors,34-inch Ultrawide Curved Monitor,1,501.9,501.9
2025-07-17 18:37:10,6a258192-87d5-4bfd-a622-ba3188a5359d,B2B,Monitors,24-inch 144Hz Gaming Monitor,2,210.78,421.56
2025-07-17 14:55:08,5eda2dae-b907-44cf-a483-b0925136e4eb,Web,Mice,Wireless Bluetooth Mouse,2,36.48,72.96
2025-07-17 14:22:00,0b33b5da-51a8-4432-8f8b-441e7aad5312,Retail,Mice,Wireless Bluetooth Mouse,2,44.59,89.18
2025-07-17 10:37:40,cbf6e247-b8fd-47cf-8d6d-e8f47e45cad4,Web,Keyboards,RGB Backlit Keyboard,1,98.58,98.58
2025-07-18 20:47:16,9e0b64d5-1718-4c12-9f63-08b2ffcc3e9a,Web,Storage,4TB Desktop HDD,1,123.17,123.17
2025-07-18 19:51:43,bf62946b-5714-4f65-b7b8-78537b04f82d,B2B,Mice,Wireless Bluetooth Mouse,1,53.99,53.99
2025-07-18 20:59:00,51f2a4b6-ec86-44ab-97b8-1502f699b29a,B2B,Mice,Wireless Bluetooth Mouse,2,32.15,64.3
2025-07-18 18:12:13,c40625cd-fa9d-43c2-8cfe-4fb877188f54,Web,Networking,Wireless Mesh Router System,1,252.24,252.24
2025-07-18 17:27:22,0d675a52-6d8a-43c9-9103-05bdd77632c1,B2B,Keyboards,RGB Backlit Keyboard,1,85.65,85.65
2025-07-18 17:42:18,3710709b-cf41-4669-acaf-a9dba0d5a247,Retail,Networking,USB Wi-Fi Adapter,2,35.81,71.62
2025-07-18 17:21:40,e94fd962-a201-4d68-83fa-9e683cd76c48,Retail,Headsets,USB Conference Headset,1,35.21,35.21
2025-07-18 17:10:49,fb5d5c92-c1e5-4c6c-8a61-fcb42262d814,Retail,Mice,Wireless Bluetooth Mouse,1,37.13,37.13
2025-07-18 15:50:11,84a28fc8-57d3-493c-86db-8003b69b9502,B2B,Keyboards,Mechanical Gaming Keyboard,1,108.14,108.14
2025-07-18 11:23:19,f0cb95f9-a021-4ae2-a5eb-65489a90e418,B2B,Networking,Gigabit Ethernet Switch,1,51.62,51.62
2025-07-18 20:23:05,7d718dd7-7dbc-4643-9122-7e2b8b45c5f6,Retail,Storage,512GB Portable SSD,2,74.51,149.02
2025-07-18 10:34:11,a2de9a34-f62c-4975-a8e7-873c310a6285,B2B,Mice,Vertical Ergonomic Mouse,1,56.78,56.78
2025-07-18 13:28:11,d1d2fdff-8cfb-45e1-a8d6-f6edd6248b27,Web,Headsets,In-Ear Gaming Earbuds,1,39.94,39.94
2025-07-18 09:05:54,fc8b1a91-1960-4c6f-a176-ae90312d9fce,Web,Networking,USB Wi-Fi Adapter,2,33.77,67.54
2025-07-18 13:05:18,e2b6434e-f370-4f12-b62d-a5dfdad144c1,Web,Headsets,In-Ear Gaming Earbuds,1,42.25,42.25
2025-07-18 19:26:25,bd4de857-06f7-4db3-b847-2231a1e816d1,B2B,Keyboards,Membrane Office Keyboard,1,23.36,23.36
2025-07-18 11:26:25,d7d45dcb-880a-45d2-9140-f70f58a3ca27,Retail,Keyboards,Mechanical Gaming Keyboard,1,148.7,148.7
2025-07-18 15:12:11,049c39fe-0f10-4c6c-86d0-285c3ba2b368,Retail,Keyboards,Wireless Ergonomic Keyboard,1,95.13,95.13
2025-07-18 09:45:14,69ce7011-e658-4e21-bd94-ca36aa6df943,Web,Monitors,34-inch Ultrawide Curved Monitor,1,548.59,548.59
2025-07-19 10:37:14,d032bfc2-1ecf-4f56-9d0b-8e4deee8da97,Web,Mice,Precision Laser Mouse,1,84.58,84.58
2025-07-19 16:31:42,f57a5271-0b10-4e73-95b2-65a34128d478,Retail,Keyboards,Mechanical Gaming Keyboard,1,132.44,132.44
2025-07-19 10:59:43,5ffe44dd-52ed-4612-b090-f16af5e392ab,Web,Storage,2TB External HDD,1,86.68,86.68
2025-07-19 20:33:45,a20d5fdb-6868-4fbe-aa2c-424a195c4a30,Web,Networking,USB Wi-Fi Adapter,2,33.54,67.08
2025-07-19 14:14:29,7fe34c61-e655-4a50-bb06-a81267e73718,Retail,Keyboards,Membrane Office Keyboard,1,25.04,25.04
2025-07-19 11:54:14,da01f1f4-5a2d-4e5e-80ec-c6682f18cba7,Web,Monitors,15.6-inch Portable USB-C Monitor,2,190.75,381.5
2025-07-19 12:50:26,9bdac3c7-a8da-4ab0-af5c-e33231bd04ac,B2B,Keyboards,RGB Backlit Keyboard,1,73.95,73.95
2025-07-19 10:27:19,7fd8786e-86d4-4f2c-b2f3-c1fb246506cf,Web,Keyboards,Compact 60% Keyboard,1,64.51,64.51
2025-07-19 15:22:17,946ed16c-e4dc-499f-8971-250a7a368d1f,Retail,Networking,Gigabit Ethernet Switch,2,49.91,99.82
2025-07-19 16:30:42,4f457a9b-6d8b-4d5f-ab23-3762cbcb797d,B2B,Networking,Gigabit Ethernet Switch,1,38.89,38.89
2025-07-19 15:57:58,5fb1573b-aa26-4e69-8738-e70208a96846,Retail,Storage,2TB External HDD,1,79.93,79.93
2025-07-19 18:02:52,66ef5a18-d813-4e36-8346-1d2a48386f56,Retail,Mice,Wireless Bluetooth Mouse,1,46.64,46.64
2025-07-19 14:06:32,8418b382-2a6a-45c7-b922-97fc591d441f,Web,Headsets,In-Ear Gaming Earbuds,1,44.19,44.19
2025-07-19 18:36:12,40974979-fedf-4ae1-a7d6-a4d4826c513e,B2B,Keyboards,Membrane Office Keyboard,2,24.98,49.96
2025-07-19 11:18:35,0222b619-e798-4332-98dd-5ac3dbecfe7b,Retail,Mice,Optical Gaming Mouse,2,60.7,121.4
2025-07-19 13:22:27,57e3127d-183d-4e96-8c9b-c6a0a952feba,Web,Storage,512GB Portable SSD,1,62.76,62.76
2025-07-19 13:28:36,6d5017f0-d4f2-4ace-8907-bebd5d1c0501,Web,Storage,2TB External HDD,2,81.63,163.26
2025-07-19 12:24:53,4d8d57d5-acd0-41d6-bf0d-59992a2ca86d,Retail,Storage,2TB External HDD,2,68.58,137.16
2025-07-19 20:29:11,aa5cff78-83c6-462f-9738-b98fee80d735,Retail,Keyboards,Membrane Office Keyboard,1,29.25,29.25
2025-07-19 09:38:21,c01c3ec9-189a-4e2b-9b61-bcca6aba60d5,Retail,Mice,Optical Gaming Mouse,1,74.46,74.46
2025-07-20 17:04:16,86a3b951-53be-44d8-aded-a8a41f117e4d,Web,Monitors,15.6-inch Portable USB-C Monitor,1,216.1,216.1
2025-07-20 19:40:26,c7e81d70-139f-4044-8218-d28a5650bee4,Retail,Storage,2TB External HDD,2,87.78,175.56
2025-07-20 12:29:03,64f8af9a-f704-453d-a3db-e7c6ea8b10f6,Retail,Mice,Trackball Mouse,2,74.81,149.62
2025-07-20 19:54:22,8e132b6a-db80-4e19-9bd2-5c785eadcd89,Retail,Storage,4TB Desktop HDD,1,147.75,147.75
2025-07-20 12:25:35,65a6ddfa-6085-4db8-b4f2-bfc45dfb688f,Web,Networking,Gigabit Ethernet Switch,1,65.03,65.03
2025-07-20 13:56:44,0998766f-e0ec-4894-9cbd-8a9620783407,Retail,Keyboards,RGB Backlit Keyboard,1,79.71,79.71
2025-07-20 09:09:28,7f80f7bb-3eea-4dcf-a14d-cd4b0470d608,B2B,Headsets,Wireless Bluetooth Headphones,2,80.47,160.94
2025-07-20 10:00:49,4774c0eb-815d-4914-858b-2ab89e9236cd,Retail,Headsets,Surround Sound Headphones,2,103.18,206.36
2025-07-20 17:24:01,2d02fcd1-b68b-44c3-aefa-06daccc1ea73,Web,Mice,Wireless Bluetooth Mouse,1,44.33,44.33
2025-07-20 15:02:21,2efe45c4-f485-4eff-aae5-589d637ff045,Web,Networking,Gigabit Ethernet Switch,1,34.99,34.99
2025-07-20 18:32:15,45383e7f-7d1f-4ce8-b05e-c637a0cb4975,Retail,Mice,Optical Gaming Mouse,1,67.61,67.61
2025-07-20 12:01:52,3e82d9bd-563c-4fb9-a4e8-9c22b1e05e26,B2B,Mice,Trackball Mouse,1,73.8,73.8
2025-07-20 20:11:26,428de651-c179-4867-ab07-edea2b21e9d9,Retail,Headsets,Noise-Cancelling Gaming Headset,1,117.1,117.1
2025-07-20 19:17:49,38524f64-de1f-4892-807b-750246a07b09,Web,Keyboards,Wireless Ergonomic Keyboard,1,73.45,73.45
2025-07-20 15:21:13,cd508f78-4a20-4458-8912-e6d10f127ed6,Retail,Headsets,USB Conference Headset,1,53.41,53.41
2025-07-20 09:24:30,e31bfcf8-23ec-4b6e-91df-2a28c3ef2e18,B2B,Storage,2TB External HDD,1,87.16,87.16
2025-07-20 20:39:55,3cc3b586-c46d-47ce-a506-7e283e5ab84b,Retail,Storage,128GB USB Flash Drive,2,14.29,28.58
2025-07-20 14:51:40,71bf5d84-ccae-4310-9116-6d8386726816,Web,Mice,Wireless Bluetooth Mouse,1,36.04,36.04
2025-07-20 10:44:29,cace4027-802c-4cb6-9737-fa23daf1cb73,B2B,Keyboards,Wireless Ergonomic Keyboard,1,87.16,87.16
2025-07-20 15:48:44,d69c3ddb-b201-423f-96ec-a8ac20d28c0c,B2B,Storage,2TB External HDD,1,68.5,68.5
2025-07-20 12:11:53,93d04045-c075-4a57-92bc-84254e6bcc6b,Web,Keyboards,Wireless Ergonomic Keyboard,1,94.31,94.31
2025-07-20 11:36:59,2cc7da28-8b9b-4998-96ec-e4f618d8ae10,Web,Networking,USB Wi-Fi Adapter,1,37.4,37.4
2025-07-20 11:49:53,28cd2196-0199-4e98-bab6-ec174873947a,B2B,Headsets,USB Conference Headset,2,46.33,92.66
2025-07-20 18:52:34,8f1ac3e8-7d43-4697-8540-dce5252eb38d,Retail,Networking,USB Wi-Fi Adapter,2,35.29,70.58
2025-07-21 13:39:16,7b452dcb-2620-4ea5-a142-35c0ee2b7784,B2B,Keyboards,Membrane Office Keyboard,1,37.8,37.8
2025-07-21 18:34:43,9a861f2f-097d-457b-ab18-f7221187742b,Web,Networking,USB Wi-Fi Adapter,1,31.79,31.79
2025-07-21 10:43:49,df731fa1-2aad-4266-a128-9572de28009f,Retail,Mice,Optical Gaming Mouse,2,58.4,116.8
2025-07-21 13:22:49,8c8d88b8-4952-498b-bf4d-b9a9933cc853,Retail,Headsets,In-Ear Gaming Earbuds,1,39.17,39.17
2025-07-21 15:38:11,63e4ac18-fb0c-44c9-a9be-5a1e68199899,Retail,Keyboards,Wireless Ergonomic Keyboard,1,89.29,89.29
2025-07-21 13:38:33,ea669f00-d52a-47c3-b7d0-c067bb708ddf,Retail,Keyboards,Membrane Office Keyboard,2,30.11,60.22
2025-07-21 17:47:49,aa4c81c7-9ff3-40ee-8c1b-3d879d84c7ad,Web,Mice,Wireless Bluetooth Mouse,1,42.51,42.51
2025-07-21 20:04:29,17dc5bd4-e27e-4e30-8b75-b7796418d546,Web,Storage,1TB NVMe SSD,1,67.4,67.4
2025-07-21 09:24:40,762d1800-9a15-486b-abf8-150db26b9f5e,B2B,Mice,Precision Laser Mouse,2,88.75,177.5
2025-07-21 17:37:55,428762bd-ceb9-49a0-86bb-346f178cd757,Web,Storage,2TB External HDD,2,96.3,192.6
2025-07-21 13:56:49,047605b8-97a8-410b-abf3-0439d628ce4c,B2B,Monitors,27-inch 4K IPS Monitor,1,421.12,421.12
2025-07-21 10:21:00,39feb77a-8b0c-409a-8089-6c9e4ed9a989,Retail,Keyboards,Membrane Office Keyboard,1,25.75,25.75
2025-07-21 10:30:03,64874f32-b7ad-4869-9af6-ccba3eeb2ee0,Web,Networking,USB Wi-Fi Adapter,1,28.04,28.04
2025-07-22 10:29:10,cb14ef60-1c86-45b1-a4aa-087382003b38,B2B,Mice,Trackball Mouse,2,63.43,126.86
2025-07-22 13:53:19,2a5d9295-197b-4a5e-a4f7-0798ed64cd79,Retail,Storage,128GB USB Flash Drive,2,18.19,36.38
2025-07-22 09:29:09,046fbde3-5920-455d-9558-60615e3c667a,B2B,Headsets,Surround Sound Headphones,1,126.32,126.32
2025-07-22 19:41:29,c398c127-c563-43e5-b28c-7a6b93a83c64,Web,Monitors,24-inch 144Hz Gaming Monitor,1,263.76,263.76
2025-07-22 17:00:27,a5de9584-569d-46af-a3fc-44ed40d1880e,B2B,Networking,USB Wi-Fi Adapter,2,20.99,41.98
2025-07-22 10:10:51,1192437d-c8a9-4765-8585-5e33959675f6,Retail,Headsets,Wireless Bluetooth Headphones,2,81.32,162.64
2025-07-22 17:02:33,2baafda6-ed40-419b-9d77-584585eacbac,Web,Keyboards,Compact 60% Keyboard,2,72.48,144.96
2025-07-22 11:59:26,95b372ce-71c0-4c05-bb1d-11487dcf37f0,Retail,Keyboards,Membrane Office Keyboard,1,31.16,31.16
2025-07-22 12:20:51,a1dd0010-3634-4398-8b92-72fb7f9000a9,B2B,Monitors,27-inch 4K IPS Monitor,1,316.01,316.01
2025-07-22 17:43:52,8767c524-9582-4c0d-b73a-33200d819684,Web,Storage,4TB Desktop HDD,3,105.96,317.88
2025-07-22 20:18:51,f470e0c5-826d-4c18-8f37-ef2ec9e3406f,B2B,Monitors,32-inch 8K Professional Monitor,1,1460.73,1460.73
2025-07-23 14:15:00,d1a7fe1b-21c6-4397-9281-c4ba289f7612,Retail,Keyboards,Membrane Office Keyboard,1,22.37,22.37
2025-07-23 20:03:15,ca652726-0de4-460c-8a54-727bd41ebf9e,B2B,Monitors,34-inch Ultrawide Curved Monitor,1,582.72,582.72
2025-07-23 09:08:58,121d6d81-547f-4cc5-9e80-a3073f25c31b,Web,Storage,2TB External HDD,1,81.7,81.7
2025-07-23 09:22:22,58a0fa03-d4e5-4357-88e7-3c27c69f35e6,Retail,Mice,Optical Gaming Mouse,2,44.76,89.52
2025-07-23 20:34:52,f950a08a-b225-4486-bff5-1d8ddcc7031c,Retail,Headsets,Noise-Cancelling Gaming Headset,1,119.41,119.41
2025-07-23 12:55:25,7319d8fc-8fd1-4759-8e46-551dd40af95e,Retail,Storage,128GB USB Flash Drive,1,20.7,20.7
2025-07-23 17:09:07,70991035-707d-4391-879e-3318d8224ee3,B2B,Mice,Vertical Ergonomic Mouse,1,50.05,50.05
2025-07-23 20:25:26,8ea63d56-f203-481b-bada-7beb7e575c53,Web,Keyboards,Compact 60% Keyboard,1,79.59,79.59
2025-07-23 12:27:02,3f78f7fd-6746-4619-b672-1c4e602aff8b,Retail,Mice,Precision Laser Mouse,1,60.35,60.35
2025-07-23 10:08:23,761b2d6a-a991-4635-8fa7-ee6e1ae04561,B2B,Monitors,27-inch 4K IPS Monitor,1,341.13,341.13
2025-07-23 19:57:11,995ef6f7-624f-48f1-906d-991ae4af91ed,Web,Keyboards,Compact 60% Keyboard,1,74.76,74.76
2025-07-23 11:10:26,7625c64b-c51d-4df7-b996-a505c3e036f1,Web,Headsets,In-Ear Gaming Earbuds,2,47.84,95.68
2025-07-24 20:38:50,328dd4e1-b779-4f38-9658-abc70a8bdba1,B2B,Networking,USB Wi-Fi Adapter,2,40.49,80.98
2025-07-24 14:48:35,280308a7-c26a-4ab0-86d4-fa1d9cd3569d,Retail,Storage,2TB External HDD,1,63.51,63.51
2025-07-24 14:58:49,167ca07e-d2ba-48a1-bfd2-9d0f0a768ce2,Retail,Headsets,Noise-Cancelling Gaming Headset,2,120.7,241.4
2025-07-24 13:33:11,6f9e7889-6d40-4f98-aaeb-401b049c0b1a,Retail,Keyboards,Wireless Ergonomic Keyboard,1,92.07,92.07
2025-07-24 12:38:33,9af56072-6b87-46cc-b8c9-32f37189bfe8,B2B,Storage,2TB External HDD,2,75.03,150.06
2025-07-24 15:00:01,edef32f3-b84e-4cba-aae8-c5d38931a017,Web,Keyboards,Mechanical Gaming Keyboard,1,169.64,169.64
2025-07-24 20:29:59,bae1df5f-ffcb-4755-974f-39b8cdfda36f,B2B,Mice,Trackball Mouse,1,90.22,90.22
2025-07-25 12:33:51,1a3c4388-a34e-4f96-9e9d-ba15779d2464,Retail,Headsets,In-Ear Gaming Earbuds,2,31.03,62.06
2025-07-25 19:53:34,e615b1f9-ce2c-48dc-ab58-1174e700d1fc,Web,Headsets,Wireless Bluetooth Headphones,1,79.1,79.1
2025-07-25 19:24:19,1cdbd1a7-2ca9-4db9-a390-4adda3034e4a,B2B,Keyboards,Membrane Office Keyboard,1,28.2,28.2
2025-07-25 11:18:58,aac50a23-eb3b-4e93-9ccf-19c31ccffc64,B2B,Keyboards,Mechanical Gaming Keyboard,1,126.98,126.98
2025-07-25 11:14:21,1f8ebbb3-62c1-4bef-9f34-55c3cf0f655d,Web,Storage,128GB USB Flash Drive,1,18.9,18.9
2025-07-25 15:27:38,06ed1244-4762-412f-9383-dcf8a585f34a,Web,Networking,USB Wi-Fi Adapter,1,29.09,29.09
2025-07-25 15:08:58,0c69cc66-7055-42ca-b0f9-31c3c4f761e9,B2B,Networking,USB Wi-Fi Adapter,1,40.49,40.49
2025-07-25 09:41:54,3bc05575-ef7d-4de2-833d-68d1e679bb66,B2B,Mice,Precision Laser Mouse,3,58.72,176.16
2025-07-25 19:59:00,23029a3e-787d-4344-b004-b19ab4bad7f1,Retail,Headsets,Wireless Bluetooth Headphones,1,102.33,102.33
2025-07-25 17:27:36,91de78e3-fa2e-4dab-8441-d617cfe0f975,Retail,Mice,Vertical Ergonomic Mouse,2,59.87,119.74
2025-07-25 13:54:54,c7466fb9-661f-46df-b69d-57d85c03950e,Web,Keyboards,Mechanical Gaming Keyboard,1,119.09,119.09
2025-07-25 13:31:16,53e57399-cc88-447f-bb7d-82743269fcec,Web,Keyboards,RGB Backlit Keyboard,1,94.25,94.25
2025-07-25 16:42:39,97cb3f9e-c60d-465c-aacb-dca4385ce5d2,Retail,Mice,Wireless Bluetooth Mouse,3,37.39,112.17
2025-07-25 16:31:12,0a0de5c9-a11e-4d7c-a7c2-23c7f209a540,Web,Monitors,24-inch 144Hz Gaming Monitor,1,234.07,234.07
2025-07-25 15:05:48,5712176a-8dc8-4340-88af-f757254ea690,B2B,Headsets,In-Ear Gaming Earbuds,2,39.53,79.06
2025-07-25 09:09:44,fb348e73-6866-4cbd-94d0-3ec82118a317,B2B,Mice,Vertical Ergonomic Mouse,1,48.13,48.13
2025-07-25 17:30:12,175d51c8-6d29-443d-ab7f-0df826e537b6,Web,Mice,Optical Gaming Mouse,2,46.82,93.64
2025-07-25 13:54:19,37428532-3dd5-4917-a616-ec02b446ede8,Retail,Mice,Wireless Bluetooth Mouse,2,41.72,83.44
2025-07-25 09:28:47,9f69cfe6-28ac-4ed3-9b97-97b0615357db,Retail,Networking,USB Wi-Fi Adapter,1,23.11,23.11
2025-07-25 12:20:04,5e136d18-fde8-41f6-90a8-2fcd330903c6,Web,Networking,Gigabit Ethernet Switch,1,41.34,41.34
2025-07-26 14:05:30,b70fab1a-9a2f-43dc-bc8e-be072763de7e,B2B,Storage,1TB NVMe SSD,2,83.2,166.4
2025-07-26 15:12:16,d5fecdc7-9bb4-4c15-818f-e1519255e3d7,Web,Keyboards,Mechanical Gaming Keyboard,1,139.7,139.7
2025-07-26 14:32:00,6eb8bbef-1e86-4329-aa4a-0d42f18a053c,B2B,Mice,Vertical Ergonomic Mouse,1,52.49,52.49
2025-07-26 16:16:17,5df1b6c7-793f-4ea8-9bff-a6f94c0a443e,B2B,Storage,1TB NVMe SSD,1,77.65,77.65
2025-07-26 18:42:07,c9199654-b002-491c-a71a-57be2ca63dc8,Web,Networking,Gigabit Ethernet Switch,1,50.31,50.31
2025-07-26 13:00:37,0127c79d-022d-4c8a-8e71-28c349412590,Web,Mice,Optical Gaming Mouse,1,59.33,59.33
2025-07-26 13:07:34,71afcbf1-8731-40fc-8021-16c9382a69fd,Web,Mice,Wireless Bluetooth Mouse,1,51.17,51.17
2025-07-26 11:11:05,b77fb3e7-93e2-46c7-9964-b242e5d44473,Web,Storage,512GB Portable SSD,1,61.2,61.2
2025-07-26 15:49:10,24d205c0-d537-43a9-a8f4-0cca6f764f8b,B2B,Storage,512GB Portable SSD,1,54.58,54.58
2025-07-26 17:25:43,67164670-594e-4e72-b04c-aecdd0985e2b,B2B,Networking,USB Wi-Fi Adapter,1,38.02,38.02
2025-07-26 20:01:42,05889636-e611-404b-86fb-97c0b99ba0eb,B2B,Headsets,Wireless Bluetooth Headphones,2,93.16,186.32
2025-07-26 20:21:05,5f1b87eb-ef4d-4850-a927-d00fa0d25cc8,Retail,Networking,Network Attached Storage (NAS),1,429.44,429.44
2025-07-26 15:45:38,5e6fef58-b177-4ee6-9e09-05fe8a3f9593,Web,Keyboards,Membrane Office Keyboard,1,27.13,27.13
2025-07-26 12:03:59,e08ef952-b714-477f-8114-7ac9801d492a,Retail,Keyboards,Membrane Office Keyboard,1,34.33,34.33
2025-07-26 09:32:58,abdfa1d7-3351-4c0c-ae13-555e2924d53d,Web,Headsets,USB Conference Headset,1,54.97,54.97
2025-07-26 17:46:38,6de9d97a-69c4-45e0-aabe-d7ba4d3f0285,Web,Headsets,In-Ear Gaming Earbuds,1,33.17,33.17
2025-07-26 09:43:45,f6ddc2f6-fc27-4cfa-978b-1eb47e727da2,B2B,Keyboards,RGB Backlit Keyboard,1,64.49,64.49
2025-07-26 20:40:56,1952868f-c679-41d5-88b7-a6f39c1dae3c,Web,Networking,Powerline Ethernet Adapter,2,55.11,110.22
2025-07-26 12:43:54,7c3814f6-6d43-4e77-8585-43c8ad70b51b,Retail,Networking,Gigabit Ethernet Switch,1,60.2,60.2
2025-07-26 17:21:35,440146be-d424-45dc-89ed-5658a9022387,Web,Keyboards,Wireless Ergonomic Keyboard,1,98.46,98.46
2025-07-26 12:11:42,e3ddffd4-442e-41ec-9936-e75135abd7f1,B2B,Keyboards,RGB Backlit Keyboard,1,107.99,107.99
2025-07-26 19:43:10,b9a91558-533c-4579-b259-ba61c7647426,Retail,Keyboards,Compact 60% Keyboard,2,76.47,152.94
2025-07-26 16:43:00,653661f3-83f9-4f23-9680-98d125a98b02,Retail,Headsets,Wireless Bluetooth Headphones,1,96.93,96.93
2025-07-26 20:50:03,391c1249-0f07-4afb-96de-e72fea9b44ea,B2B,Storage,4TB Desktop HDD,1,142.5,142.5
2025-07-26 19:57:12,b3e03cbe-9932-4e45-a220-539ce5dd30cf,Web,Keyboards,Wireless Ergonomic Keyboard,1,89.41,89.41
2025-07-26 18:21:46,64498cdc-9f7b-4951-b112-8bd46ae1883a,Retail,Mice,Optical Gaming Mouse,1,41.99,41.99
2025-07-26 15:26:08,c44b2d4c-69cb-48bc-97ad-988704ba67f0,Web,Storage,4TB Desktop HDD,2,83.99,167.98
2025-07-26 14:14:00,706d09e6-9c3b-4f61-ba38-6b1181d2bddb,Retail,Keyboards,Compact 60% Keyboard,2,59.56,119.12
2025-07-26 17:19:01,5a6b2e75-ed8e-4ef9-b5ee-3820eae52b6a,Retail,Keyboards,Compact 60% Keyboard,1,70.9,70.9
2025-07-26 15:33:25,8aa85987-52ac-466e-8410-252de5d72ccb,Web,Keyboards,Wireless Ergonomic Keyboard,1,89.27,89.27
2025-07-26 09:25:25,b246bfbb-43b7-4a7c-855e-5675e0a5c201,Web,Mice,Optical Gaming Mouse,1,45.94,45.94
2025-07-26 19:40:27,db420f09-f531-4a07-9c97-af5115c0fd48,Web,Mice,Optical Gaming Mouse,1,57.23,57.23
2025-07-26 09:55:13,a8d05b85-1d92-4d67-82cd-7441879200d4,B2B,Monitors,27-inch 4K IPS Monitor,1,405.31,405.31
2025-07-26 12:40:01,3bb4e82a-0fd7-46b5-b9a2-9e77dab7a34f,Web,Keyboards,Compact 60% Keyboard,2,85.56,171.12
2025-07-26 13:21:10,e4ecc847-62da-4d54-9afc-cdfec23d9bc1,Retail,Storage,1TB NVMe SSD,1,85.23,85.23
2025-07-26 10:36:41,58f0abc5-2ae6-46fb-87d1-868db987870d,Retail,Storage,128GB USB Flash Drive,2,16.38,32.76
2025-07-26 17:27:02,399ef1ce-f502-483f-b58f-5241b733941d,Retail,Keyboards,Compact 60% Keyboard,1,74.6,74.6
2025-07-27 20:35:38,fe8cfa34-7a6e-4195-b09f-9015865d6fc1,Retail,Mice,Wireless Bluetooth Mouse,1,48.6,48.6
2025-07-27 19:35:07,2435c27f-4532-4cbb-9ca9-f4a3a90aa50f,B2B,Storage,1TB NVMe SSD,1,100.31,100.31
2025-07-27 17:13:18,43c08e86-efb3-4a0d-992f-ae46a60d90ad,Retail,Networking,Wireless Mesh Router System,1,209.05,209.05
2025-07-27 11:38:50,deaa7ea8-1d39-4985-bdbb-c5ff014b83f5,Web,Storage,1TB NVMe SSD,2,99.14,198.28
2025-07-27 09:20:44,5491f945-58ab-4d31-b9b9-7583f28f9c19,Web,Headsets,Noise-Cancelling Gaming Headset,2,123.15,246.3
2025-07-27 15:53:08,ad855297-5729-4551-892d-eaa4661d483e,Retail,Mice,Wireless Bluetooth Mouse,3,36.54,109.62
2025-07-27 16:55:40,75921d53-d1b2-42ca-b78c-0ce5e4a06edd,Retail,Keyboards,Membrane Office Keyboard,1,27.79,27.79
2025-07-27 14:51:04,ed52366a-b2c4-4f89-ae03-237247f22f92,Retail,Mice,Precision Laser Mouse,2,73.53,147.06
2025-07-27 12:43:00,435a6d99-7794-4b48-9cb3-f59f1eda3260,Web,Keyboards,Wireless Ergonomic Keyboard,1,86.54,86.54
2025-07-27 16:51:06,84778b30-82d0-496e-953e-2e71be6ff4d9,Web,Mice,Wireless Bluetooth Mouse,2,37.38,74.76
2025-07-27 09:23:08,34dbb3d6-748a-4996-8aa9-8cb6877ea2fb,Retail,Keyboards,Membrane Office Keyboard,2,30.12,60.24
2025-07-27 16:36:16,d7166206-0ccd-43b5-bf62-61efa9cf526e,Retail,Keyboards,Wireless Ergonomic Keyboard,1,100.65,100.65
2025-07-27 20:47:23,b20663d7-98c8-4367-a3ae-e08d0ccdd52d,B2B,Mice,Optical Gaming Mouse,1,71.18,71.18
2025-07-27 09:20:46,0c35447d-79c4-4aea-a1a9-edd975b3e0c5,B2B,Headsets,Wireless Bluetooth Headphones,1,98.67,98.67
2025-07-27 10:48:41,98db592a-76f8-4c0a-9f35-8f83d57d9557,B2B,Networking,USB Wi-Fi Adapter,1,20.99,20.99
2025-07-27 13:54:45,57c9e751-cf52-476e-a4ad-da99885395ae,Web,Mice,Trackball Mouse,1,98.54,98.54
2025-07-27 10:35:15,b7998639-b3e3-49cf-aba9-09b55291ac2b,Retail,Keyboards,Membrane Office Keyboard,1,22.97,22.97
2025-07-28 12:47:44,ae0bafd3-78a7-4a33-b7ad-f9fdd03464d4,Retail,Headsets,Wireless Bluetooth Headphones,1,109.99,109.99
2025-07-28 09:51:41,759ac287-42c8-41a0-bfa8-47f8ae9dfc89,Web,Keyboards,RGB Backlit Keyboard,2,84.14,168.28
2025-07-28 18:23:27,0f528730-5efa-451d-acac-f7e3169b27ea,Web,Headsets,USB Conference Headset,2,55.02,110.04
2025-07-28 18:44:30,4acae3cd-f584-47b2-a133-847cc590b119,B2B,Mice,Optical Gaming Mouse,2,46.03,92.06
2025-07-28 15:18:16,0d353451-4c11-44c1-b229-2a825551cb32,B2B,Keyboards,Mechanical Gaming Keyboard,1,118.84,118.84
2025-07-28 15:59:51,83b56095-f66c-4f6e-b6f4-3de7fbcca902,Retail,Networking,Gigabit Ethernet Switch,1,65.25,65.25
2025-07-28 18:41:11,670757fb-2bd0-413d-b5c1-307fa9bd2c0b,Retail,Mice,Optical Gaming Mouse,1,65.37,65.37
2025-07-28 20:34:55,3bd27a4a-92ef-4654-9fa4-4e4bc40d56a4,Web,Mice,Vertical Ergonomic Mouse,2,48.06,96.12
2025-07-28 11:01:36,6123197d-246e-44af-9ddd-b7d92351dcc9,B2B,Keyboards,RGB Backlit Keyboard,1,92.69,92.69
2025-07-28 12:48:51,d72b6f1f-5cbf-4989-ab9a-057cdeaf8ac4,Retail,Keyboards,Membrane Office Keyboard,1,32.75,32.75
2025-07-28 12:19:31,e2d85583-beec-4df9-840f-4c5791916fb5,B2B,Monitors,24-inch 144Hz Gaming Monitor,1,252.35,252.35
2025-07-28 19:30:21,d467aee0-7087-4dfc-be6f-68d8b51ec645,Web,Storage,128GB USB Flash Drive,2,24.41,48.82
2025-07-28 14:08:57,12ad4874-3840-4130-b3f5-0ba048e08fab,Retail,Mice,Precision Laser Mouse,2,66.47,132.94
2025-07-28 17:14:07,185bca86-b3c1-44de-a88f-94e25c0c66ba,B2B,Keyboards,Mechanical Gaming Keyboard,1,126.38,126.38
2025-07-28 13:15:13,9ab1b0f0-5ede-4694-a767-c24bf32fa72a,Web,Monitors,15.6-inch Portable USB-C Monitor,1,141.67,141.67
2025-07-28 11:58:08,9bd932b8-d5c2-41d8-8fae-f7c36aed13d3,Retail,Headsets,USB Conference Headset,1,54.6,54.6
2025-07-29 09:21:39,fb274e14-3f57-4b4c-b449-7ef665164703,B2B,Mice,Wireless Bluetooth Mouse,1,41.69,41.69
2025-07-29 19:18:05,fc5be1d0-ed29-4096-9997-5bfc9b7079c7,Web,Storage,1TB NVMe SSD,1,88.52,88.52
2025-07-29 16:17:01,fff7de63-a2ad-41e3-b96e-8669947119a9,Retail,Monitors,15.6-inch Portable USB-C Monitor,1,189.51,189.51
2025-07-29 14:32:10,31637983-4a2b-4cc5-95bc-df7090da7ad2,Retail,Headsets,Noise-Cancelling Gaming Headset,2,118.85,237.7
2025-07-29 15:53:10,6871c852-995e-4662-9bad-3c2dbd2aa15c,Web,Keyboards,Mechanical Gaming Keyboard,2,129.55,259.1
2025-07-29 15:12:51,a79e7068-9fd1-4359-8740-19a515fed42e,Retail,Headsets,USB Conference Headset,1,55.21,55.21
2025-07-29 13:26:46,27d7e6b5-ca1f-4fab-9a7d-5a212c1c28cb,B2B,Keyboards,Wireless Ergonomic Keyboard,1,62.99,62.99
2025-07-29 14:38:31,7afeb820-e93b-4e75-870b-396cbab6a956,Web,Monitors,24-inch 144Hz Gaming Monitor,1,296.99,296.99
2025-07-29 20:49:36,95b32cbb-0d2a-4f46-aaac-e4f5a270cdff,B2B,Monitors,15.6-inch Portable USB-C Monitor,1,141.81,141.81
2025-07-29 17:45:17,da11e3e2-be97-461c-a2ab-01f3de8c6e31,B2B,Storage,128GB USB Flash Drive,1,24.06,24.06
2025-07-30 11:52:26,eeaa2583-86aa-489b-9996-537c9f6763a0,Retail,Storage,512GB Portable SSD,2,69.03,138.06
2025-07-30 13:57:24,a39351b9-a62e-4df6-af05-b4a4f4ee98f4,Web,Keyboards,RGB Backlit Keyboard,2,55.99,111.98
2025-07-30 17:37:45,69cbd4e9-10dc-468d-85ce-169571a70bda,B2B,Networking,USB Wi-Fi Adapter,1,40.49,40.49
2025-07-30 10:21:39,8e91a952-45de-496c-8a63-33222b20ab0e,Retail,Mice,Wireless Bluetooth Mouse,3,47.25,141.75
2025-07-30 20:04:11,1d898ef7-e433-4891-b387-3435751f22b2,Retail,Storage,1TB NVMe SSD,1,95.78,95.78
2025-07-30 12:52:37,e129062b-1a60-4a6e-9a92-337cb4424e10,B2B,Networking,Network Attached Storage (NAS),1,369.36,369.36
2025-07-30 16:19:11,02acf8ab-3a0d-4473-b51d-b068ff87582b,B2B,Storage,128GB USB Flash Drive,2,15.39,30.78
2025-07-30 16:04:54,1cce6ad0-617b-4d66-b88c-abee2fa1e25d,B2B,Headsets,USB Conference Headset,1,52.28,52.28
2025-07-30 11:13:28,52f39c2c-d29d-4e27-b8a5-0aa75a1558cd,B2B,Headsets,Surround Sound Headphones,1,167.35,167.35
2025-07-30 13:04:24,37ad1476-58b6-4a41-8017-a47ebf316ae7,Retail,Headsets,Surround Sound Headphones,1,150.39,150.39
2025-07-30 20:12:44,95fcc840-78b8-47c9-aeb7-e65a2d949dfc,B2B,Storage,1TB NVMe SSD,1,62.99,62.99
2025-07-30 18:34:55,54ae3284-0db7-4462-b52f-0d9b3e34186d,Retail,Networking,USB Wi-Fi Adapter,2,33.38,66.76
2025-07-30 19:20:32,16592dab-694b-4325-8d53-5854e03bb8be,Retail,Headsets,Noise-Cancelling Gaming Headset,1,90.69,90.69
2025-07-30 12:56:43,0f1c8c03-ba1e-4cff-b013-8c2be2d25a19,Web,Headsets,In-Ear Gaming Earbuds,1,34.86,34.86
2025-07-30 16:09:12,730399ec-a5a7-4e30-8acd-86486de147cb,Web,Mice,Trackball Mouse,2,74.08,148.16
2025-07-30 10:24:25,b23b6c53-ce42-477a-b79e-66d9d1daecc5,Web,Keyboards,Compact 60% Keyboard,1,67.52,67.52
2025-07-30 14:57:20,c7fab724-7095-4f53-9d08-e0d1d02a756f,B2B,Storage,2TB External HDD,1,71.38,71.38
2025-07-30 17:25:20,b4cc7281-c74e-4919-849c-0d4aa1626a38,Retail,Mice,Wireless Bluetooth Mouse,1,50.35,50.35
2025-07-30 11:16:30,1bc7957e-9654-4a70-83b4-5bd4a35d8180,Web,Headsets,Noise-Cancelling Gaming Headset,2,105.19,210.38
2025-07-30 17:50:51,f44c83eb-c616-404b-b89b-9e8b22634c39,B2B,Headsets,Noise-Cancelling Gaming Headset,1,132.8,132.8
2025-07-30 13:43:03,9ad18857-7941-4348-aed2-63ed35d76910,Retail,Mice,Vertical Ergonomic Mouse,1,53.88,53.88
2025-07-30 13:55:19,dbc98e72-b50f-4b03-a129-25a92d507b65,B2B,Mice,Optical Gaming Mouse,1,63.84,63.84
2025-07-30 13:00:09,c7f2cb6b-c53f-4435-9593-646680ca448c,Web,Storage,512GB Portable SSD,2,57.64,115.28
2025-07-30 17:49:14,d81e5e0c-37dc-4024-b162-0f23a7addfed,Retail,Storage,128GB USB Flash Drive,1,19.09,19.09
2025-07-31 19:26:03,5d88de3e-0c7d-4a1b-8635-9d4305479251,B2B,Keyboards,Membrane Office Keyboard,1,40.49,40.49
2025-07-31 09:34:39,d2dfea83-6deb-4163-9277-d26d243e1a3b,Web,Storage,2TB External HDD,2,93.84,187.68
2025-07-31 12:17:42,675a5563-1a28-4722-87a1-2929e2c73d19,B2B,Monitors,27-inch 4K IPS Monitor,1,278.65,278.65
2025-07-31 19:04:52,a0ab13e5-6727-4f89-aa1c-ca7d122b439c,B2B,Monitors,34-inch Ultrawide Curved Monitor,1,583.15,583.15
2025-07-31 18:56:31,62555ce1-0ae1-4d1c-9cab-b4c787d8f2d3,Retail,Keyboards,Compact 60% Keyboard,1,54.62,54.62
2025-07-31 11:35:17,1385b2e8-7b20-4dd9-907f-74378b9c9678,Retail,Keyboards,RGB Backlit Keyboard,1,79.78,79.78
2025-07-31 14:58:02,d44c6787-369a-4b14-ad35-361431eff144,Retail,Headsets,Wireless Bluetooth Headphones,1,102.41,102.41
2025-07-31 15:48:44,4711a88b-c708-40f7-98ca-c9c57832e9af,B2B,Headsets,USB Conference Headset,1,57.01,57.01
2025-07-31 19:40:14,093626ea-bf0f-460a-9e8d-4f98ab9d9660,B2B,Headsets,In-Ear Gaming Earbuds,2,40.54,81.08
2025-08-01 13:09:41,9271b2c7-09ff-42d8-9fa6-6a7fce433cd9,Web,Storage,4TB Desktop HDD,1,102.18,102.18
2025-08-01 14:58:33,a1932c1a-82c8-46c5-b915-b7a42a866fbc,Web,Monitors,27-inch 4K IPS Monitor,1,328.15,328.15
2025-08-01 09:29:12,c422bfe7-c308-4601-86a3-8a910d3de40f,Web,Storage,128GB USB Flash Drive,3,26.99,80.97
2025-08-01 20:28:42,9942cd64-f96a-4517-b211-988f9c5f74e4,Retail,Headsets,Wireless Bluetooth Headphones,1,80.05,80.05
2025-08-01 10:42:19,919a2a87-b0fb-4534-a53a-4964d1981b78,Retail,Keyboards,Wireless Ergonomic Keyboard,1,94.06,94.06
2025-08-01 19:33:46,3800b0d7-4b40-4979-b2e7-a09c52f40077,Web,Keyboards,Membrane Office Keyboard,1,30.07,30.07
2025-08-01 18:20:50,79690199-87f5-4043-94e0-e040f703d264,Retail,Monitors,24-inch 144Hz Gaming Monitor,1,198.96,198.96
2025-08-01 13:06:36,87883642-382e-4e52-9e04-140aff1f8a49,Web,Headsets,Noise-Cancelling Gaming Headset,1,129.03,129.03
2025-08-01 15:01:47,27ab255f-e512-46f0-930b-a512c7ea4c49,B2B,Monitors,24-inch 144Hz Gaming Monitor,1,296.99,296.99
2025-08-02 20:00:24,e04f4e0b-9877-4ab9-b451-066791d6ea36,B2B,Mice,Trackball Mouse,2,76.39,152.78
2025-08-02 19:05:23,2273338b-3c39-47e4-88ef-d4c6b086c2d5,B2B,Keyboards,RGB Backlit Keyboard,1,81.29,81.29
2025-08-02 17:32:09,250a1553-d7c7-4cd9-8349-f458e6d9f20f,Web,Mice,Wireless Bluetooth Mouse,1,36.67,36.67
2025-08-02 14:36:19,1f9f4042-902d-4418-9aad-cbbe14a76fa6,B2B,Headsets,Noise-Cancelling Gaming Headset,1,138.59,138.59
2025-08-02 11:15:08,55e38f58-e6dd-4816-a21d-235bd556b4f6,Web,Headsets,Wireless Bluetooth Headphones,2,102.29,204.58
2025-08-02 16:07:28,6cc5c328-2982-4dc3-95e7-e5b03fe622fe,B2B,Monitors,34-inch Ultrawide Curved Monitor,1,528.44,528.44
2025-08-02 16:43:52,bd34a0d6-a756-4650-b7e7-93b6b058b63a,Web,Headsets,In-Ear Gaming Earbuds,1,43.48,43.48
2025-08-02 15:20:52,dc48f665-e76d-4aec-8b5e-0790703ce8a9,B2B,Mice,Wireless Bluetooth Mouse,1,53.99,53.99
2025-08-02 13:51:29,7467a558-dc98-4bf8-a503-72f21b58ee6d,B2B,Networking,Powerline Ethernet Adapter,1,68.6,68.6
2025-08-02 13:04:40,4579134a-0fa5-4ef7-9185-324afce2bf57,Retail,Storage,512GB Portable SSD,1,65.98,65.98
2025-08-02 17:34:39,9f9ce2d2-ede7-417e-a0ba-b5f8f7683c04,Retail,Storage,1TB NVMe SSD,1,86.66,86.66
2025-08-02 10:22:37,a0b1f13f-c559-401c-a2db-174bc14b727c,Retail,Keyboards,Wireless Ergonomic Keyboard,1,80.47,80.47
2025-08-02 17:38:48,48c64a82-c6a9-453d-b5c7-66efe9c59cd6,Retail,Storage,1TB NVMe SSD,2,85.47,170.94
2025-08-02 12:32:16,d3ba9ebb-cd40-468f-9795-6fc60953e9f7,Retail,Headsets,In-Ear Gaming Earbuds,1,27.99,27.99
2025-08-02 09:43:30,1cc3c2f0-5d00-486d-a723-3c567815cea7,Web,Mice,Trackball Mouse,2,76.24,152.48
2025-08-02 10:11:07,1afff9cd-ae46-4f64-9741-2c5b2e2aa073,B2B,Networking,USB Wi-Fi Adapter,1,26.34,26.34
2025-08-02 10:35:56,179c5615-f7b0-434d-8c0d-547bbd86a74a,Web,Storage,128GB USB Flash Drive,2,17.33,34.66
2025-08-02 17:33:41,15ba4606-1154-44cd-bdbe-b83ee06eeb56,B2B,Mice,Precision Laser Mouse,2,72.34,144.68
2025-08-02 09:41:52,eff76e29-d7ca-49c4-bf5e-1b08101ab2eb,Retail,Headsets,USB Conference Headset,1,35.37,35.37
2025-08-02 18:02:55,6e7052f5-2fb8-4528-a5b7-37416a255ad6,Retail,Keyboards,RGB Backlit Keyboard,1,83.31,83.31
2025-08-02 18:35:09,8e834763-101c-4109-bc8a-bc72844f9223,B2B,Mice,Precision Laser Mouse,1,90.47,90.47
2025-08-02 20:32:42,5b2aebdd-aafd-43b4-ab14-7cfb5ed71679,Retail,Networking,USB Wi-Fi Adapter,1,24.84,24.84
2025-08-02 09:15:45,021cbe12-581f-44f7-ab73-414060d91792,Retail,Mice,Wireless Bluetooth Mouse,1,34.49,34.49
2025-08-02 18:26:55,24696fad-fa42-4087-a4b2-38dbcffd302c,B2B,Headsets,Surround Sound Headphones,1,153.01,153.01
2025-08-02 14:44:28,e6c248d6-57d2-44d7-8586-9323d3b2274f,Retail,Keyboards,Mechanical Gaming Keyboard,1,129.78,129.78
2025-08-02 20:06:49,fe576c94-e8ba-4da4-b046-dd6673bb05bb,B2B,Keyboards,Membrane Office Keyboard,1,30.87,30.87
2025-08-03 19:05:33,0ee724b4-7530-4abd-820f-0e4b4e787932,B2B,Headsets,Wireless Bluetooth Headphones,1,98.76,98.76
2025-08-03 20:52:17,01f7de7b-ce1c-4048-b661-0f926e336006,Retail,Mice,Optical Gaming Mouse,1,47.96,47.96
2025-08-03 12:06:04,34c5c2f8-bb37-4456-ae22-044fb50d46c6,Retail,Mice,Wireless Bluetooth Mouse,1,32.77,32.77
2025-08-03 11:59:14,21984ff7-a6e4-4362-b52a-531c8d3d44bc,Retail,Networking,Powerline Ethernet Adapter,1,44.8,44.8
2025-08-03 12:25:34,b34fa356-58ac-4e5a-a58a-cf220d1f659f,Web,Networking,Powerline Ethernet Adapter,1,60.0,60.0
2025-08-03 17:38:04,d7b82be4-cf50-4e94-b845-2d49072264b7,B2B,Storage,2TB External HDD,1,57.8,57.8
2025-08-03 16:39:28,9c733ca1-3b45-4c55-92b3-1e7411118a87,Web,Headsets,Surround Sound Headphones,2,175.61,351.22
2025-08-03 19:17:22,27541531-49eb-4bf1-9b1b-3763235d2f18,Retail,Headsets,Noise-Cancelling Gaming Headset,1,114.61,114.61
2025-08-03 16:36:51,fcc33549-b957-486d-b469-aff2f0e2ecb1,Web,Mice,Wireless Bluetooth Mouse,1,52.27,52.27
2025-08-03 09:04:27,359e8d28-ced3-40ee-b6c3-f97fab456f00,Web,Mice,Optical Gaming Mouse,1,41.99,41.99
2025-08-03 16:32:42,e3fa2cb4-3569-4aac-bda9-0600263ab6b6,Web,Mice,Optical Gaming Mouse,1,49.56,49.56
2025-08-03 11:38:58,897db979-c474-4b36-8392-deb5c080c73a,Web,Storage,1TB NVMe SSD,1,107.5,107.5
2025-08-03 17:25:35,eb26a009-5cbf-473b-b8c0-974ca5a0b597,Web,Storage,512GB Portable SSD,1,75.17,75.17
2025-08-03 14:58:45,57e2212e-95d7-470b-b9eb-61e721bde4d3,B2B,Monitors,32-inch 8K Professional Monitor,1,1181.98,1181.98
2025-08-03 12:14:11,eb64a36a-0710-4820-8e65-d051a1440851,Retail,Mice,Wireless Bluetooth Mouse,1,46.69,46.69
2025-08-03 20:16:34,3d9c1b8e-9dde-4537-b7fc-b566f38f6701,Retail,Mice,Optical Gaming Mouse,2,63.87,127.74
2025-08-03 16:58:13,55424aae-7597-4558-b54d-36d81da03f53,Retail,Mice,Wireless Bluetooth Mouse,1,30.12,30.12
2025-08-03 14:47:40,58c1011d-3eeb-4711-af54-0a05dad3e3e5,B2B,Headsets,In-Ear Gaming Earbuds,1,47.25,47.25
2025-08-03 10:58:40,3968d61b-0d14-4e1e-a547-e3cbb077e532,B2B,Headsets,USB Conference Headset,1,53.56,53.56
2025-08-03 10:28:00,acdf18ba-5e6a-448f-b8ea-c4ce138b8901,Web,Mice,Vertical Ergonomic Mouse,2,48.29,96.58
2025-08-03 19:06:25,4fdedc9c-c6ff-4cb5-b221-e59c2d88537a,Web,Headsets,In-Ear Gaming Earbuds,1,53.79,53.79
2025-08-03 10:14:50,56c12bc4-2e9e-4b89-b68c-03c678e3bc2b,Retail,Storage,2TB External HDD,1,71.1,71.1
2025-08-04 15:18:42,7edf0d3c-3e10-4e7e-bd80-b97929facb39,Web,Monitors,24-inch 144Hz Gaming Monitor,2,222.83,445.66
2025-08-04 09:51:09,e1dcc57c-2cbc-4924-aee0-0ef6f3a2c101,B2B,Headsets,Noise-Cancelling Gaming Headset,1,124.01,124.01
2025-08-04 20:41:37,8e2c1f89-6375-4d6d-8c16-462b0c6575bd,Web,Mice,Precision Laser Mouse,2,68.79,137.58
2025-08-04 15:24:28,5b35a454-c583-450c-acd9-3a6fe082a7a7,B2B,Headsets,Wireless Bluetooth Headphones,1,115.46,115.46
2025-08-04 10:00:08,e56b4d89-2d0c-4e14-b8e0-db96006d5c9f,B2B,Networking,Powerline Ethernet Adapter,1,59.21,59.21
2025-08-04 12:17:11,9b47f53b-8c75-4a1f-89ae-2edb7b20c175,Web,Storage,128GB USB Flash Drive,2,24.18,48.36
2025-08-04 12:17:39,4229fe94-3b4e-45fd-af66-e726a7aa5fca,Web,Monitors,27-inch 4K IPS Monitor,1,415.24,415.24
2025-08-04 12:46:28,f458a3fe-3713-4f80-85ad-498ea3b985c5,B2B,Networking,Network Attached Storage (NAS),2,333.76,667.52
2025-08-04 20:01:06,899cb546-2b74-4966-895e-4c91309ce6a9,Retail,Headsets,Wireless Bluetooth Headphones,1,106.72,106.72
2025-08-04 14:09:40,7abb1319-b1c9-41b2-8acc-b65af5437723,Retail,Mice,Wireless Bluetooth Mouse,2,35.9,71.8
2025-08-05 15:52:03,be115a7c-7937-449a-ad78-088e91dee702,Retail,Keyboards,RGB Backlit Keyboard,2,80.09,160.18
2025-08-05 10:36:37,24d8cefb-a2bb-420b-be0b-2680093b557b,Retail,Storage,512GB Portable SSD,1,58.26,58.26
2025-08-05 18:40:21,8c09a8b4-74fe-4079-90a5-399a4b6596ce,Web,Mice,Vertical Ergonomic Mouse,1,35.53,35.53
2025-08-05 13:51:05,94297f1a-36a3-4939-a127-8c2c6102776f,Web,Mice,Wireless Bluetooth Mouse,2,45.86,91.72
2025-08-05 17:20:00,46dca73e-ae7c-44d5-8a54-884ca93d5e2d,B2B,Networking,Network Attached Storage (NAS),1,328.53,328.53
2025-08-05 12:53:59,719a5de6-918a-4a06-b474-4671bec1901f,Retail,Storage,512GB Portable SSD,1,86.14,86.14
2025-08-05 13:56:35,1bb8199a-2513-4eca-a6be-f318c19e40f7,Web,Mice,Trackball Mouse,2,80.05,160.1
2025-08-05 16:48:15,74c19203-06a9-49f1-a918-f1e0250f3aff,Web,Networking,USB Wi-Fi Adapter,1,30.23,30.23
2025-08-05 14:17:24,9e6928a5-f5a4-4baa-9012-29dedbbf548e,B2B,Storage,2TB External HDD,2,74.05,148.1
2025-08-05 11:22:05,6078be06-2317-43eb-a580-f03264cf5bee,B2B,Keyboards,RGB Backlit Keyboard,1,98.13,98.13
2025-08-06 13:15:28,9016c345-9891-4249-b397-b8c57bbe879d,Retail,Headsets,USB Conference Headset,1,59.1,59.1
2025-08-06 17:12:03,d3a35a84-a86d-43c7-864b-9525048083c1,Retail,Storage,1TB NVMe SSD,2,86.86,173.72
2025-08-06 12:05:19,18936d12-f6ad-47dc-92e5-d90504790319,Web,Keyboards,Membrane Office Keyboard,1,23.88,23.88
2025-08-06 10:16:14,8bda2eae-489f-45ca-85ad-b74ec8ba01b6,B2B,Headsets,Noise-Cancelling Gaming Headset,1,90.55,90.55
2025-08-06 09:31:51,3ac38646-ee0b-49ca-a48f-1e262356c16b,B2B,Headsets,In-Ear Gaming Earbuds,1,27.99,27.99
2025-08-06 09:39:42,f20b5e93-53c0-4751-b47d-2ffb293119e6,B2B,Mice,Trackball Mouse,2,73.58,147.16
2025-08-06 09:26:41,ead0305d-e42c-4ba4-bcf4-7df23394ecc2,Web,Headsets,In-Ear Gaming Earbuds,2,46.72,93.44
2025-08-06 15:52:37,e0008c8e-a4ee-4d20-9d6e-7871f11d7f35,Web,Monitors,24-inch 144Hz Gaming Monitor,2,213.11,426.22
2025-08-06 13:11:45,1a2e1de6-6f42-49bf-963f-ed45ad374aaa,Web,Storage,2TB External HDD,2,68.59,137.18
2025-08-06 12:03:11,666ea038-33d6-48f5-a8e6-0c418b908180,Retail,Networking,USB Wi-Fi Adapter,1,39.09,39.09
2025-08-06 14:58:44,b0f37e57-dee4-43ce-9956-0622e1d57af5,Retail,Keyboards,Mechanical Gaming Keyboard,1,126.65,126.65
2025-08-06 11:10:18,eb4ff268-978c-4c22-b048-a3f3798dc4c6,Web,Storage,2TB External HDD,2,68.7,137.4
2025-08-06 10:20:04,e2ffc313-e127-4dbd-9caf-599a7612e68c,B2B,Mice,Optical Gaming Mouse,1,66.5,66.5
2025-08-07 09:02:20,eae6abf9-f045-46a7-bb34-48b62b8a3274,B2B,Mice,Optical Gaming Mouse,2,54.49,108.98
2025-08-07 09:23:24,e7629df1-0b07-4bde-acd5-134ca736d49f,Web,Keyboards,Compact 60% Keyboard,2,62.84,125.68
2025-08-07 09:54:04,1efdf8f2-2e81-4819-9008-dd00182309ac,Web,Keyboards,RGB Backlit Keyboard,1,68.19,68.19
2025-08-07 13:13:14,5e6e634b-cf7a-4300-aa82-9244aa6923cc,Web,Headsets,In-Ear Gaming Earbuds,2,42.02,84.04
2025-08-07 15:07:50,b3d0c475-de77-4bff-967c-c2e5b30b6a4b,Web,Mice,Optical Gaming Mouse,1,65.62,65.62
2025-08-07 15:43:18,b84e59ed-8dc7-4706-9dec-a8639bace699,Web,Mice,Vertical Ergonomic Mouse,2,45.66,91.32
2025-08-07 18:28:27,362c6cbb-e276-4f87-99e3-0693995af7f3,Web,Storage,512GB Portable SSD,2,90.67,181.34
2025-08-07 15:12:17,78d84146-556a-4b86-a842-0da276ccdf9f,Web,Keyboards,Membrane Office Keyboard,1,25.92,25.92
2025-08-07 15:48:29,45b6ec7e-6247-4d67-adb7-7135675efbdc,Retail,Monitors,24-inch 144Hz Gaming Monitor,1,201.2,201.2
2025-08-07 12:17:42,a79ac185-f3c3-4130-bd46-82eace7d0320,B2B,Headsets,In-Ear Gaming Earbuds,1,43.48,43.48
2025-08-07 12:22:25,9c378b48-481a-4fc7-9d3c-62ccec9ab033,Web,Storage,128GB USB Flash Drive,2,24.05,48.1
2025-08-07 15:25:23,6d38e7fa-d797-4f1d-8168-a2756201031d,B2B,Storage,128GB USB Flash Drive,1,20.34,20.34
2025-08-07 11:23:50,a9dce57b-8556-4608-a461-b2a85302951c,B2B,Mice,Optical Gaming Mouse,1,50.08,50.08
2025-08-07 15:26:19,0f67d008-0f46-43d6-a615-e5d654a86e61,Retail,Keyboards,RGB Backlit Keyboard,1,74.83,74.83
2025-08-07 18:44:23,49ba593b-e86c-48cb-9227-0ff13348dfab,Retail,Keyboards,Membrane Office Keyboard,1,32.76,32.76
2025-08-07 13:59:48,b560776d-01b8-4ce9-b248-ecd7debe01ba,B2B,Mice,Trackball Mouse,2,84.08,168.16
2025-08-07 20:44:59,3eda416e-f856-431b-8fdf-4741851e8b44,B2B,Headsets,Noise-Cancelling Gaming Headset,1,142.91,142.91
2025-08-07 18:35:56,0c6dccc1-3f0d-472a-ab94-7717695bb86d,Web,Mice,Vertical Ergonomic Mouse,2,61.35,122.7
2025-08-08 16:55:41,b07d1071-1a6a-40a0-8ef8-25cffaacccfd,Retail,Storage,1TB NVMe SSD,1,79.75,79.75
2025-08-08 13:13:42,8c6dfd61-b44f-422f-955d-a8b86c1d59fc,B2B,Mice,Wireless Bluetooth Mouse,2,38.33,76.66
2025-08-08 12:42:36,84f2d6a4-b1f2-4d31-abf6-1093a4f62af3,Web,Keyboards,Mechanical Gaming Keyboard,1,117.79,117.79
2025-08-08 16:37:40,c1450ebc-2e75-42f4-9235-04c97256b63d,B2B,Mice,Optical Gaming Mouse,1,57.99,57.99
2025-08-08 19:04:26,6f3b6970-1f55-48e4-a51f-19221fddaa35,Web,Keyboards,RGB Backlit Keyboard,1,75.36,75.36
2025-08-08 17:41:12,c35af22e-2df1-41b2-b5fd-761d07d71690,Web,Storage,1TB NVMe SSD,3,89.99,269.97
2025-08-08 12:30:08,5d091e91-50a4-47ae-8fe7-2676b63863a5,Retail,Mice,Precision Laser Mouse,1,74.17,74.17
2025-08-08 13:34:39,ac959a1c-3a01-4484-b758-3ee3901fb645,Retail,Headsets,Noise-Cancelling Gaming Headset,1,83.99,83.99
2025-08-08 20:01:35,78e74738-6212-4517-b15c-7aa40270be10,Retail,Networking,Gigabit Ethernet Switch,1,45.51,45.51
2025-08-08 10:18:25,0423fc75-ae47-4d82-a0a5-77e94d60a7e0,B2B,Storage,512GB Portable SSD,1,67.3,67.3
2025-08-08 16:25:11,f96dd0e1-8cc0-40d2-a4c8-a707aa2ad526,Retail,Mice,Wireless Bluetooth Mouse,1,51.3,51.3
2025-08-08 15:53:44,72aa5715-c93d-4888-8b11-61b604ae1e67,Retail,Mice,Wireless Bluetooth Mouse,2,39.39,78.78
2025-08-08 18:06:29,118eabc5-4a47-4b15-820c-d4fdad0c1bee,B2B,Keyboards,Compact 60% Keyboard,1,51.8,51.8
2025-08-08 09:13:25,c7bc04b7-c48c-4aea-8ab1-0bae033710bb,Retail,Storage,128GB USB Flash Drive,1,15.46,15.46
2025-08-08 19:07:11,d922ad43-f4a8-4fe6-95c7-7a944cbf7ca3,B2B,Monitors,24-inch 144Hz Gaming Monitor,2,209.84,419.68
2025-08-08 10:39:26,a3c408d2-1e67-40e8-a3b9-b7d76ecd3db4,B2B,Headsets,Wireless Bluetooth Headphones,2,80.95,161.9
2025-08-08 19:56:35,3580dfbb-0f2f-47cd-8123-bca38a3cd098,Retail,Mice,Optical Gaming Mouse,2,67.85,135.7
2025-08-08 11:22:50,e6dfbf09-9062-4886-b0e9-8c7ed9e0e580,Web,Storage,512GB Portable SSD,1,77.29,77.29
2025-08-09 20:37:02,91d9b9b9-da3e-4b18-a067-5a4f994790bd,Web,Storage,2TB External HDD,2,88.22,176.44
2025-08-09 19:26:53,8081b105-e625-401f-be90-851603d9e6df,Web,Headsets,Wireless Bluetooth Headphones,1,98.17,98.17
2025-08-09 13:34:50,628c1a5b-6ee9-4f1f-8259-326858a5d67b,Web,Keyboards,RGB Backlit Keyboard,1,65.28,65.28
2025-08-09 10:46:03,8ac4ecd7-4ec1-49a1-9d75-bb6b4e9d832b,Retail,Networking,USB Wi-Fi Adapter,1,27.4,27.4
2025-08-09 12:02:04,3b1a9622-8e59-4263-be10-8891e950ec0f,B2B,Networking,Powerline Ethernet Adapter,2,41.99,83.98
2025-08-09 18:41:45,e4f8d46e-498f-493d-98ba-b2d01aeab97b,B2B,Monitors,27-inch 4K IPS Monitor,1,445.57,445.57
2025-08-09 09:03:54,799ee3df-c1a3-4a66-a7a0-8b372b4bc72e,Web,Mice,Wireless Bluetooth Mouse,2,27.99,55.98
2025-08-09 15:54:26,d91bbf33-d604-4dd8-8728-14382b8f4742,Retail,Networking,Gigabit Ethernet Switch,1,46.5,46.5
2025-08-09 09:47:04,901e03c7-56b9-4129-ba2b-ee71939d247e,B2B,Storage,4TB Desktop HDD,2,147.84,295.68
2025-08-09 12:16:32,fcdee956-d1b3-413d-9bb8-aa23d6cca8ee,Retail,Networking,Gigabit Ethernet Switch,1,63.4,63.4
2025-08-09 13:56:09,a39ec1ce-84ed-4146-a050-cc61389ed123,Web,Networking,Powerline Ethernet Adapter,1,63.8,63.8
2025-08-09 16:36:42,9385e619-01c6-46a5-b278-f516f3186b5f,B2B,Keyboards,RGB Backlit Keyboard,2,81.6,163.2
2025-08-10 11:50:45,9ea502d4-8864-4270-8cc3-b2a9c927a284,B2B,Keyboards,RGB Backlit Keyboard,1,75.93,75.93
2025-08-10 09:08:19,1c434ea0-73fe-4588-b39e-7a8dc0801f92,B2B,Networking,Gigabit Ethernet Switch,1,62.25,62.25
2025-08-10 17:51:41,dc1d938c-467c-4326-b34d-dd4e0c835431,Web,Keyboards,RGB Backlit Keyboard,2,99.74,199.48
2025-08-10 17:29:54,1848dc65-2ad2-41b1-a0ff-7f68528b8561,Retail,Monitors,24-inch 144Hz Gaming Monitor,1,158.45,158.45
2025-08-10 18:13:27,ed999fe1-adef-49b3-9748-578809943d32,B2B,Headsets,Wireless Bluetooth Headphones,1,102.23,102.23
2025-08-10 15:18:55,0cba3156-5b9a-4347-9e04-3af42c9730c9,B2B,Headsets,Noise-Cancelling Gaming Headset,2,83.99,167.98
2025-08-10 09:58:40,7f431457-196c-49a3-bdc9-0896ce920e5f,B2B,Headsets,USB Conference Headset,1,43.11,43.11
2025-08-10 19:24:07,d02cc393-eb15-46e2-9d7b-1d7be28e4ce3,Retail,Storage,512GB Portable SSD,2,77.18,154.36
2025-08-10 09:04:45,9e23acf9-7818-41bc-89ad-8a991eddbf13,Retail,Mice,Optical Gaming Mouse,3,65.55,196.65
2025-08-10 18:42:27,8b4d0928-d8da-4cf3-a1bb-5cf18e5a0d8d,Web,Networking,USB Wi-Fi Adapter,1,26.17,26.17
2025-08-10 14:21:10,265acd98-0a2a-49b7-bcd3-63304bb6c942,Web,Networking,Powerline Ethernet Adapter,1,65.07,65.07
2025-08-10 16:47:19,2e0a6850-2edc-4c89-977e-4f46806bb699,Web,Networking,Wireless Mesh Router System,2,212.28,424.56
2025-08-10 10:59:45,9416d4d0-be03-4380-a21b-7f50760b1b46,B2B,Headsets,Wireless Bluetooth Headphones,1,113.1,113.1
2025-08-10 18:17:33,ccd0765e-5732-4c66-88f7-bc88db0411a6,Retail,Headsets,Surround Sound Headphones,1,121.16,121.16
2025-08-10 18:14:03,4454c9fb-d728-40c3-b9dd-ecae4d0f0464,Web,Keyboards,Mechanical Gaming Keyboard,1,119.1,119.1
2025-08-10 19:44:46,9a7788f0-b66e-4f6a-b3f5-9c9fbee067fb,Retail,Mice,Vertical Ergonomic Mouse,2,43.76,87.52
2025-08-10 17:18:56,155be04d-7644-4ad3-8274-4802609d7e69,Web,Keyboards,Compact 60% Keyboard,1,75.51,75.51
2025-08-11 09:30:01,621cdb08-9bdd-4410-9a81-de8264e6e2b7,Web,Monitors,32-inch 8K Professional Monitor,1,1174.41,1174.41
2025-08-11 19:58:17,aa36d36e-55e6-4189-a956-c36fe5d1f253,Web,Keyboards,RGB Backlit Keyboard,2,84.96,169.92
2025-08-11 15:55:11,af84b2e2-8b4b-4b46-a141-7a4cfffcef9c,B2B,Mice,Optical Gaming Mouse,1,49.14,49.14
2025-08-12 10:31:08,3821c5c5-a473-4961-93f9-8ced80ac22ab,Web,Headsets,Surround Sound Headphones,1,153.13,153.13
2025-08-12 11:12:32,5aa769ca-50ac-4061-99bb-52e09caee857,Web,Storage,1TB NVMe SSD,1,95.71,95.71
2025-08-12 17:09:11,ba33c971-f33e-4605-97d4-10c525a58c75,Web,Keyboards,Membrane Office Keyboard,1,33.05,33.05
2025-08-12 17:17:30,34a3bb68-5463-46e6-b231-9d18ff1172f9,Web,Mice,Wireless Bluetooth Mouse,1,31.53,31.53
2025-08-12 09:00:17,e5ddfd16-a336-42e7-bd5a-afee9e6f2244,B2B,Keyboards,RGB Backlit Keyboard,1,71.68,71.68
2025-08-12 13:28:38,330c7790-4824-4108-ac9c-28404523d7c4,Web,Storage,512GB Portable SSD,1,62.06,62.06
2025-08-12 14:42:01,57dec6a8-92ec-4a0a-85e9-cbd81291ef93,Retail,Storage,128GB USB Flash Drive,2,13.99,27.98
2025-08-12 16:59:09,0914dae8-8963-4df6-ba57-b9ba24386fd6,B2B,Keyboards,Membrane Office Keyboard,1,36.33,36.33
2025-08-12 15:18:07,d83c5cb4-2d4f-437e-93fa-ea456c95182b,B2B,Monitors,24-inch 144Hz Gaming Monitor,1,274.89,274.89
2025-08-12 16:35:02,370c4c32-e66c-432a-9eb2-c80eaa37bb51,Retail,Monitors,27-inch 4K IPS Monitor,1,472.49,472.49
2025-08-12 09:54:04,2f64248a-af9c-42ad-afb5-afe19c7c0796,Retail,Keyboards,Mechanical Gaming Keyboard,2,136.25,272.5
2025-08-13 10:59:41,926c4cd6-4a0e-4962-b691-4ee1e1af649e,Retail,Mice,Optical Gaming Mouse,1,74.62,74.62
2025-08-13 13:46:56,731b8fbf-ada2-452c-9c4e-9373836f9b1e,B2B,Monitors,34-inch Ultrawide Curved Monitor,1,582.23,582.23
2025-08-13 17:59:39,1c3800a4-e558-47dc-9485-449ab4d26cbd,Retail,Mice,Optical Gaming Mouse,2,66.07,132.14
2025-08-13 17:41:45,72886e39-85e7-4372-87ab-bf6122edb968,B2B,Networking,USB Wi-Fi Adapter,1,22.23,22.23
2025-08-13 10:42:09,d6ff656f-5bd8-46ba-ae7d-5980a5d127ec,B2B,Keyboards,RGB Backlit Keyboard,1,82.91,82.91
2025-08-13 20:28:16,4da33c35-e419-45e3-9c1b-5a2ca37e5282,Web,Networking,USB Wi-Fi Adapter,1,23.56,23.56
2025-08-13 14:52:21,e917eda4-5e9b-4e0c-80f7-b9f6e92e5806,Retail,Headsets,In-Ear Gaming Earbuds,1,45.26,45.26
2025-08-13 14:37:36,61f4d1f1-b1b6-4705-8cf4-fd40e46ea0bd,Web,Mice,Wireless Bluetooth Mouse,1,28.38,28.38
2025-08-13 15:38:27,e9ede9e3-141e-489f-9a1b-dab158aabf46,Web,Headsets,In-Ear Gaming Earbuds,1,34.74,34.74
2025-08-13 14:57:09,c076c7e0-5009-496e-8023-4b14945dc068,B2B,Headsets,Surround Sound Headphones,1,116.85,116.85
2025-08-13 15:21:26,959b3aa5-fcfe-468a-913f-0989ed4c20a4,Web,Headsets,Wireless Bluetooth Headphones,1,116.86,116.86
2025-08-13 13:23:28,ec13a8fc-9822-4eed-9917-91df6b569d1c,Web,Networking,Wireless Mesh Router System,1,281.97,281.97
2025-08-13 12:26:42,cf156a56-367f-4a17-b094-047f540344e9,Retail,Headsets,In-Ear Gaming Earbuds,1,45.68,45.68
2025-08-13 17:03:08,b0ab2734-f52e-41eb-8e55-8e3c83c83ba0,B2B,Mice,Vertical Ergonomic Mouse,2,41.99,83.98
2025-08-13 18:10:40,54c08b3a-b912-4823-9336-b51fe0ffd3e6,Retail,Monitors,34-inch Ultrawide Curved Monitor,1,510.65,510.65
2025-08-13 13:29:49,caa9106f-4380-4a14-a555-26cfa6df0623,Web,Storage,128GB USB Flash Drive,2,23.24,46.48
2025-08-13 11:15:47,933b3b4a-c966-4869-8f8f-c040367568a0,Retail,Keyboards,Compact 60% Keyboard,2,70.46,140.92
2025-08-13 13:32:00,5f5e8d78-a23f-4778-a854-fa348b556407,Retail,Storage,512GB Portable SSD,2,63.19,126.38
2025-08-14 18:59:01,71c6d41b-9048-42ed-9110-c1574a571734,Retail,Mice,Precision Laser Mouse,1,73.76,73.76
2025-08-14 16:03:15,a66ec34f-8698-4ab4-8cfa-3f465374213a,Web,Networking,Powerline Ethernet Adapter,2,66.12,132.24
2025-08-14 11:39:50,9136c135-cbed-4c36-b356-40546d540ba9,B2B,Mice,Vertical Ergonomic Mouse,2,50.57,101.14
2025-08-14 19:34:58,cc0b651a-5020-4f1d-adc9-9eb2cfdb1195,B2B,Storage,128GB USB Flash Drive,2,21.63,43.26
2025-08-14 09:58:53,1db417d2-cc07-4990-aa9d-ecb58cc28bd5,Retail,Keyboards,Compact 60% Keyboard,1,82.64,82.64
2025-08-14 18:05:28,be83fe47-ea96-4706-a431-48e7aff906fc,Retail,Keyboards,Membrane Office Keyboard,1,25.68,25.68
2025-08-14 11:38:08,095248c9-b714-442e-a18e-5fd0f30af4e1,Web,Storage,128GB USB Flash Drive,2,13.99,27.98
2025-08-14 10:22:43,baa1d4b6-374c-484f-9853-5ce7c8b5b7f4,Web,Mice,Optical Gaming Mouse,1,55.57,55.57
2025-08-14 12:30:54,7fbaf173-7e6d-4b05-856c-8e61667ae220,Web,Networking,Powerline Ethernet Adapter,1,80.99,80.99
2025-08-14 09:13:07,8e1c2ea1-885c-425b-b042-5dd820f44544,B2B,Storage,128GB USB Flash Drive,3,19.35,58.05
2025-08-14 17:49:52,234be27a-1592-49d5-a630-7f2a6005cae0,Web,Mice,Vertical Ergonomic Mouse,2,48.79,97.58
2025-08-14 18:15:41,db9ad65c-8d55-461b-be82-9712e1e556b4,Retail,Mice,Optical Gaming Mouse,1,57.21,57.21
2025-08-14 16:05:38,c4ca5451-3522-4f10-83dc-d5209c578363,Web,Keyboards,Wireless Ergonomic Keyboard,1,96.39,96.39
2025-08-14 14:27:06,f1f31a96-4b1c-44f3-895a-745972deed1b,Web,Mice,Precision Laser Mouse,1,84.48,84.48
2025-08-14 20:43:17,26e66af3-12c0-4a82-9c9f-721fc663315f,Web,Storage,1TB NVMe SSD,1,102.66,102.66
2025-08-14 20:28:37,ed6fa93f-d66d-4473-bd52-51fd842345e3,Web,Networking,Powerline Ethernet Adapter,2,58.05,116.1
2025-08-14 13:50:49,a5181f42-2a2e-4a10-9006-cb99b07e19f6,Web,Mice,Vertical Ergonomic Mouse,2,61.27,122.54
2025-08-14 16:29:58,6ed3ff6e-49c0-4bd6-81d1-e8ea65941dd5,Web,Storage,512GB Portable SSD,2,65.91,131.82
2025-08-14 16:46:18,e1f3e26d-674f-4a31-ad81-1ae58b7b6e69,Retail,Storage,128GB USB Flash Drive,2,13.99,27.98
2025-08-15 15:21:03,46d46738-a0cd-4024-9f2c-cbbf8d0caf30,B2B,Mice,Vertical Ergonomic Mouse,1,46.39,46.39
2025-08-15 18:10:35,05fe0d26-22d4-4ad1-9018-94f83327537a,B2B,Keyboards,RGB Backlit Keyboard,1,82.53,82.53
2025-08-15 16:35:03,2c94f312-1777-4727-a58d-1f8544e0f342,Web,Headsets,Noise-Cancelling Gaming Headset,1,112.58,112.58
2025-08-15 12:04:43,c25a5ea0-a9c2-4455-af92-6b036332ba49,Retail,Keyboards,RGB Backlit Keyboard,1,75.87,75.87
2025-08-15 19:59:28,c957469d-a125-4377-906b-7dac51330e2b,B2B,Keyboards,Mechanical Gaming Keyboard,1,123.17,123.17
2025-08-15 12:08:09,c95c7c67-46ad-48bb-8e92-d5a788d9a7b9,Retail,Keyboards,Membrane Office Keyboard,2,27.49,54.98
2025-08-15 14:37:09,af485bee-cc0c-469c-a712-2210aa0835ec,Web,Keyboards,Wireless Ergonomic Keyboard,1,77.39,77.39
2025-08-15 19:32:23,06e7985f-8060-465d-9a6b-d1d3fa9bdd55,Retail,Headsets,Noise-Cancelling Gaming Headset,2,98.34,196.68
2025-08-15 13:54:09,f59663cb-7888-4a6a-b7c5-62d94f547b0d,Web,Monitors,34-inch Ultrawide Curved Monitor,1,630.34,630.34
2025-08-15 16:53:21,6ca0f93c-a741-487f-bc3a-9dabd261bc44,Web,Storage,512GB Portable SSD,1,73.58,73.58
2025-08-15 20:09:55,cb69aa01-148e-4919-bb92-83ed79f1a994,B2B,Mice,Optical Gaming Mouse,2,47.5,95.0
2025-08-15 19:32:54,91576dd3-9091-4336-99c9-537bcd290e16,B2B,Mice,Precision Laser Mouse,2,76.22,152.44
2025-08-15 17:45:16,931bd409-8627-4c9b-bcb0-feb847c5ba7f,B2B,Keyboards,RGB Backlit Keyboard,1,83.71,83.71
2025-08-16 15:51:22,7a9aaeed-c670-4cd4-b688-da81feed54d2,Retail,Keyboards,Membrane Office Keyboard,1,32.18,32.18
2025-08-16 12:55:56,1eb47b1d-4285-4f40-b17e-c6034b75f12c,Web,Mice,Precision Laser Mouse,1,81.91,81.91
2025-08-16 14:22:14,7295d326-6c98-4b63-8e0e-6168f742d3b1,Web,Networking,USB Wi-Fi Adapter,1,34.53,34.53
2025-08-16 14:59:48,024c6368-d22a-4ddb-9430-fd015272799e,Retail,Mice,Precision Laser Mouse,1,54.52,54.52
2025-08-16 16:32:18,6cc16585-2610-43a7-b36c-bd13298b94bc,Web,Monitors,27-inch 4K IPS Monitor,1,380.89,380.89
2025-08-16 20:23:53,e892229d-0aa8-4273-9e4c-6fe880256679,Retail,Keyboards,RGB Backlit Keyboard,1,67.91,67.91
2025-08-16 11:20:00,f6882cb2-d9ed-4aae-b6fe-0792cff26895,B2B,Networking,USB Wi-Fi Adapter,2,25.12,50.24
2025-08-16 17:59:21,c0af9636-fd89-40ab-a8fe-80cfa141f84c,Web,Storage,128GB USB Flash Drive,2,18.53,37.06
2025-08-16 15:49:08,b985882a-4f9c-411b-9f26-ad33950d5047,Retail,Storage,2TB External HDD,1,98.5,98.5
2025-08-16 20:01:39,36515bc5-678a-4a0d-969c-0066195264f5,Web,Headsets,Noise-Cancelling Gaming Headset,1,109.93,109.93
2025-08-16 13:55:08,1c5a122a-7609-4a62-bbf4-db8e5ff03645,B2B,Keyboards,Wireless Ergonomic Keyboard,2,70.64,141.28
2025-08-16 14:57:00,1f705389-9eb6-4315-97c1-260f50600f8b,Web,Keyboards,Membrane Office Keyboard,1,33.35,33.35
2025-08-16 16:29:35,e1373401-3c23-421e-82a5-4bfc7f7ea4fd,B2B,Networking,Powerline Ethernet Adapter,1,53.9,53.9
2025-08-16 09:18:58,8aa531ec-66fa-4ab5-a869-cf816efe8c46,Retail,Mice,Vertical Ergonomic Mouse,1,37.7,37.7
2025-08-16 11:23:07,4e94152c-8c6e-48c9-820a-ce7e455ffee4,Retail,Storage,4TB Desktop HDD,2,134.29,268.58
2025-08-16 18:33:08,504174a2-39aa-4c67-b435-02130c61a979,Retail,Keyboards,RGB Backlit Keyboard,1,81.09,81.09
2025-08-16 11:49:15,7cececa4-ad64-4a57-a71c-a7a66bb22506,B2B,Keyboards,Membrane Office Keyboard,1,30.94,30.94
2025-08-16 18:44:45,57385da0-c0c8-4ab3-96af-53b81c2bd4f2,Web,Mice,Wireless Bluetooth Mouse,1,42.25,42.25
2025-08-16 15:49:46,2ced1d64-f73f-4e9c-b043-0084aa52a10d,Retail,Headsets,Wireless Bluetooth Headphones,2,84.7,169.4
2025-08-16 17:27:12,6f8f81be-3aed-4197-9172-533a7c14c22b,Web,Keyboards,Mechanical Gaming Keyboard,1,113.67,113.67
2025-08-16 11:01:52,34ffa53f-3b3a-4b1e-ad12-383bd6648b0f,Web,Networking,USB Wi-Fi Adapter,1,28.63,28.63
2025-08-16 17:58:17,e0e9110f-4b94-43e5-8e5b-d9fd41b52104,Retail,Keyboards,Compact 60% Keyboard,1,58.12,58.12
2025-08-16 17:13:13,d06292bd-0102-419d-b74f-c530bef1d0e9,Web,Networking,Powerline Ethernet Adapter,1,44.99,44.99
2025-08-16 09:50:32,c1d6792b-b53c-4125-a1b1-80224acd0dd4,B2B,Keyboards,Membrane Office Keyboard,1,31.96,31.96
2025-08-16 15:31:46,a9ffce58-4aac-4e00-91ae-b082d92201bc,Web,Storage,2TB External HDD,1,90.23,90.23
2025-08-16 13:38:58,0e1b9cba-7134-45ad-ae9d-372ea8d8034b,Retail,Mice,Wireless Bluetooth Mouse,1,30.81,30.81
2025-08-16 09:35:23,f585c441-5979-43fe-88bd-4e1d731cee5e,Retail,Networking,Gigabit Ethernet Switch,1,52.46,52.46
2025-08-17 19:56:55,a0f8c0d7-bcac-423d-9e6a-a1909b5c5d21,Web,Keyboards,Mechanical Gaming Keyboard,1,128.11,128.11
2025-08-17 14:50:57,730d84dd-83fa-4d01-960c-1f81e260052a,B2B,Headsets,Surround Sound Headphones,1,149.3,149.3
2025-08-17 19:03:34,0ef118a5-c53a-480a-9d01-2ba0499e0043,Web,Storage,4TB Desktop HDD,1,90.2,90.2
2025-08-17 20:02:18,3ee20fa4-0c6f-4b00-906b-8e6a02dddb1c,Web,Mice,Optical Gaming Mouse,3,52.15,156.45
2025-08-17 12:04:22,d485f23c-4aa4-476e-9426-0c8613269fe8,B2B,Mice,Trackball Mouse,2,83.91,167.82
2025-08-17 19:41:06,3bb08b22-3e11-45c6-b6a0-dc71da3a54dd,B2B,Mice,Wireless Bluetooth Mouse,2,35.49,70.98
2025-08-17 14:22:32,1422d4bf-b8ba-4b87-a27d-d71bed87c2b1,Web,Keyboards,Wireless Ergonomic Keyboard,1,117.03,117.03
2025-08-17 17:59:20,998f2a12-f99e-4d21-acd2-4e6bb1d64e79,Retail,Mice,Precision Laser Mouse,2,72.04,144.08
2025-08-17 16:35:16,58d469c9-f014-4ccb-b327-63807ef63bcb,B2B,Keyboards,Mechanical Gaming Keyboard,2,150.27,300.54
2025-08-17 19:06:25,ea0832c2-44ef-4485-b9d5-6045177fe8cf,B2B,Networking,Gigabit Ethernet Switch,1,38.6,38.6
2025-08-17 19:45:13,8c0cab57-a612-4c57-b623-46b4ce326a5d,Web,Headsets,Wireless Bluetooth Headphones,1,114.15,114.15
2025-08-17 15:27:51,1b167212-2e58-4e2f-87ae-6beebbeb5e55,Retail,Headsets,Surround Sound Headphones,2,154.96,309.92
2025-08-17 18:36:30,0755e57f-512e-4f5d-ae80-2be085e9cd53,Retail,Storage,128GB USB Flash Drive,1,19.37,19.37
2025-08-17 12:10:26,d00c8c5e-c47a-4d39-afc0-59af0f9a9b41,Web,Keyboards,Wireless Ergonomic Keyboard,1,82.15,82.15
2025-08-17 09:21:34,b376525c-1d67-4bcb-aabf-319b4d69eb48,Web,Mice,Optical Gaming Mouse,2,68.43,136.86
2025-08-17 14:28:45,3c795f78-78fd-45ce-80f1-39858d883227,Retail,Keyboards,Compact 60% Keyboard,2,73.77,147.54
2025-08-17 12:15:37,850f1a98-ac8b-421b-a9f7-501a2395b655,B2B,Monitors,24-inch 144Hz Gaming Monitor,1,241.83,241.83
2025-08-17 11:06:29,16860c2b-ee7d-423d-b7e3-3649c63463b1,B2B,Networking,Gigabit Ethernet Switch,1,58.5,58.5
2025-08-17 17:02:04,fc97531e-a634-4e32-91b2-7d099cd78522,B2B,Monitors,15.6-inch Portable USB-C Monitor,1,208.59,208.59
2025-08-17 16:38:55,f74fae8a-39e1-494e-bdca-b385841b9f50,Web,Mice,Optical Gaming Mouse,2,55.43,110.86
2025-08-17 14:13:10,fb43aa51-d433-45a8-be8d-6fc2bd5e4647,Retail,Networking,Gigabit Ethernet Switch,2,50.25,100.5
2025-08-17 17:51:41,3234fe68-8e7d-4ef5-8046-f46438c6f0dc,Retail,Mice,Optical Gaming Mouse,1,49.39,49.39
2025-08-18 14:08:55,810add21-f6f3-4a09-a17f-369147189130,Retail,Headsets,Surround Sound Headphones,1,141.83,141.83
2025-08-18 17:29:52,1f9559ff-f444-4d13-9d7b-5bfb65406730,Web,Keyboards,Membrane Office Keyboard,1,29.9,29.9
2025-08-18 18:59:30,91c6215a-a6cb-46e3-a28b-e422e46a450d,B2B,Keyboards,Compact 60% Keyboard,1,59.04,59.04
2025-08-18 12:35:55,29c5beaf-01db-407c-a409-f2c006703f49,Web,Storage,1TB NVMe SSD,1,70.42,70.42
2025-08-18 16:29:58,5039aa7c-82c3-449b-92ef-e82a73057a34,Web,Storage,2TB External HDD,2,77.21,154.42
2025-08-18 20:46:30,034c293c-a6a1-47b8-aa4e-f107c87af7e1,Retail,Monitors,24-inch 144Hz Gaming Monitor,1,253.81,253.81
2025-08-18 18:03:00,b6219db5-19ce-435b-8689-fac46bd3efc3,Web,Headsets,Wireless Bluetooth Headphones,2,107.9,215.8
2025-08-18 13:09:12,7c53084c-207c-4ccf-8f1d-2fc4de96815f,Retail,Mice,Wireless Bluetooth Mouse,1,41.3,41.3
2025-08-18 09:22:47,3a82dcce-4b59-4653-8f47-726b1b2f7068,B2B,Monitors,24-inch 144Hz Gaming Monitor,1,237.68,237.68
2025-08-18 18:53:59,afbe1900-fd8c-4e53-a859-365238d3a744,Retail,Storage,512GB Portable SSD,1,69.5,69.5
2025-08-18 18:40:30,c17ca121-c052-469d-9784-4c431f921c6a,Retail,Keyboards,RGB Backlit Keyboard,1,64.23,64.23
2025-08-18 15:49:29,51981ca1-bf83-43fd-9b87-81a4947b1660,Web,Headsets,Noise-Cancelling Gaming Headset,1,132.37,132.37
2025-08-18 20:43:24,c41851b6-f9d3-4411-9a0d-8f9430d138e0,Web,Headsets,Surround Sound Headphones,2,140.64,281.28
2025-08-18 18:45:23,38ab5a3a-f5b2-4586-afc1-3f493b8997ff,Retail,Keyboards,Compact 60% Keyboard,1,68.22,68.22
2025-08-18 19:24:43,bfc3b453-0187-40d5-8c9c-8f6df63f6bc2,Web,Storage,1TB NVMe SSD,1,99.16,99.16
2025-08-18 10:37:04,0b399ba4-8c42-462b-bb4e-4f8e9c66278c,Web,Storage,2TB External HDD,1,77.97,77.97
2025-08-18 16:01:23,05484f67-5a34-4c08-a5d9-efe786915b1f,Retail,Storage,1TB NVMe SSD,1,91.03,91.03
2025-08-18 19:37:07,126bf805-270b-44cb-a747-a05b605d14e9,Retail,Keyboards,Wireless Ergonomic Keyboard,1,79.19,79.19
2025-08-19 15:45:53,416c725f-cac1-40b1-abd2-659e268de413,Retail,Networking,Gigabit Ethernet Switch,2,44.62,89.24
2025-08-19 14:35:36,b7c8c152-b4ef-4bc0-b019-616417d71765,B2B,Storage,1TB NVMe SSD,2,89.79,179.58
2025-08-19 14:38:29,c905c773-cbbd-4c3b-857d-46666376cef3,Web,Storage,4TB Desktop HDD,2,106.37,212.74
2025-08-19 16:57:05,5de42539-feda-4bba-95c3-bef7572e83f0,Web,Monitors,27-inch 4K IPS Monitor,1,349.89,349.89
2025-08-19 15:30:36,4b2f474a-6b9d-4fe7-b7df-8e71a587f014,Retail,Keyboards,RGB Backlit Keyboard,1,95.47,95.47
2025-08-19 15:40:24,7fdb28f8-5461-4504-b90b-5e28117352d9,B2B,Storage,128GB USB Flash Drive,1,18.82,18.82
2025-08-19 09:56:13,c5622db5-d4e9-4868-8b95-7af415ba0887,Retail,Keyboards,RGB Backlit Keyboard,1,84.19,84.19
2025-08-19 14:09:49,98c3d13e-f6a7-4ff5-ba18-f360e096e643,Retail,Headsets,Surround Sound Headphones,1,121.32,121.32
2025-08-19 14:16:54,698684ec-1302-4418-8734-7932f2c30acd,Web,Networking,Wireless Mesh Router System,1,223.76,223.76
2025-08-19 09:02:51,24d9dedb-1250-456c-bb68-68577b92c562,B2B,Keyboards,Mechanical Gaming Keyboard,1,130.09,130.09
2025-08-19 11:01:34,c06e3e10-0221-4080-ba42-f3b2b77b403a,Web,Mice,Trackball Mouse,2,78.38,156.76
2025-08-19 10:37:01,f4af3c84-7a21-4ee3-a2a0-81ab24b546cc,Retail,Headsets,In-Ear Gaming Earbuds,1,40.91,40.91
2025-08-19 11:31:56,4601415f-08a8-4b54-b490-32181db0a62e,B2B,Keyboards,RGB Backlit Keyboard,2,93.47,186.94
2025-08-19 20:12:15,989cb060-c269-4917-b080-8bc2d0d99bfd,Retail,Mice,Wireless Bluetooth Mouse,1,44.03,44.03
2025-08-19 15:38:45,0cddc6b4-7dbc-4f2f-be4f-c2260669d709,Web,Storage,2TB External HDD,2,97.93,195.86
2025-08-19 18:03:33,ffe24427-b073-4582-ad4a-f17fb6d851e1,B2B,Storage,128GB USB Flash Drive,2,22.28,44.56
2025-08-20 12:21:44,c023ef30-83b9-4e4a-8e59-10e8a227870c,Web,Networking,USB Wi-Fi Adapter,1,29.63,29.63
2025-08-20 18:48:11,feb1e486-06a3-4c74-bbf8-5e263d3dd376,Web,Monitors,34-inch Ultrawide Curved Monitor,1,522.59,522.59
2025-08-20 20:14:40,2dc989c3-59a6-4d77-b10a-b0fc3ba403d1,Retail,Headsets,Wireless Bluetooth Headphones,2,133.73,267.46
2025-08-20 15:25:10,a3b8e33e-f1b4-4d09-a120-e62b073e9ba2,B2B,Headsets,Surround Sound Headphones,2,141.99,283.98
2025-08-20 11:43:40,6eca4826-253d-4213-9e01-1ec4730c6c0b,Web,Headsets,Noise-Cancelling Gaming Headset,1,112.75,112.75
2025-08-20 18:19:49,00760dc4-515c-4e1d-b535-21e42ab7146f,B2B,Headsets,Wireless Bluetooth Headphones,1,103.47,103.47
2025-08-20 14:58:45,baa9a351-1abe-46f7-ad0e-8b944460eb1c,Web,Mice,Optical Gaming Mouse,2,41.99,83.98
2025-08-20 17:13:43,4e01b078-441e-4a07-93a0-f50b9f791c0f,Web,Storage,512GB Portable SSD,2,61.91,123.82
2025-08-20 16:39:32,98f800f0-2458-4854-9671-70b7b15ed0cf,Web,Mice,Wireless Bluetooth Mouse,2,40.08,80.16
2025-08-20 10:47:19,137f5f68-b6f9-4ede-8b03-5b01ee4f3d20,Retail,Keyboards,Compact 60% Keyboard,1,59.88,59.88
2025-08-20 14:41:01,e66c5e3b-77ca-4fd6-96e4-a8b667121ea4,Web,Storage,2TB External HDD,1,81.96,81.96
2025-08-20 16:44:55,f5c64903-f4d6-408b-85fd-304fa026c736,Retail,Keyboards,RGB Backlit Keyboard,1,83.53,83.53
2025-08-20 17:34:51,6635530f-865f-4952-8e4e-839dcba11a30,Retail,Networking,USB Wi-Fi Adapter,1,27.72,27.72
2025-08-20 15:34:33,9f6a1fcf-af02-43c2-80b7-67144a1ae28e,B2B,Networking,Gigabit Ethernet Switch,1,62.41,62.41
2025-08-20 19:10:29,9e915e46-6e81-49f5-a8ec-feb6539c6c4e,Web,Networking,Gigabit Ethernet Switch,1,57.63,57.63
2025-08-20 11:27:27,99145db8-8cc3-4fee-99f5-2494246a0ff2,B2B,Headsets,Noise-Cancelling Gaming Headset,1,96.71,96.71
2025-08-20 20:12:28,88d8cb31-5e74-4a66-a698-a1f33a04b7e0,Web,Monitors,24-inch 144Hz Gaming Monitor,2,215.14,430.28
2025-08-20 14:10:11,de20f3ec-26e0-45f1-a5e2-0cb314350b44,B2B,Headsets,In-Ear Gaming Earbuds,1,46.76,46.76
2025-08-20 18:00:29,65272bbd-083d-4e1b-953e-9a092e6c4f55,B2B,Mice,Wireless Bluetooth Mouse,2,33.75,67.5
2025-08-20 17:06:08,e810e6d9-19e9-4596-8a34-1ed0b4d20eba,B2B,Mice,Wireless Bluetooth Mouse,1,27.99,27.99
2025-08-20 16:24:18,746bba97-feb8-4533-8262-b2b014b39950,Web,Keyboards,Mechanical Gaming Keyboard,1,146.4,146.4
2025-08-20 14:47:34,2d59fda5-c00c-4f6b-9656-713a8fc6f548,Web,Keyboards,Mechanical Gaming Keyboard,1,161.11,161.11
2025-08-20 13:07:49,49e7b13e-f5d9-4c7d-a099-43fc920cae82,Retail,Headsets,Noise-Cancelling Gaming Headset,1,98.98,98.98
2025-08-20 17:37:12,7ce3b600-9bdb-4a02-abdc-188e7d3b58b7,Web,Headsets,In-Ear Gaming Earbuds,1,46.18,46.18
2025-08-20 15:22:51,ac03e5cf-ccd5-45ae-b374-17d92b325269,B2B,Keyboards,RGB Backlit Keyboard,1,77.05,77.05
2025-08-20 19:07:53,856c9f51-56ab-41fb-821d-20701fc34b05,B2B,Networking,Powerline Ethernet Adapter,1,76.34,76.34
2025-08-20 09:00:45,a031628c-52c3-470e-ab6a-443dec0d3c49,Retail,Monitors,27-inch 4K IPS Monitor,1,380.06,380.06
2025-08-20 20:40:11,f1129948-6b7d-40c7-8409-65ed4057f646,Retail,Headsets,Surround Sound Headphones,1,154.21,154.21
2025-08-21 09:04:41,dc9eb130-0f51-4439-9b41-127b09dd6470,B2B,Headsets,USB Conference Headset,2,48.35,96.7
2025-08-21 09:25:42,c271c0c5-43e9-4fd4-b0d6-43748cdc9f69,Retail,Monitors,24-inch 144Hz Gaming Monitor,1,271.42,271.42
2025-08-21 11:10:14,9a7b9cbc-69bb-4dc7-9da9-b00a0471a3cc,Retail,Storage,128GB USB Flash Drive,1,19.52,19.52
2025-08-21 11:56:02,513c00b2-397e-40a4-b685-fc92ff549757,Retail,Keyboards,Mechanical Gaming Keyboard,1,128.0,128.0
2025-08-21 09:08:51,c7e6daf3-62ed-405e-956c-693cf2c4a5f0,Web,Mice,Optical Gaming Mouse,1,53.12,53.12
2025-08-21 18:28:23,654717a5-bc36-417f-8bc6-598cb81a3e00,B2B,Mice,Optical Gaming Mouse,1,63.58,63.58
2025-08-21 20:51:20,3012f68f-d4cf-45b4-a4dd-aeaf7ac37a59,B2B,Headsets,USB Conference Headset,2,45.94,91.88
2025-08-21 15:42:38,e4722650-2e93-47d4-a624-73f2dae78769,Retail,Mice,Precision Laser Mouse,1,62.46,62.46
2025-08-21 13:03:46,f4d5d1f4-f820-4bd7-b39c-2a2a953d9f12,Retail,Mice,Precision Laser Mouse,1,60.54,60.54
2025-08-21 12:16:21,d8c20fb0-7867-450f-82a1-ce6d9122e8e5,Retail,Storage,1TB NVMe SSD,1,121.49,121.49
2025-08-21 17:34:42,15b8412f-6e4c-49b0-81f6-fb52625eb71d,Retail,Storage,128GB USB Flash Drive,1,15.91,15.91
2025-08-21 17:12:50,12355b2f-34fd-4037-8bee-6830732ef141,B2B,Mice,Wireless Bluetooth Mouse,1,27.99,27.99
2025-08-21 14:41:35,0bc802dd-2f77-42e2-a2ed-2a01342387e3,B2B,Networking,USB Wi-Fi Adapter,2,23.92,47.84
2025-08-21 15:25:53,7f41c53a-3a95-4aa4-a6b3-dc205615a289,Retail,Mice,Wireless Bluetooth Mouse,3,44.67,134.01
2025-08-21 19:51:29,7bd9512f-4bfa-40b0-b29d-09d7c2f0c422,B2B,Headsets,Wireless Bluetooth Headphones,1,128.68,128.68
2025-08-21 13:15:10,641e8a94-f097-4462-8a36-c843ac08193d,B2B,Storage,512GB Portable SSD,1,58.17,58.17
2025-08-21 17:13:42,565197c8-b60e-4dca-a702-ee13e6d37ac3,Retail,Storage,128GB USB Flash Drive,2,18.19,36.38
2025-08-21 20:21:55,9d840837-98b8-4099-b851-a729ec1c0bf2,Retail,Headsets,Surround Sound Headphones,2,97.99,195.98
2025-08-21 20:50:19,9702b59b-2b7b-45cd-977f-48d2f9fe2c03,Web,Mice,Wireless Bluetooth Mouse,1,31.87,31.87
2025-08-21 15:29:10,1acbc7c6-b118-4b5f-917e-7ae9e1a3184e,Web,Storage,2TB External HDD,2,71.61,143.22
2025-08-21 11:58:48,309d7015-667c-4403-8345-3405914480be,Web,Monitors,27-inch 4K IPS Monitor,1,328.62,328.62
2025-08-21 20:31:58,75fa1675-ff6f-4a25-acaa-d5389526caac,B2B,Keyboards,Compact 60% Keyboard,1,59.71,59.71
2025-08-21 19:50:59,5c511ce3-7d9b-4aa5-a607-1273be737803,B2B,Mice,Vertical Ergonomic Mouse,2,48.21,96.42
2025-08-21 15:08:21,10d93c00-d180-41c4-9796-646ff28b148a,Retail,Headsets,In-Ear Gaming Earbuds,2,39.35,78.7
2025-08-21 09:43:08,5b083b40-c611-4dc1-97aa-88ea3505916f,B2B,Storage,1TB NVMe SSD,2,99.48,198.96
2025-08-22 19:43:43,7bc8ce1a-f422-4ad6-a82c-a2e42bab1145,Web,Storage,1TB NVMe SSD,1,96.64,96.64
2025-08-22 10:51:46,2ad7dfc9-4037-4397-86c9-2ccb6840538a,Web,Storage,1TB NVMe SSD,2,78.31,156.62
2025-08-22 14:36:01,3ccfe55a-c3ef-408c-b717-2fe32d6fb656,Web,Mice,Wireless Bluetooth Mouse,1,33.91,33.91
2025-08-22 17:27:53,e6378c41-1b4f-4adc-b45f-35b0183ef661,Web,Monitors,15.6-inch Portable USB-C Monitor,1,185.73,185.73
2025-08-22 14:07:44,ea26f0e6-a1e4-4b13-88f1-bcdfe822f90c,Retail,Keyboards,Wireless Ergonomic Keyboard,1,74.98,74.98
2025-08-22 19:22:22,124ec0a8-c942-431b-9a69-44e59a18f956,Web,Mice,Wireless Bluetooth Mouse,2,38.18,76.36
2025-08-22 09:51:38,b705654d-5cc1-4ec0-a477-f717954c2805,B2B,Storage,128GB USB Flash Drive,2,23.77,47.54
2025-08-22 13:22:53,41b06916-e2ce-4e72-b08b-b3a97803b421,B2B,Mice,Vertical Ergonomic Mouse,2,55.05,110.1
2025-08-22 09:59:48,80e0b6d0-5a8f-4b0f-9ae5-89ee0530c171,Retail,Headsets,Noise-Cancelling Gaming Headset,2,130.5,261.0
2025-08-22 12:15:28,bb4d076e-1f36-440f-9837-ef6fbf3d45c8,Web,Mice,Optical Gaming Mouse,1,51.42,51.42
2025-08-22 10:42:20,33ff2e6b-23d8-48ef-8d2c-882d8089829d,Retail,Storage,128GB USB Flash Drive,1,20.51,20.51
2025-08-22 15:16:56,bafa8a2a-bf12-4079-aab7-ed93439f0934,Retail,Keyboards,RGB Backlit Keyboard,2,63.46,126.92
2025-08-22 13:33:07,5e22e650-499e-4d6a-98cc-9bc3af97b02e,B2B,Headsets,USB Conference Headset,1,55.72,55.72
2025-08-22 09:27:36,3b874737-3319-48be-9eda-ed016419d2f2,B2B,Mice,Optical Gaming Mouse,1,71.24,71.24
2025-08-22 12:59:39,383bdf8a-ee61-48bd-8f05-e4440e844b2c,Web,Monitors,27-inch 4K IPS Monitor,1,329.02,329.02
2025-08-22 14:02:45,737f7ccb-f922-47d3-9d62-70c8eb6b32c9,B2B,Mice,Vertical Ergonomic Mouse,1,50.09,50.09
2025-08-22 11:58:43,4a5b6c8f-1cb3-4362-ad83-bf913b5f0c42,Retail,Storage,1TB NVMe SSD,1,97.48,97.48
2025-08-22 12:17:50,78983d7e-9860-4fbd-a73c-37e8ccf541fa,B2B,Mice,Optical Gaming Mouse,1,63.61,63.61
2025-08-23 14:02:54,a07e963e-93e5-48e9-aa63-3639f5d165f9,B2B,Monitors,15.6-inch Portable USB-C Monitor,1,190.12,190.12
2025-08-23 20:15:06,29d496c3-4c78-43f0-9247-ed54c2909f06,Web,Mice,Optical Gaming Mouse,1,49.53,49.53
2025-08-23 18:39:04,e15f2496-b468-4492-8fb1-9c2c38c3cfd9,Retail,Keyboards,RGB Backlit Keyboard,1,84.01,84.01
2025-08-23 09:47:18,e4ccd7cd-e923-414d-8071-a1abba1145b3,Web,Monitors,34-inch Ultrawide Curved Monitor,2,375.72,751.44
2025-08-23 19:19:15,a59b58e5-3f2c-4a3f-ac65-ce9c5c28d794,B2B,Headsets,Noise-Cancelling Gaming Headset,1,116.22,116.22
2025-08-23 10:56:02,15b5aecd-2fc2-4e1b-a6ad-a19750dc3e10,Web,Storage,1TB NVMe SSD,1,67.52,67.52
2025-08-23 10:20:01,5379c5ae-2fcf-4da3-91f7-f0be31ba44b7,B2B,Headsets,Noise-Cancelling Gaming Headset,1,122.77,122.77
2025-08-23 19:59:29,129d015b-e93c-4657-b35e-dcf5e3ea1d87,Retail,Monitors,27-inch 4K IPS Monitor,2,455.71,911.42
2025-08-23 16:13:54,e950280f-02d1-41d4-a1e3-ff3cb40f0c82,Web,Keyboards,Membrane Office Keyboard,1,27.72,27.72
2025-08-23 11:43:39,61333cea-e7be-4100-8b9a-1f1af23f9a82,Web,Keyboards,Wireless Ergonomic Keyboard,1,67.81,67.81
2025-08-23 11:10:06,64948e39-61c6-40d6-abf0-e1a135f602d6,Web,Monitors,27-inch 4K IPS Monitor,1,357.55,357.55
2025-08-24 09:28:41,4dffc854-acda-41f8-aa8a-a8407a83254d,B2B,Mice,Wireless Bluetooth Mouse,1,36.12,36.12
2025-08-24 10:23:55,1d7fe53a-fcc5-462e-95ad-260ba36a38eb,Retail,Keyboards,Membrane Office Keyboard,1,38.62,38.62
2025-08-24 11:00:08,ccf39a32-5323-4614-9aed-1412b7ade00b,Retail,Storage,512GB Portable SSD,1,76.88,76.88
2025-08-24 17:31:35,472a7ad5-5d1f-4d55-93aa-d2319f8480d1,Web,Monitors,34-inch Ultrawide Curved Monitor,1,472.98,472.98
2025-08-24 09:10:38,a5e096fc-7b96-4d81-96a8-13d9a99bc97b,Retail,Mice,Wireless Bluetooth Mouse,1,46.85,46.85
2025-08-24 12:41:49,c0966171-a592-4390-bf90-2237c00dca48,Web,Keyboards,Wireless Ergonomic Keyboard,1,88.4,88.4
2025-08-24 15:43:44,9e2fc9f8-41ee-4663-8035-300a978d82c7,Retail,Headsets,Wireless Bluetooth Headphones,1,90.0,90.0
2025-08-24 10:34:45,b497b442-f855-4e02-939f-d5394b598c1c,Web,Storage,1TB NVMe SSD,1,94.88,94.88
2025-08-24 12:53:35,f191437a-ffe9-4214-9f4b-41f115b0334f,Retail,Monitors,15.6-inch Portable USB-C Monitor,1,186.75,186.75
2025-08-24 09:55:48,7ab20d91-05dc-4324-beec-7f713af69a4c,Web,Mice,Wireless Bluetooth Mouse,2,45.56,91.12
2025-08-24 11:00:06,c0bca0a9-cc8d-40b5-aecc-fd601b0d8ea1,B2B,Mice,Optical Gaming Mouse,1,65.08,65.08
2025-08-24 12:11:02,73e0a3a1-ae52-45ef-b071-1bc441791d45,B2B,Storage,512GB Portable SSD,2,83.17,166.34
2025-08-24 17:07:46,9143066e-f6fd-4e7a-91c4-45b517f1c533,Retail,Storage,512GB Portable SSD,2,57.84,115.68
2025-08-24 12:34:36,62294b04-7f2f-4915-bc3b-b54de2f953fe,B2B,Monitors,15.6-inch Portable USB-C Monitor,1,211.71,211.71
2025-08-24 12:47:24,cb4e00fe-fba7-4df6-a8c0-1341c74edc6b,Retail,Monitors,27-inch 4K IPS Monitor,1,324.14,324.14
2025-08-25 20:06:49,c5352468-2432-4b17-8f48-a61f1a99104d,Retail,Keyboards,Wireless Ergonomic Keyboard,1,90.73,90.73
2025-08-25 16:07:27,3eb0cd70-7f7c-430e-989b-e3b25b3e17bc,B2B,Mice,Optical Gaming Mouse,1,64.1,64.1
2025-08-25 18:20:06,37eea535-cd1c-4532-898e-e598c333496d,Retail,Keyboards,Membrane Office Keyboard,2,22.82,45.64
2025-08-25 14:05:48,7ba95f4a-360f-49ec-96e5-7034a8dc270a,B2B,Keyboards,RGB Backlit Keyboard,1,67.11,67.11
2025-08-25 13:23:16,41072556-36c4-4bfb-b95a-93e936e14e03,Retail,Networking,USB Wi-Fi Adapter,1,22.53,22.53
2025-08-25 11:39:25,597af349-9028-48b6-b99b-5f3644b328da,Retail,Mice,Vertical Ergonomic Mouse,1,40.99,40.99
2025-08-25 12:28:28,46bb9467-5cc0-4dae-a321-1a5494f38dd6,Web,Storage,2TB External HDD,1,84.05,84.05
2025-08-25 17:26:48,0d96fb95-606f-444e-be65-0414e8874e7c,Retail,Keyboards,Compact 60% Keyboard,2,67.1,134.2
2025-08-25 20:25:48,6a36c8a3-5376-46f4-9cb6-60bd46feb8fd,Retail,Storage,128GB USB Flash Drive,1,21.49,21.49
2025-08-25 14:23:31,413a9b3b-bd78-4247-8487-ef0d95f0a506,Web,Mice,Optical Gaming Mouse,2,43.6,87.2
2025-08-25 09:10:46,058ab071-94f9-4cb8-af4b-8e96d489a922,B2B,Keyboards,Compact 60% Keyboard,1,67.42,67.42
2025-08-25 20:48:18,79250fef-edde-410b-a8dd-362d0d8e3bc9,Web,Monitors,15.6-inch Portable USB-C Monitor,1,194.56,194.56
2025-08-25 11:31:27,53e217ce-1235-4a1e-99bf-dfa0d541e7ea,Web,Keyboards,Membrane Office Keyboard,2,20.99,41.98
2025-08-25 19:07:04,9d2dc051-a9c9-43da-af94-ef361ef05ea1,Retail,Storage,128GB USB Flash Drive,1,22.73,22.73
2025-08-25 14:11:18,8f8e08f8-d49f-4b0d-8a17-90f756a672d2,Web,Headsets,USB Conference Headset,1,60.59,60.59
2025-08-25 17:47:26,ea39283a-31cb-4294-b02d-9b5fc93b0dc3,Retail,Mice,Optical Gaming Mouse,3,59.98,179.94
2025-08-26 12:00:01,88c0843b-4006-4632-b4e9-77e02652f326,Web,Mice,Wireless Bluetooth Mouse,1,34.85,34.85
2025-08-26 12:44:53,7c73dda9-9ce3-41e2-b4cb-ceabb763edf5,Retail,Keyboards,Wireless Ergonomic Keyboard,1,80.59,80.59
2025-08-26 11:47:09,733b9941-cc22-4cc4-b25d-a4865dec8db7,B2B,Storage,512GB Portable SSD,1,66.15,66.15
2025-08-26 09:24:21,44f2c66d-d3f4-48ad-b42d-d0da18220a7c,Retail,Monitors,27-inch 4K IPS Monitor,1,319.14,319.14
2025-08-26 13:03:24,69888b83-80c1-4ef1-bf4e-56cff8700f62,B2B,Storage,2TB External HDD,3,72.93,218.79
2025-08-26 17:10:17,dcae52e5-4a9d-4c90-ac0c-b1c2e7821971,B2B,Headsets,Wireless Bluetooth Headphones,2,97.53,195.06
2025-08-26 10:34:07,6ff3b907-6c6a-443c-afa0-fd4583333873,B2B,Headsets,Wireless Bluetooth Headphones,1,120.54,120.54
2025-08-26 16:21:43,b06fb353-58fe-4a8c-86a8-ecce923a3e88,B2B,Headsets,Wireless Bluetooth Headphones,1,92.74,92.74
2025-08-26 20:33:41,3c5fbf36-ddcd-4770-adc2-9536fdc2319a,B2B,Mice,Optical Gaming Mouse,1,49.45,49.45
2025-08-26 09:20:10,4a92d3f2-f769-4926-9181-a6460a5f18a7,Web,Networking,USB Wi-Fi Adapter,2,24.47,48.94
2025-08-26 10:07:17,6aa82bf2-b828-4de5-835a-4738787bfc64,Retail,Headsets,In-Ear Gaming Earbuds,1,46.54,46.54
2025-08-27 19:51:43,03f7be29-8232-4edb-8efb-a1e3c3cb5002,B2B,Storage,128GB USB Flash Drive,2,23.38,46.76
2025-08-27 10:10:38,609676a6-20e4-4465-8736-0a6d44a2af46,Retail,Headsets,Wireless Bluetooth Headphones,1,108.6,108.6
2025-08-27 16:52:11,85e2e381-37e0-4828-ad8d-7bd0ccc035bb,Retail,Storage,2TB External HDD,2,73.47,146.94
2025-08-27 17:32:04,c529befb-ee05-4b77-8128-97ba4022daea,Web,Keyboards,RGB Backlit Keyboard,1,75.56,75.56
2025-08-27 20:45:37,e3ddc293-dbb0-427e-96cd-80549bd6409c,B2B,Monitors,24-inch 144Hz Gaming Monitor,1,153.99,153.99
2025-08-27 20:03:07,06132d89-00dc-4aeb-860f-8235fd8fdab1,B2B,Storage,2TB External HDD,1,74.45,74.45
2025-08-27 15:31:22,262c4240-ac45-4572-bc71-f8072990dce6,B2B,Keyboards,Membrane Office Keyboard,1,32.65,32.65
2025-08-27 20:12:26,89479908-0177-4e2e-9e23-b5549db88e40,Web,Networking,Gigabit Ethernet Switch,2,54.67,109.34
2025-08-27 18:55:33,fc68345f-fc68-480a-a3b9-18cefcd0bf45,B2B,Mice,Vertical Ergonomic Mouse,2,45.96,91.92
2025-08-27 09:15:30,fe2b87ff-994a-49ed-83ba-5af51c532190,B2B,Monitors,15.6-inch Portable USB-C Monitor,1,217.81,217.81
2025-08-27 13:23:33,5f60e380-ff6a-4edf-9c2f-0dc6a94216d1,B2B,Storage,512GB Portable SSD,2,88.29,176.58
2025-08-27 12:43:38,12efaeac-652d-4b1c-8e03-dedc02ed92cd,B2B,Networking,Gigabit Ethernet Switch,1,39.46,39.46
2025-08-27 10:09:30,c7f55e87-8dd0-42df-a624-81c730b4268c,B2B,Storage,128GB USB Flash Drive,2,22.14,44.28
2025-08-27 14:06:28,3b4d48ce-a1c4-455a-b767-748196f8b66b,Web,Storage,128GB USB Flash Drive,1,22.78,22.78
2025-08-27 11:20:35,cdab37a0-62e1-4680-9001-84f5a529bbab,Web,Networking,Wireless Mesh Router System,1,309.63,309.63
2025-08-27 13:53:31,876764ba-1e25-43d8-baf1-788021e5e9d1,Web,Storage,4TB Desktop HDD,1,83.99,83.99
2025-08-27 20:11:45,5e07e189-fc37-4bc6-812c-ea0a24d2dbb1,Web,Keyboards,Membrane Office Keyboard,2,26.47,52.94
2025-08-27 18:16:22,470cac5c-5774-4376-838e-aeebad82c9fc,Web,Mice,Optical Gaming Mouse,1,58.09,58.09
2025-08-28 19:47:21,3f0839c0-be29-4ffa-b682-d80b8dbdcef0,B2B,Storage,512GB Portable SSD,2,71.11,142.22
2025-08-28 20:42:19,f4d82ee2-dfec-454a-b95d-47cf5d93f690,B2B,Mice,Vertical Ergonomic Mouse,1,47.76,47.76
2025-08-28 17:47:39,f0f28e9e-c11a-4cd1-96fb-426ba66b9768,Web,Monitors,27-inch 4K IPS Monitor,1,445.55,445.55
2025-08-28 16:30:40,63c5cb48-8b15-450b-b35b-376021744d14,Web,Storage,512GB Portable SSD,2,81.15,162.3
2025-08-28 17:04:04,75d9fd30-f8e6-494f-b41b-2f7b5ae8b07d,Web,Storage,4TB Desktop HDD,1,110.62,110.62
2025-08-28 15:28:01,71fe34f4-dcdf-48a8-961c-f5f7e25791d2,Web,Headsets,Wireless Bluetooth Headphones,2,87.01,174.02
2025-08-28 09:45:58,0cf62cd9-8e11-46df-b1d8-1cfa5ac58584,Web,Keyboards,Membrane Office Keyboard,1,23.46,23.46
2025-08-28 19:10:47,b7cfee98-bef3-4dcd-9271-f46d88102f19,Retail,Storage,128GB USB Flash Drive,2,25.55,51.1
2025-08-28 12:51:51,d2bd5632-ba90-4097-9264-16c9cb6ce9a8,B2B,Keyboards,Wireless Ergonomic Keyboard,1,74.23,74.23
2025-08-28 11:46:15,5c07cb5f-3def-4bb6-add9-58df08b2c810,Retail,Headsets,Noise-Cancelling Gaming Headset,1,138.72,138.72
2025-08-28 19:50:19,4c9ad566-bf78-41c8-a24a-11a4e407dc7e,Web,Mice,Wireless Bluetooth Mouse,2,45.58,91.16
2025-08-28 13:09:42,45df6048-187b-4c7c-bed0-1c6454a1b18e,Web,Networking,Powerline Ethernet Adapter,2,55.97,111.94
2025-08-29 14:26:17,bd0d99b0-6d8c-46c1-9ce6-31bab2da9938,B2B,Keyboards,Mechanical Gaming Keyboard,1,124.94,124.94
2025-08-29 18:34:39,deafc591-5277-436d-94e3-64ec93eb97ff,Web,Storage,1TB NVMe SSD,1,103.01,103.01
2025-08-29 19:08:19,358e228e-fbf3-4b2e-951b-a321778d1696,Web,Storage,128GB USB Flash Drive,1,13.99,13.99
2025-08-29 15:55:04,eb0289dd-0388-43c2-a784-50ef10fbe5bd,Web,Monitors,15.6-inch Portable USB-C Monitor,1,176.98,176.98
2025-08-29 12:20:24,221e2891-e99e-4bb9-b875-ba22d1d35235,Retail,Mice,Wireless Bluetooth Mouse,2,42.13,84.26
2025-08-29 11:15:30,ec34df09-b242-4224-aecc-fb8809de7095,Retail,Mice,Precision Laser Mouse,1,69.79,69.79
2025-08-29 15:38:11,51e5cd8e-2b3f-47df-b825-7647030ba713,B2B,Storage,512GB Portable SSD,2,58.4,116.8
2025-08-29 10:53:04,cac4db7f-d70f-4014-a834-d9521625a7dc,B2B,Monitors,34-inch Ultrawide Curved Monitor,1,569.22,569.22
2025-08-29 12:38:43,a7c8541f-06c0-4771-a83c-f23a25f2bcce,B2B,Keyboards,Mechanical Gaming Keyboard,1,132.66,132.66
2025-08-29 13:41:40,95aef574-ccbd-443f-abb5-9978d7ef9842,Retail,Storage,128GB USB Flash Drive,2,16.65,33.3
2025-08-29 11:32:47,40643c73-3eaf-4f82-b17a-61590f9126fa,Retail,Keyboards,Membrane Office Keyboard,2,32.57,65.14
2025-08-29 17:38:14,eac5ef47-7588-4ee5-816d-70fe68ce560d,Retail,Networking,USB Wi-Fi Adapter,2,21.55,43.1
2025-08-29 14:06:47,1833fac9-4cba-47e0-8deb-66ec1cd686f9,Retail,Headsets,Surround Sound Headphones,1,139.84,139.84
2025-08-29 15:49:51,d8834458-e3e3-493c-99e2-950cbcefc9bc,Retail,Mice,Vertical Ergonomic Mouse,2,52.19,104.38
2025-08-29 17:11:24,92d0db38-441c-4142-bf40-23f79d8e1224,Web,Networking,USB Wi-Fi Adapter,1,26.35,26.35
2025-08-29 12:21:52,0d03f088-6631-4c60-998e-d9eae8776b61,B2B,Storage,128GB USB Flash Drive,1,23.63,23.63
2025-08-29 17:40:57,92c5e594-c225-4f44-a119-72251fd7c758,B2B,Networking,USB Wi-Fi Adapter,1,20.99,20.99
2025-08-30 18:06:53,1f75cc47-437a-4a95-8fd3-5ee2586f2961,Retail,Storage,4TB Desktop HDD,2,137.89,275.78
2025-08-30 12:00:02,b1fdf190-3ac1-490b-aefe-90c6cdeec365,B2B,Storage,2TB External HDD,2,90.68,181.36
2025-08-30 17:29:13,473c7d2e-6547-459f-aa7e-5f2045dd47a4,Retail,Networking,USB Wi-Fi Adapter,1,25.31,25.31
2025-08-30 15:33:27,45f8998d-e690-4107-a33e-80a61fbbb371,B2B,Headsets,Noise-Cancelling Gaming Headset,1,108.31,108.31
2025-08-30 18:16:29,6d7ab28b-1bbf-443b-bf67-6cda49d6cf8f,B2B,Keyboards,Mechanical Gaming Keyboard,2,120.93,241.86
2025-08-30 09:55:55,1fb50c77-8abc-4f9b-b1af-e1932324e58e,Retail,Storage,4TB Desktop HDD,2,83.99,167.98
2025-08-30 13:39:28,8aace3d3-5e34-46d6-9c95-b44eba413af7,Web,Networking,Gigabit Ethernet Switch,2,50.97,101.94
2025-08-30 13:50:45,3d6d589c-7344-453b-8753-2c3e3e4af4df,Retail,Networking,USB Wi-Fi Adapter,2,20.99,41.98
2025-08-30 15:30:53,d4043a09-6a9f-4121-9999-8708bf54eecf,Retail,Mice,Vertical Ergonomic Mouse,2,44.7,89.4
2025-08-30 17:27:01,1064b186-c561-4c92-9f82-6cc05f76fad9,Retail,Storage,1TB NVMe SSD,1,105.92,105.92
2025-08-30 18:56:46,d331fe4d-a96d-4d26-bb14-02f9bb5a1eea,Web,Monitors,15.6-inch Portable USB-C Monitor,1,200.54,200.54
2025-08-30 18:56:40,302601b5-6b67-4e1b-abd0-f1175291b0be,B2B,Networking,Powerline Ethernet Adapter,1,80.99,80.99
2025-08-30 09:56:59,59057a9c-ec63-4135-9b99-db15efe8b26a,Web,Mice,Wireless Bluetooth Mouse,1,29.46,29.46
2025-08-30 12:31:21,f9da7554-5f60-459a-b489-8b4aecadd75b,Web,Mice,Wireless Bluetooth Mouse,1,46.81,46.81
2025-08-30 13:57:11,2a859c95-a70c-45b3-b131-83eec1a453ab,Retail,Storage,512GB Portable SSD,2,62.91,125.82
2025-08-30 14:51:28,221f26ff-d518-4952-8524-40ddd3bc396a,Web,Keyboards,Compact 60% Keyboard,1,68.59,68.59
2025-08-31 15:55:53,fed0f20d-0215-4461-89bf-64631e6073da,Web,Mice,Wireless Bluetooth Mouse,1,27.99,27.99
2025-08-31 12:33:41,157ace69-533d-4d74-a786-465812410f74,Web,Mice,Wireless Bluetooth Mouse,1,37.56,37.56
2025-08-31 15:12:20,4d5c5cf9-463e-43fc-a750-859c44fcf596,Web,Headsets,USB Conference Headset,2,49.04,98.08
2025-08-31 10:01:49,4202875b-b1df-4b0d-8ce4-533f683a7c7f,Web,Keyboards,Wireless Ergonomic Keyboard,1,75.64,75.64
2025-08-31 10:51:39,fb001e1f-5bb9-4546-b8f8-fe9da081fc42,Web,Monitors,24-inch 144Hz Gaming Monitor,1,194.43,194.43
2025-08-31 19:58:32,1aca4da4-7f8d-4324-9ee1-4de968525ea7,Web,Storage,4TB Desktop HDD,1,101.46,101.46
2025-08-31 15:48:30,1dfe7b1d-0340-4e2b-b938-a000e3e3352b,Web,Keyboards,Wireless Ergonomic Keyboard,1,90.71,90.71
2025-08-31 15:09:03,e271c571-3d8b-452d-bdc2-c75cad113226,B2B,Networking,USB Wi-Fi Adapter,1,29.78,29.78
2025-08-31 12:40:38,5de6c1a0-3b16-4afa-8a37-b10d6afa9262,B2B,Mice,Optical Gaming Mouse,1,75.08,75.08
2025-08-31 20:45:15,96cb8d1b-bc47-4128-b02c-f65a9b77220f,B2B,Mice,Optical Gaming Mouse,2,63.18,126.36
2025-08-31 19:26:05,0315ace9-65f3-4b33-ad9a-4f4c4ee1f72c,B2B,Headsets,Wireless Bluetooth Headphones,1,113.61,113.61
2025-08-31 16:56:14,f2322cd5-a60c-4d60-ab21-513d08138618,Retail,Storage,128GB USB Flash Drive,2,13.99,27.98
2025-08-31 11:43:26,4341a749-4096-4c33-b8f7-548d1b6749c2,Retail,Networking,Wireless Mesh Router System,2,275.29,550.58
2025-08-31 15:28:34,5e8e2be0-d335-44ff-9f8d-63b347d1ab77,Web,Mice,Wireless Bluetooth Mouse,1,27.99,27.99
2025-08-31 16:52:31,0f56fa6f-b4b7-4751-b2a7-7b3299f9e9bb,Retail,Mice,Optical Gaming Mouse,1,53.01,53.01
2025-08-31 18:17:43,d6fe5915-69ac-4db2-be33-9f2c0f92a3fb,Web,Mice,Wireless Bluetooth Mouse,1,38.98,38.98
2025-08-31 14:54:12,cfccc802-08da-4ff2-9418-2df9acbd664d,Retail,Headsets,Wireless Bluetooth Headphones,1,92.03,92.03
2025-08-31 09:48:50,2eb8da7a-3c45-417b-bc8d-056c3156e1b4,Retail,Mice,Optical Gaming Mouse,1,58.45,58.45
2025-08-31 11:01:55,96e693ed-93c4-4672-beae-2303e7a0c6be,Retail,Headsets,Wireless Bluetooth Headphones,1,111.54,111.54
2025-08-31 13:38:28,a3127132-5233-478a-9089-df85598be8d1,Retail,Mice,Vertical Ergonomic Mouse,2,44.62,89.24
2025-09-01 14:25:22,f3071d8c-131b-4da1-a2c8-f9b0126ec3fa,Web,Storage,1TB NVMe SSD,2,89.05,178.1
2025-09-01 14:41:42,4ce27ca2-8b8c-4d8e-b148-a5d87e98585d,Web,Headsets,Noise-Cancelling Gaming Headset,1,133.41,133.41
2025-09-01 11:58:12,92332299-4eed-45cb-9e8f-c41f2a89aa0c,Web,Storage,4TB Desktop HDD,1,149.72,149.72
2025-09-01 19:48:00,c2659976-606e-40bc-a24a-e2971ab516d5,Web,Storage,4TB Desktop HDD,3,126.03,378.09
2025-09-01 18:47:05,4cd8ed8d-1f00-4d78-8af4-af5b716ba2e5,B2B,Keyboards,Wireless Ergonomic Keyboard,2,77.14,154.28
2025-09-01 19:23:52,f530bfe1-d53a-4433-a306-b7238ac7f615,Web,Headsets,Noise-Cancelling Gaming Headset,1,161.99,161.99
2025-09-01 18:32:36,ddf7e52c-6a37-4202-bf43-99b6c85f70ae,Retail,Monitors,27-inch 4K IPS Monitor,1,375.53,375.53
2025-09-01 10:43:56,30b0ff3a-1b58-4f62-93d7-dca16830258a,Web,Mice,Wireless Bluetooth Mouse,1,39.85,39.85
2025-09-01 13:25:27,6a6ed2c3-9bf0-4137-80a7-365968791f79,B2B,Keyboards,Wireless Ergonomic Keyboard,1,64.2,64.2
2025-09-01 17:41:48,2a59d696-be80-47e1-b1c3-f723b1f1e29a,B2B,Monitors,24-inch 144Hz Gaming Monitor,1,248.72,248.72
2025-09-01 09:17:46,e74ab1ca-5853-4a2f-be76-61a37fdd3dc3,B2B,Headsets,Wireless Bluetooth Headphones,1,85.9,85.9
2025-09-01 15:35:56,32d47fda-f076-426e-bb4b-f4f3cbe1c1ef,B2B,Keyboards,Compact 60% Keyboard,2,52.59,105.18
2025-09-01 14:45:08,01b0ec5d-42e7-43dd-9aed-2ccb70ddf930,Retail,Mice,Precision Laser Mouse,1,87.09,87.09
2025-09-01 10:17:45,dca809f6-2436-4be8-8e23-e6cb3929d43c,Web,Keyboards,Membrane Office Keyboard,1,30.74,30.74
2025-09-01 09:46:11,8c4886d3-0735-4c03-aad1-4fb2c700cae6,Web,Headsets,In-Ear Gaming Earbuds,1,51.53,51.53
2025-09-01 14:17:53,a2d59053-68e5-4db4-8c10-21f22efc7153,Web,Headsets,Wireless Bluetooth Headphones,1,83.91,83.91
2025-09-01 15:11:58,35232880-7dcb-416a-a287-ea313b60fd06,Retail,Keyboards,Membrane Office Keyboard,2,39.3,78.6
2025-09-01 17:24:24,9e9f7dc7-a9da-4aa2-bcd1-3a98e2a56522,Retail,Keyboards,Mechanical Gaming Keyboard,1,142.55,142.55
2025-09-01 12:13:35,bdc8c088-f830-4f10-90d2-597e74b06cf1,Web,Monitors,27-inch 4K IPS Monitor,1,342.56,342.56
2025-09-01 11:16:29,00dfd726-7289-4ad5-8aad-6519030c323e,Retail,Mice,Wireless Bluetooth Mouse,2,30.62,61.24
2025-09-01 14:38:16,7ccc06f5-a10a-4b37-ae62-e4dd9784fd66,Web,Mice,Wireless Bluetooth Mouse,1,31.62,31.62
2025-09-01 12:50:32,4e476021-115b-4639-9367-c584013ea857,Web,Headsets,Wireless Bluetooth Headphones,1,70.49,70.49
2025-09-01 10:34:58,3aa3c2ad-f483-474c-8ff4-261710d5cb6f,B2B,Storage,2TB External HDD,1,71.1,71.1
2025-09-01 16:30:19,220dc19c-52f0-4d75-bfbe-b4954c6dfca0,Web,Keyboards,RGB Backlit Keyboard,1,98.66,98.66
2025-09-02 10:22:13,18ace2fe-9036-4072-849f-b95b0f5cfce1,B2B,Networking,USB Wi-Fi Adapter,1,29.64,29.64
2025-09-02 14:40:10,2ca38bb5-a637-4e05-abb2-b7c649527013,Retail,Storage,1TB NVMe SSD,1,109.44,109.44
2025-09-02 09:51:36,2a122a65-1378-405d-bad5-3581e80649df,B2B,Headsets,Surround Sound Headphones,1,114.64,114.64
2025-09-02 10:58:10,1db5adc3-49ba-4a5b-9c27-cab963b3ccac,B2B,Networking,Network Attached Storage (NAS),1,329.78,329.78
2025-09-02 10:24:29,c5f0bfca-4ec0-42c8-b1b1-81540ac87204,B2B,Mice,Vertical Ergonomic Mouse,2,62.71,125.42
2025-09-02 10:37:14,97ff4af7-0296-486a-8230-6985f245af54,B2B,Mice,Wireless Bluetooth Mouse,2,41.25,82.5
2025-09-02 12:34:04,c0c55f30-e30d-4b58-875b-89c5befc719d,Retail,Storage,128GB USB Flash Drive,2,13.99,27.98
2025-09-02 18:52:11,badf448d-9989-4cd7-98ea-a191739fa26a,Web,Mice,Wireless Bluetooth Mouse,2,33.88,67.76
2025-09-02 12:48:54,fdc105f1-651d-43f9-88a0-775a2d940627,B2B,Keyboards,Wireless Ergonomic Keyboard,1,99.75,99.75
2025-09-02 10:11:04,1e8edc8b-914e-448e-aa78-003eb8289072,Web,Headsets,USB Conference Headset,1,51.21,51.21
2025-09-02 10:18:46,c80ea3e1-c792-4e35-9066-e0500e4ab9d9,Web,Mice,Trackball Mouse,2,84.89,169.78
2025-09-02 19:22:23,30ffc84e-1032-44bb-95c0-ea32da58bd7b,Web,Keyboards,Membrane Office Keyboard,1,29.38,29.38
2025-09-02 09:51:19,1d55e023-aa4c-41f2-a0bc-5892b66fc793,Retail,Mice,Wireless Bluetooth Mouse,2,42.03,84.06
2025-09-02 20:06:57,7e1eea43-be44-4ec7-8a22-c2f07b58dfc8,B2B,Keyboards,Wireless Ergonomic Keyboard,1,82.29,82.29
2025-09-02 14:20:29,5c5d6a45-fb1e-4f87-889d-bdd91ade805e,B2B,Headsets,Noise-Cancelling Gaming Headset,1,109.95,109.95
2025-09-02 20:51:19,dae653d3-55c2-4488-b639-b40e26a7bb89,Retail,Mice,Wireless Bluetooth Mouse,2,50.64,101.28
2025-09-02 10:09:26,7a05adc5-7879-45a6-b691-025038f26b50,B2B,Networking,USB Wi-Fi Adapter,1,28.66,28.66
2025-09-02 11:03:26,bd820e56-7e95-4e5e-b239-bccbd8e49eb8,Web,Mice,Wireless Bluetooth Mouse,1,40.56,40.56
2025-09-02 10:58:44,3b546772-91b0-4383-900e-58a081a0eb5b,B2B,Storage,2TB External HDD,1,77.55,77.55
2025-09-02 09:03:57,e943073e-ddbe-46fd-a715-6ea4a06e7733,B2B,Storage,2TB External HDD,1,84.87,84.87
2025-09-02 20:07:25,54b8ab9d-4e16-4988-baff-55006416a253,Retail,Headsets,Surround Sound Headphones,1,152.8,152.8
2025-09-02 11:09:43,1d8e875e-c758-4d82-b9ec-b2171783954c,Retail,Keyboards,Wireless Ergonomic Keyboard,1,85.24,85.24
2025-09-02 15:53:39,b664eb76-13d8-4438-9d2f-cafcd649f4e6,Retail,Headsets,In-Ear Gaming Earbuds,1,36.73,36.73
2025-09-02 09:33:12,5220b542-4c6b-4c79-90ab-afb9db987709,Retail,Monitors,24-inch 144Hz Gaming Monitor,1,235.48,235.48
2025-09-02 09:00:22,00c4fb21-4c28-4649-8e85-fb99221e123c,Web,Headsets,In-Ear Gaming Earbuds,1,38.76,38.76
2025-09-02 19:40:59,367e685d-7822-43a8-81ef-0239758fc075,B2B,Networking,USB Wi-Fi Adapter,1,32.19,32.19
2025-09-02 19:29:03,795dcfb2-b55d-48af-886f-0302e9a8c2a4,Web,Storage,1TB NVMe SSD,1,95.81,95.81
2025-09-03 13:35:21,505e63c2-7d2e-43b7-8abb-f6f76e8e4df5,B2B,Monitors,34-inch Ultrawide Curved Monitor,1,534.58,534.58
2025-09-03 10:09:39,c501c5d9-00a1-40b1-a577-1deb1c6ad0ec,Retail,Mice,Vertical Ergonomic Mouse,2,40.39,80.78
2025-09-03 09:21:43,42b6a5cf-4d50-4413-aa55-ebaceb95a0e7,B2B,Networking,Powerline Ethernet Adapter,2,80.99,161.98
2025-09-03 17:25:01,b4b0c820-5a06-4f2a-9c84-56972da5e056,Web,Storage,128GB USB Flash Drive,3,16.21,48.63
2025-09-03 11:16:00,ca763caa-4395-4311-ae96-057ea2ae5804,Retail,Headsets,Noise-Cancelling Gaming Headset,1,130.63,130.63
2025-09-03 15:44:38,23e2e62c-673c-41d1-88ae-34a1d5ae9cac,Web,Networking,USB Wi-Fi Adapter,1,26.92,26.92
2025-09-03 09:16:55,55887bbf-06be-4d32-9d26-0ec2c2cf8c38,B2B,Keyboards,Wireless Ergonomic Keyboard,1,80.72,80.72
2025-09-03 15:44:16,6f579bdb-98ee-4fc6-af01-6798d810ba59,Web,Keyboards,Membrane Office Keyboard,1,27.72,27.72
2025-09-03 14:40:53,1806acb6-88a1-4b77-bd14-80c2b472b697,Web,Mice,Vertical Ergonomic Mouse,2,34.99,69.98
2025-09-03 16:46:56,e32eb8b9-7ef1-4729-be19-e7e5726f1914,Retail,Mice,Precision Laser Mouse,1,64.71,64.71
2025-09-03 18:39:53,be16b4f6-3d9a-453f-80d4-875b35cfe087,Web,Mice,Optical Gaming Mouse,1,55.46,55.46
2025-09-03 11:53:37,a6b4fc97-f86a-43ef-828e-fab5d1b370f1,Web,Keyboards,Mechanical Gaming Keyboard,1,133.91,133.91
2025-09-03 20:55:12,3dd88b09-b52f-4e0d-b2f6-25c89ed5a142,Web,Headsets,In-Ear Gaming Earbuds,1,30.71,30.71
2025-09-03 19:48:28,b0afda39-f5d2-4007-b161-2cedec06dde2,Web,Networking,Gigabit Ethernet Switch,1,51.5,51.5
2025-09-03 18:00:13,1153ed99-f809-4eae-8de5-5b0fa787a0c5,Web,Headsets,USB Conference Headset,1,50.8,50.8
2025-09-03 17:37:51,bca85045-a2c3-4a4d-80d4-fdb146fc18e3,Retail,Networking,Powerline Ethernet Adapter,1,41.99,41.99
2025-09-03 17:10:45,68f06cc5-892f-4e07-a0a0-bcb0ad8b252d,Retail,Headsets,In-Ear Gaming Earbuds,2,39.13,78.26
2025-09-03 16:51:36,60be1495-839e-4e1e-9b82-5eaaafc45c51,Retail,Storage,2TB External HDD,2,74.05,148.1
2025-09-03 17:15:37,68d3bce3-f952-48fd-83ca-7cfff799443c,Web,Mice,Vertical Ergonomic Mouse,1,50.58,50.58
2025-09-03 18:21:46,a59f58ff-e345-43c1-87cd-848f8ac6bd06,B2B,Mice,Optical Gaming Mouse,1,63.31,63.31
2025-09-03 17:16:55,def49743-d108-4896-b7ee-b1f658a07aa4,B2B,Headsets,USB Conference Headset,1,40.7,40.7
2025-09-03 15:53:51,ceb2f0af-7ab9-4c20-923d-dfb028c291b2,B2B,Mice,Vertical Ergonomic Mouse,1,40.49,40.49
2025-09-04 17:57:00,615056d1-b24a-4fcd-80f2-b79034c1795d,Web,Storage,2TB External HDD,1,102.97,102.97
2025-09-04 14:13:02,151c6f82-7f67-4963-9c1e-0bb1b779d27c,B2B,Headsets,Noise-Cancelling Gaming Headset,1,93.96,93.96
2025-09-04 19:53:27,1a3db097-c26e-4827-8360-b9b23971e8d4,Retail,Headsets,USB Conference Headset,1,55.69,55.69
2025-09-04 17:01:39,f251f23c-9a54-4e40-907f-27b2d24caca1,Retail,Networking,USB Wi-Fi Adapter,1,23.49,23.49
2025-09-04 13:46:17,b0820bc2-15bc-4ce8-b5ff-a6b1ecd57838,B2B,Headsets,In-Ear Gaming Earbuds,1,37.44,37.44
2025-09-04 11:05:14,c597dcce-64a9-4b08-87e7-5d6c17580e42,Web,Mice,Vertical Ergonomic Mouse,2,59.68,119.36
2025-09-04 20:21:38,43c83ef4-5036-48d4-95bc-1d9bcd330ad2,B2B,Monitors,34-inch Ultrawide Curved Monitor,1,426.94,426.94
2025-09-04 16:17:34,27a8f379-9b1e-45be-bb60-a9bb9c9a4260,Retail,Storage,1TB NVMe SSD,2,86.58,173.16
2025-09-04 17:24:43,1261ca0d-84d8-4bda-98ae-62824f48cdaf,Web,Networking,Wireless Mesh Router System,1,210.1,210.1
2025-09-04 14:48:07,c068655d-9fa9-4c0f-bd8b-6944826176cc,B2B,Storage,128GB USB Flash Drive,2,16.91,33.82
2025-09-04 12:17:39,5dedb40f-7beb-4a12-94f7-3bd4e8dd45ca,Retail,Headsets,Noise-Cancelling Gaming Headset,2,120.6,241.2
2025-09-04 14:49:41,6353ed57-7444-4037-8a09-a0453d40512f,Web,Headsets,Noise-Cancelling Gaming Headset,1,97.34,97.34
2025-09-04 12:59:46,0a2f041a-8033-4485-8196-3c9234a97636,Web,Keyboards,Mechanical Gaming Keyboard,1,137.38,137.38
2025-09-04 12:22:47,1feb8fc7-109c-47cc-a578-c2943a44ab07,Web,Headsets,USB Conference Headset,2,60.77,121.54
2025-09-04 09:05:48,d52e6aed-0a76-4976-9c5c-436095b5a125,B2B,Storage,2TB External HDD,1,93.41,93.41
2025-09-04 11:59:17,ad8a02f0-84a0-4b7c-ba41-63008e6553f9,B2B,Keyboards,Compact 60% Keyboard,1,54.01,54.01
2025-09-05 17:49:16,84070e36-3f13-4aa3-940a-18dcce54a3e4,B2B,Headsets,Noise-Cancelling Gaming Headset,2,142.13,284.26
2025-09-05 17:02:17,d478bcd8-6aa0-4562-8ef9-d02d6615e781,Web,Keyboards,Mechanical Gaming Keyboard,2,140.56,281.12
2025-09-05 13:35:00,4c1f1629-6e5a-4595-b9b1-58756b07730d,Retail,Keyboards,Wireless Ergonomic Keyboard,1,81.71,81.71
2025-09-05 17:25:25,f0af0795-1f7d-4615-bc62-0d97ca8312b9,Retail,Networking,Powerline Ethernet Adapter,2,63.35,126.7
2025-09-05 14:20:16,5ad6fea3-5136-47f9-91df-d3585bd6add6,Web,Mice,Wireless Bluetooth Mouse,2,41.79,83.58
2025-09-05 15:31:54,b26c676d-e61b-4fcc-9b19-d5b5b0dbdcad,B2B,Mice,Optical Gaming Mouse,1,58.18,58.18
2025-09-05 20:08:31,df6fc780-702f-4a10-b7b6-33e46bc540ed,B2B,Keyboards,Compact 60% Keyboard,1,76.18,76.18
2025-09-05 13:39:36,b51cdd33-79d2-4bc2-b5b0-7efd422e2166,B2B,Keyboards,Wireless Ergonomic Keyboard,1,116.29,116.29
2025-09-05 20:33:52,5122f3a2-b496-433b-871c-98792f0ab9a9,Retail,Networking,Powerline Ethernet Adapter,1,47.26,47.26
2025-09-05 17:23:47,31c74fdd-dee0-4f4b-8901-4c2a79c1b4fb,Web,Keyboards,Mechanical Gaming Keyboard,1,113.76,113.76
2025-09-05 14:20:46,1bb1f308-0543-441c-850b-cd268e146780,B2B,Networking,Wireless Mesh Router System,1,257.61,257.61
2025-09-05 09:43:31,fe287d9e-7b2d-4771-aab4-ef69c5ea3d58,Retail,Headsets,Wireless Bluetooth Headphones,1,111.03,111.03
2025-09-05 10:58:10,4c97533b-2ea6-48cd-a97d-fab7b9603c30,Retail,Mice,Precision Laser Mouse,2,60.58,121.16
2025-09-05 17:17:18,d317a9d6-7d03-4d88-ae6a-5beaeda9cc24,Web,Storage,2TB External HDD,1,89.91,89.91
2025-09-05 09:53:30,8337ccf8-9661-4fb3-91be-feed9d5b8f80,Web,Storage,128GB USB Flash Drive,1,16.9,16.9
2025-09-05 18:32:04,d58dfbf4-98c8-43de-bc78-7d95b50fce27,Retail,Headsets,Wireless Bluetooth Headphones,1,69.99,69.99
2025-09-05 11:36:43,eefff775-9c82-4173-8aa2-693904567156,Retail,Storage,1TB NVMe SSD,1,92.61,92.61
2025-09-06 13:39:34,f4e73dc0-f2f3-43ef-b27c-a7ebe264704a,B2B,Keyboards,Membrane Office Keyboard,1,25.52,25.52
2025-09-06 17:49:41,5825a794-7279-46b2-b3e9-c97ea8969c99,B2B,Mice,Vertical Ergonomic Mouse,1,42.83,42.83
2025-09-06 14:37:57,4f57c90c-c891-403d-99e5-813dc34595b3,Web,Keyboards,Mechanical Gaming Keyboard,1,135.86,135.86
2025-09-06 13:46:39,d9976100-81ad-4f0c-8325-37cc009cbeda,B2B,Mice,Optical Gaming Mouse,2,62.9,125.8
2025-09-06 17:30:42,842736e4-75a3-4663-82ed-52ad885df53f,Retail,Headsets,USB Conference Headset,1,63.42,63.42
2025-09-06 18:11:09,22fe94c3-2e16-4ede-aa8c-9e9658c2d220,B2B,Storage,1TB NVMe SSD,2,103.85,207.7
2025-09-06 20:15:19,fffd8ffd-4e16-41f5-bc08-dd20c6ecd2fd,Retail,Storage,4TB Desktop HDD,2,106.13,212.26
2025-09-06 16:07:03,14fc61fb-051c-489b-aa50-00860ecff21a,Web,Monitors,32-inch 8K Professional Monitor,1,1242.99,1242.99
2025-09-06 16:54:14,6b96dc57-03a2-4f4a-943e-5497b509c187,B2B,Storage,512GB Portable SSD,1,77.92,77.92
2025-09-06 10:52:57,a35a6de4-a145-4c27-b509-bd7bbe2f04e3,B2B,Monitors,24-inch 144Hz Gaming Monitor,1,244.91,244.91
2025-09-06 14:29:32,d2b61ad0-d9bb-4a2a-b709-adcfba8a4579,Retail,Mice,Vertical Ergonomic Mouse,2,55.54,111.08
2025-09-07 14:09:15,4db432ba-5062-48de-b58a-cffc62db4db7,B2B,Storage,4TB Desktop HDD,1,145.45,145.45
2025-09-07 17:01:53,42769eda-e79d-4e5f-8537-851d4b1af332,B2B,Storage,512GB Portable SSD,1,58.91,58.91
2025-09-07 13:53:31,c78d8b4c-e9f7-42fd-bbf7-488236b4cf27,B2B,Mice,Vertical Ergonomic Mouse,2,61.0,122.0
2025-09-07 09:09:50,ac92fcc4-03c2-4323-8122-c3917279bd26,B2B,Networking,Gigabit Ethernet Switch,1,48.87,48.87
2025-09-07 12:26:10,ec8dbdc7-b5a8-44f9-ad48-8e22b764827d,B2B,Mice,Optical Gaming Mouse,1,74.25,74.25
2025-09-07 19:19:28,f491737c-1529-4b3d-923a-c634fe27fef4,Web,Keyboards,Mechanical Gaming Keyboard,1,129.71,129.71
2025-09-07 16:40:45,b07973fe-f63b-411f-8127-d5cca306e415,B2B,Keyboards,RGB Backlit Keyboard,1,98.12,98.12
2025-09-07 19:37:31,3e8cb5a2-f78a-4c33-85e6-3497c3d743de,B2B,Storage,1TB NVMe SSD,2,67.72,135.44
2025-09-07 18:21:02,40b77e2e-3758-46f6-a563-a76d1f54bee9,Web,Headsets,Surround Sound Headphones,1,129.09,129.09
2025-09-07 13:23:45,3f72a24c-1f98-4282-b0b4-b7bcae309fc3,Web,Storage,512GB Portable SSD,3,60.75,182.25
2025-09-07 09:04:29,cfe4d3bc-f1af-48f9-8d3b-6daa0459004e,B2B,Mice,Vertical Ergonomic Mouse,2,44.99,89.98
2025-09-07 10:28:47,921349ed-b73f-4550-8b45-76ffc13820b3,Retail,Keyboards,Mechanical Gaming Keyboard,1,132.99,132.99
2025-09-07 09:31:34,c366d832-7d0a-4bf2-be43-ef6965369d78,B2B,Headsets,Noise-Cancelling Gaming Headset,2,106.18,212.36
2025-09-07 17:20:20,65bb7eb4-7278-4845-bc66-02bd44b001d2,Retail,Monitors,15.6-inch Portable USB-C Monitor,2,207.75,415.5
2025-09-07 14:37:51,345167a2-fd27-4b7d-a4c8-e7dc2831a3a7,B2B,Storage,512GB Portable SSD,1,86.58,86.58
2025-09-07 18:27:28,57a9b123-634f-4223-a3cb-c421bd1d1a5c,Web,Mice,Trackball Mouse,1,55.99,55.99
2025-09-08 11:34:34,50aa83dd-9f05-46ea-989a-008b0800fe3e,Web,Mice,Optical Gaming Mouse,1,57.31,57.31
2025-09-08 12:39:00,d10211ed-4945-4d6d-bb4d-d93747d3334f,Web,Keyboards,Wireless Ergonomic Keyboard,2,94.69,189.38
2025-09-08 16:58:54,1c7e8362-fed3-412a-83da-48f066473919,Retail,Mice,Wireless Bluetooth Mouse,1,41.18,41.18
2025-09-08 19:59:14,698864e7-c84d-41e5-904f-ac4bf7e3d030,B2B,Mice,Wireless Bluetooth Mouse,1,48.06,48.06
2025-09-08 16:49:52,3a35f4d5-d8ce-42f1-bdcd-a77c8ca540d6,B2B,Networking,Wireless Mesh Router System,1,282.14,282.14
2025-09-08 19:00:42,b6eee04e-eba3-450e-938d-e3534e15edcb,Retail,Keyboards,Wireless Ergonomic Keyboard,1,88.18,88.18
2025-09-08 12:51:23,83315210-49c8-48f7-ad29-71d6c3a66576,Retail,Storage,512GB Portable SSD,1,82.76,82.76
2025-09-08 17:11:54,121947c0-6fdd-4995-bf9c-fcebc465e846,B2B,Mice,Vertical Ergonomic Mouse,1,62.24,62.24
2025-09-08 16:51:37,9e8741c5-5f3c-414c-9028-65503e64561d,B2B,Networking,USB Wi-Fi Adapter,1,40.49,40.49
2025-09-08 17:24:27,c3dda6e1-1fb9-44b9-9abb-a23864032881,Web,Networking,USB Wi-Fi Adapter,2,35.2,70.4
2025-09-08 11:43:08,f9bb18bd-9a98-4226-ba72-15c7ea8dbf24,Web,Networking,USB Wi-Fi Adapter,2,27.46,54.92
2025-09-08 11:51:24,10be5aad-06fd-4b9c-8240-c880a9a5d8ba,Web,Keyboards,Wireless Ergonomic Keyboard,1,84.82,84.82
2025-09-08 19:34:36,7f9c5d53-9c7a-4544-ac5a-0b701defd9f1,Web,Storage,128GB USB Flash Drive,1,22.64,22.64
2025-09-08 14:28:16,a0ba2687-dbef-426d-b133-98e49f4d9d3c,Retail,Monitors,24-inch 144Hz Gaming Monitor,1,189.97,189.97
2025-09-08 14:44:13,63e65cb8-3769-4ec7-901d-e2784f7f8db7,B2B,Keyboards,Membrane Office Keyboard,1,27.85,27.85
2025-09-08 10:33:06,2f57dd9e-fa97-4dd0-a10b-c73e5b3adfb5,B2B,Storage,512GB Portable SSD,1,94.49,94.49
2025-09-08 20:21:05,57841a33-0c02-498d-bbdb-e8bfec91a10d,Retail,Mice,Optical Gaming Mouse,2,57.84,115.68
2025-09-08 12:35:52,e6b913b3-8f82-42aa-8820-26f6b1758491,B2B,Monitors,24-inch 144Hz Gaming Monitor,1,199.37,199.37
2025-09-08 18:13:28,7f32d29a-9699-417d-83bc-a02afe3b9157,B2B,Storage,128GB USB Flash Drive,1,25.62,25.62
2025-09-08 13:55:31,cf4bb5c7-b32a-4d24-845b-e1fe8775496f,Retail,Networking,USB Wi-Fi Adapter,1,36.1,36.1
2025-09-08 11:10:01,0d4ad36b-80d4-409a-8c1d-a185705403e8,Retail,Networking,USB Wi-Fi Adapter,1,30.16,30.16
2025-09-08 13:03:57,7190c2d9-59c0-4ea3-a78f-193ce112452b,Web,Keyboards,RGB Backlit Keyboard,1,87.45,87.45
2025-09-09 20:36:00,e1a5b772-e10e-404b-8f01-3013662ce612,B2B,Networking,Powerline Ethernet Adapter,1,41.99,41.99
2025-09-09 15:06:34,d630e319-7448-4d69-a94c-c0551bb56167,Retail,Mice,Optical Gaming Mouse,1,51.96,51.96
2025-09-09 19:30:44,fd62274f-2312-48fa-8845-bca990e23790,B2B,Storage,128GB USB Flash Drive,1,23.28,23.28
2025-09-09 16:09:02,fd7a44a7-a90c-44f8-8aef-613b5dafead8,B2B,Mice,Wireless Bluetooth Mouse,1,46.42,46.42
2025-09-09 17:24:52,38180f86-fae1-4c72-80d8-8a056732367d,Web,Headsets,In-Ear Gaming Earbuds,2,41.79,83.58
2025-09-09 19:10:24,a50b03b5-d3ec-440e-aea3-f36fe8908bcf,B2B,Storage,128GB USB Flash Drive,2,16.62,33.24
2025-09-09 10:37:39,90421231-210e-49a9-ac2b-7f963979f3c3,Web,Keyboards,Wireless Ergonomic Keyboard,1,81.1,81.1
2025-09-09 19:48:14,7be085f7-d6a9-452b-b4e4-32db2c9d2d5b,Web,Monitors,34-inch Ultrawide Curved Monitor,1,621.26,621.26
2025-09-09 18:02:36,2c393d7c-a5fc-4474-940f-c256064b71bf,Retail,Storage,1TB NVMe SSD,1,75.9,75.9
2025-09-10 10:12:25,aa11c5ad-c958-4e90-80da-12a2246e7c9c,Web,Networking,Powerline Ethernet Adapter,1,49.66,49.66
2025-09-10 16:00:29,e670f379-6e4b-4c3d-b46d-8c67d850e437,Web,Mice,Wireless Bluetooth Mouse,1,45.52,45.52
2025-09-10 15:46:08,2a648bf2-bbb6-4a50-9564-79ef9501fc84,Retail,Storage,512GB Portable SSD,1,73.7,73.7
2025-09-10 09:08:11,eb8415b7-39a3-46ee-929f-868b1485329c,B2B,Keyboards,RGB Backlit Keyboard,1,80.52,80.52
2025-09-10 17:29:23,0d8cd072-8091-4ade-b6f3-ea7865ac8342,B2B,Storage,512GB Portable SSD,2,54.83,109.66
2025-09-10 18:14:12,a675f498-fa34-48da-9314-c9327f045c67,Retail,Storage,512GB Portable SSD,1,73.66,73.66
2025-09-10 18:40:05,c5cfd75f-9642-4930-b2e3-aa0c5a93ec11,Retail,Keyboards,Mechanical Gaming Keyboard,1,121.33,121.33
2025-09-10 14:54:05,d67a6f77-4146-46c4-921f-e13e9000aceb,Retail,Headsets,Wireless Bluetooth Headphones,1,92.45,92.45
2025-09-10 20:45:22,921bb161-2217-478d-bcff-c42349997242,Web,Keyboards,Compact 60% Keyboard,1,74.87,74.87
2025-09-10 13:03:58,99a8b5c9-ad97-4408-b2b1-6891b18c7605,Web,Storage,128GB USB Flash Drive,2,21.92,43.84
2025-09-10 14:32:40,d70c9a84-e1d9-48bc-ab8b-8b871a55e93b,Retail,Monitors,27-inch 4K IPS Monitor,1,422.49,422.49
2025-09-10 09:59:14,50564c4e-ad51-48be-a894-453b88ec5c17,B2B,Mice,Vertical Ergonomic Mouse,1,34.99,34.99
2025-09-10 20:01:12,086f34ef-b730-4ba4-bc52-06ab5b571cf5,Retail,Keyboards,Mechanical Gaming Keyboard,1,131.3,131.3
2025-09-10 09:57:36,ded65145-25f0-4a4b-8541-049bc1ba4733,Web,Mice,Wireless Bluetooth Mouse,2,34.71,69.42
2025-09-10 15:16:34,b3e0d82f-e7b4-4c7e-9379-ecfae1877a5a,B2B,Storage,128GB USB Flash Drive,1,22.41,22.41
2025-09-10 12:15:28,f314af1b-a4da-40b1-9f47-541fd071ceed,Retail,Mice,Precision Laser Mouse,2,71.06,142.12
2025-09-10 16:55:42,da8a3cb5-0d85-4c78-8e6a-63f35470bb0d,Web,Headsets,Noise-Cancelling Gaming Headset,2,101.76,203.52
2025-09-10 13:14:19,852fb2de-d95d-4f8f-8aeb-c37b1619853e,B2B,Mice,Wireless Bluetooth Mouse,1,42.66,42.66
2025-09-10 19:42:53,039b12a6-e7d9-499f-9ec6-37f193413ec7,Web,Mice,Optical Gaming Mouse,1,49.49,49.49
2025-09-10 12:02:14,adf8832c-0504-4977-91af-b8bcfad21e54,Retail,Mice,Optical Gaming Mouse,1,67.62,67.62
2025-09-10 14:58:48,2d16be58-00fb-42dc-88b0-a01612f5437d,Retail,Networking,Powerline Ethernet Adapter,1,43.01,43.01
2025-09-10 14:07:49,ed90fb7b-638a-4c2c-b7e3-ac57075ae819,B2B,Keyboards,Mechanical Gaming Keyboard,1,125.63,125.63
2025-09-10 13:44:55,442bd3fd-c2e9-4f01-aadc-30fed1a8c5a7,B2B,Networking,Powerline Ethernet Adapter,1,59.25,59.25
2025-09-10 10:34:05,77786f9d-b52c-404f-ac2d-f5dc9c40b9be,Retail,Networking,Powerline Ethernet Adapter,2,54.63,109.26
2025-09-10 16:03:29,5928e5e1-dcda-4ae8-852a-10c1e183acb2,B2B,Monitors,27-inch 4K IPS Monitor,1,391.72,391.72
2025-09-11 13:51:30,233096bb-a43e-43de-8230-f34c194b4d76,Web,Headsets,Noise-Cancelling Gaming Headset,2,161.99,323.98
2025-09-11 18:30:25,939b9d2e-465d-4d48-8076-fa164fad9917,Retail,Mice,Wireless Bluetooth Mouse,1,46.26,46.26
2025-09-11 14:26:21,bd1b45e0-1f8c-447d-937b-8b155df5bb0e,B2B,Headsets,Wireless Bluetooth Headphones,1,91.28,91.28
2025-09-11 19:36:13,7db886b4-19e4-4132-bd47-09a4c1af6bbc,Retail,Mice,Wireless Bluetooth Mouse,2,41.31,82.62
2025-09-11 09:48:13,6fd59308-3684-4763-9a2f-b86d0998cb6f,B2B,Monitors,27-inch 4K IPS Monitor,1,406.51,406.51
2025-09-11 14:47:26,a0aac56a-8ab4-46a1-a558-cf958da9a9e9,Retail,Keyboards,Mechanical Gaming Keyboard,1,126.04,126.04
2025-09-11 18:46:38,c5e2000f-a4fc-426e-8946-d3197441b92a,B2B,Keyboards,Membrane Office Keyboard,1,27.05,27.05
2025-09-11 11:59:26,24be4199-e17b-41c4-83b1-bf884ef71cb5,Retail,Storage,512GB Portable SSD,2,74.61,149.22
2025-09-11 16:56:28,10f3556f-e10a-4b78-bae9-37d595b7f5bb,Retail,Networking,Wireless Mesh Router System,1,174.99,174.99
2025-09-11 12:36:36,db0aba53-d5ef-4a20-ba7b-153694912b2a,Retail,Networking,Wireless Mesh Router System,1,266.58,266.58
2025-09-12 11:56:47,e970a931-f869-42f9-9d6e-f3a8abe09600,Retail,Storage,128GB USB Flash Drive,2,24.03,48.06
2025-09-12 12:22:07,f3dfb8b3-02b4-46e2-b2d8-c81050f1d096,B2B,Keyboards,Compact 60% Keyboard,1,73.64,73.64
2025-09-12 11:42:50,bd8fa770-85bf-4425-aadf-355f115d8bda,B2B,Keyboards,Mechanical Gaming Keyboard,1,124.79,124.79
2025-09-12 12:10:14,160dd430-c87a-4853-ac35-2c1c0d5b72f2,Web,Keyboards,Membrane Office Keyboard,2,27.5,55.0
2025-09-12 11:13:39,432412bf-ebe4-4e83-b056-5d03f2057721,Web,Monitors,27-inch 4K IPS Monitor,1,273.43,273.43
2025-09-12 20:56:01,2ad393ef-30ed-406f-b444-cec006637fc3,Retail,Storage,128GB USB Flash Drive,1,24.84,24.84
2025-09-12 20:14:43,18b0789f-29c2-4fff-b5d2-958d7e12ed9e,Retail,Networking,Gigabit Ethernet Switch,1,46.31,46.31
2025-09-12 16:34:56,6bd0acc3-83db-4a83-98d7-0e2821847628,Web,Mice,Trackball Mouse,2,73.55,147.1
2025-09-12 17:21:15,1263680b-1f2f-46b9-877d-d67601b571c9,Web,Headsets,Wireless Bluetooth Headphones,2,73.65,147.3
2025-09-12 13:33:56,5de16712-509f-40d0-a50c-48529514f8a2,Retail,Storage,128GB USB Flash Drive,2,26.38,52.76
2025-09-12 14:15:06,bc432ea0-dfcb-449d-b9e7-ffc5fbd1fd61,B2B,Keyboards,RGB Backlit Keyboard,1,81.11,81.11
2025-09-12 09:16:10,30dbad1c-97f1-487f-a455-89967ee5b3ae,Retail,Mice,Vertical Ergonomic Mouse,1,40.33,40.33
2025-09-12 09:20:15,b0d9ecb2-9058-4a74-b17d-6d3b2d9dcfca,Retail,Networking,Network Attached Storage (NAS),1,386.15,386.15
2025-09-13 15:01:43,687c8c1d-fcfb-48d6-9244-148c39361446,Web,Keyboards,Membrane Office Keyboard,1,32.89,32.89
2025-09-13 12:56:04,68cd6d59-fad9-4ac6-8a9c-6b2c60e533ea,Web,Networking,Gigabit Ethernet Switch,1,48.15,48.15
2025-09-13 10:39:45,f6e1ddfd-0422-452e-af63-3d0dea7d1917,B2B,Networking,Gigabit Ethernet Switch,1,44.1,44.1
2025-09-13 18:49:36,a1676323-cd14-4fc5-bdbf-26ede6550bd9,B2B,Monitors,32-inch 8K Professional Monitor,1,1352.42,1352.42
2025-09-13 18:33:49,46576439-8d91-4730-809d-83a2f5f0dae5,B2B,Headsets,Wireless Bluetooth Headphones,1,110.73,110.73
2025-09-13 13:51:10,9fe99fba-5841-47c2-b657-63611968f054,B2B,Storage,128GB USB Flash Drive,1,14.49,14.49
2025-09-13 18:52:07,c4e77f7e-240a-4c92-a64a-e2c463f625a7,B2B,Headsets,Wireless Bluetooth Headphones,1,97.27,97.27
2025-09-13 09:15:12,041d63c6-e4fc-4595-8700-684cdc2e4190,B2B,Storage,2TB External HDD,2,85.51,171.02
2025-09-13 09:01:20,91740e76-c53e-4399-aef3-8c101201841b,Web,Keyboards,Wireless Ergonomic Keyboard,2,79.11,158.22
2025-09-13 10:09:01,bac32644-4f5e-4d3a-bcd1-95150c1c1224,Web,Keyboards,Compact 60% Keyboard,1,70.69,70.69
2025-09-13 19:48:00,4beca630-9ff9-4fdd-bebb-6715995e639e,Retail,Keyboards,Wireless Ergonomic Keyboard,1,83.6,83.6
2025-09-13 15:17:33,bbc5f6c0-ce17-4ad1-9f7b-133759779ea7,Web,Headsets,USB Conference Headset,1,54.73,54.73
2025-09-13 20:04:03,fab4ae4f-7fa6-4d93-a1ce-45540c0be71d,Retail,Storage,4TB Desktop HDD,1,91.64,91.64
2025-09-13 09:49:06,e3db82da-a54f-4b5a-b81b-3c4684cef0f1,Retail,Mice,Vertical Ergonomic Mouse,1,52.42,52.42
2025-09-13 13:17:10,026348b5-507a-482f-8577-ccd7c2ea83d1,Web,Storage,128GB USB Flash Drive,1,13.99,13.99
2025-09-13 14:18:47,dd95e2c2-025c-4446-9f54-010a1da4a3fe,Web,Headsets,In-Ear Gaming Earbuds,1,41.79,41.79
2025-09-14 16:09:57,ebe299d1-219d-46dc-9803-909967b379fa,B2B,Mice,Optical Gaming Mouse,2,53.49,106.98
2025-09-14 10:55:16,e6c1b53d-6307-4de1-a4b5-712542506dd3,B2B,Mice,Vertical Ergonomic Mouse,2,43.35,86.7
2025-09-14 16:04:17,d9f0cf67-b111-4fc3-b87d-4660484ba806,B2B,Storage,2TB External HDD,2,70.33,140.66
2025-09-14 10:23:02,28ed6b78-ca71-48cd-8f89-a137e87b6f14,B2B,Storage,1TB NVMe SSD,1,78.51,78.51
2025-09-14 16:42:08,80ebb5d9-4412-4c93-a960-3dcb3a468dbd,Web,Keyboards,Mechanical Gaming Keyboard,1,125.83,125.83
2025-09-14 17:09:35,0bff8772-bd92-4067-89a5-1b2ae09882d9,Retail,Storage,1TB NVMe SSD,2,87.99,175.98
2025-09-14 11:36:28,8eadf49d-c606-4a1e-a7d5-6375aa343a0a,Retail,Storage,128GB USB Flash Drive,1,20.12,20.12
2025-09-14 17:10:37,a20fb1d9-67a7-4d3f-ab73-195f19f49b41,Retail,Networking,Gigabit Ethernet Switch,1,36.72,36.72
2025-09-14 19:58:23,d0eb66a6-b957-4855-bbab-e0c6720b94c7,Web,Networking,Gigabit Ethernet Switch,2,59.85,119.7
2025-09-14 19:28:05,ebf45593-0d53-4692-b184-308ca580df5a,Web,Mice,Wireless Bluetooth Mouse,1,27.99,27.99
2025-09-14 16:21:53,7f9adf0d-eca0-4921-8009-2508a05717d4,Retail,Networking,USB Wi-Fi Adapter,1,38.15,38.15
2025-09-14 13:58:11,eaeb0902-8958-4774-ab0c-25947ffe8676,Retail,Mice,Wireless Bluetooth Mouse,1,49.07,49.07
2025-09-14 11:24:08,50fcd6bb-c7c2-4eb6-8f14-cf1dbc4ae647,Web,Mice,Vertical Ergonomic Mouse,1,48.24,48.24
2025-09-14 19:36:50,0580354b-d660-45ad-b4b0-f687d654d47a,B2B,Networking,Gigabit Ethernet Switch,1,44.13,44.13
2025-09-14 19:27:45,4c0aeca9-82ed-495b-8299-3595739f74ab,Retail,Storage,512GB Portable SSD,2,65.02,130.04
2025-09-14 12:40:56,4e05674b-36d8-4faa-80f2-fd5d416a1b43,Retail,Mice,Vertical Ergonomic Mouse,1,60.86,60.86
2025-09-14 16:10:38,20656af9-febc-4d8f-ad73-e7110524aa95,Retail,Networking,Network Attached Storage (NAS),1,533.22,533.22
2025-09-14 20:54:19,7f503d26-fefe-4cfa-9ef3-16c8e34fb323,B2B,Mice,Optical Gaming Mouse,1,73.82,73.82
2025-09-14 11:39:58,ca4bdf57-bac8-4b97-9c19-795dd83ff340,Web,Headsets,In-Ear Gaming Earbuds,1,38.66,38.66
2025-09-14 13:08:18,6f45f4ba-72a8-4336-8590-75a16d9fe924,Retail,Headsets,Wireless Bluetooth Headphones,1,99.37,99.37
2025-09-14 19:01:46,3d3213c0-887e-45f9-b6d7-1d388f96344f,Retail,Keyboards,Wireless Ergonomic Keyboard,2,107.02,214.04
2025-09-15 20:53:08,0376aa76-b3e4-4702-8303-d223aaf9fe06,Retail,Keyboards,Compact 60% Keyboard,1,76.24,76.24
2025-09-15 18:14:03,f1d0f701-eeeb-4ec7-b20c-2f8fe1820783,Web,Monitors,27-inch 4K IPS Monitor,1,330.24,330.24
2025-09-15 13:59:53,921a5e77-1020-4931-8b99-fbce2b0f6dd3,Web,Monitors,24-inch 144Hz Gaming Monitor,2,210.18,420.36
2025-09-15 12:06:45,217c32f3-d98e-4d79-aa9c-55b053dfece9,Retail,Keyboards,RGB Backlit Keyboard,2,74.88,149.76
2025-09-15 11:25:19,80d6347f-c63e-4644-a60a-6e45186e7872,Retail,Networking,Gigabit Ethernet Switch,1,56.97,56.97
2025-09-15 09:56:00,9112e80f-797e-4af0-971c-1ad2a0b52012,B2B,Monitors,24-inch 144Hz Gaming Monitor,1,188.84,188.84
2025-09-15 18:51:14,fa1981a2-a1f5-4f95-b696-a14aa6a849cd,Retail,Mice,Optical Gaming Mouse,1,57.41,57.41
2025-09-15 11:10:36,3d12ddf7-b1c7-4d17-a5b7-da076fc634a3,Web,Headsets,Surround Sound Headphones,1,175.56,175.56
2025-09-16 14:15:55,edb5d241-7911-451e-ba27-baf6111a3abb,Web,Monitors,27-inch 4K IPS Monitor,1,250.96,250.96
2025-09-16 11:47:19,66939d63-4106-4ea1-8a50-b8b3e058e44c,Web,Headsets,Wireless Bluetooth Headphones,1,123.86,123.86
2025-09-16 11:38:36,b1c6e179-e20a-4487-bbe9-5e30e766c0e2,Web,Keyboards,Mechanical Gaming Keyboard,1,131.58,131.58
2025-09-16 19:03:27,fb25ba07-2300-4dc9-889b-cb775433b702,Retail,Mice,Wireless Bluetooth Mouse,1,35.84,35.84
2025-09-16 16:32:31,5674ada7-0e6a-42c1-bba0-6aa20f09a5fa,B2B,Mice,Optical Gaming Mouse,1,53.3,53.3
2025-09-16 19:03:45,18d1f7ca-40be-4327-ab26-8fd0096a7ac2,Web,Networking,Gigabit Ethernet Switch,1,59.82,59.82
2025-09-16 18:09:46,bee79b53-b2db-4796-a1c0-644ec9c37249,Web,Storage,1TB NVMe SSD,1,104.72,104.72
2025-09-16 14:51:55,aeb15b65-7d3d-4535-b2b9-b3df817a91c8,B2B,Mice,Optical Gaming Mouse,2,74.59,149.18
2025-09-16 15:37:01,8f1ce823-d815-4cff-8591-cd6db157613e,Web,Mice,Wireless Bluetooth Mouse,1,36.67,36.67
2025-09-16 11:50:44,e8dbeafd-0222-486e-8c03-44695846eebd,B2B,Mice,Vertical Ergonomic Mouse,1,47.3,47.3
2025-09-16 17:06:57,197af53e-fdcb-4c5b-b596-d027bbd3af6f,Web,Mice,Optical Gaming Mouse,1,65.72,65.72
2025-09-16 14:15:40,cff084f8-ab9a-4e26-9b8c-d0060fa3ac4b,B2B,Networking,Gigabit Ethernet Switch,2,53.04,106.08
2025-09-16 13:06:54,7075928d-70f3-4da7-8efc-d690905db43d,Retail,Keyboards,Membrane Office Keyboard,1,33.27,33.27
2025-09-16 13:01:40,fac632b3-2539-448d-8c9e-cfc738ba3a00,Retail,Headsets,In-Ear Gaming Earbuds,2,41.71,83.42
2025-09-16 12:14:22,2449b7ab-d397-4e72-8aa4-6bbd3c824f54,Web,Keyboards,Mechanical Gaming Keyboard,1,122.02,122.02
2025-09-16 11:15:52,3cfa610e-8528-4f6f-9fa2-44c14619c7e6,Web,Keyboards,Compact 60% Keyboard,1,65.67,65.67
2025-09-16 14:20:34,d10d938d-9d6e-4ba5-a83e-58deeb486206,Web,Storage,128GB USB Flash Drive,1,20.13,20.13
2025-09-16 13:40:44,668c88a6-d361-4b59-b385-54e3ad0a21b9,Web,Keyboards,Wireless Ergonomic Keyboard,2,79.02,158.04
2025-09-16 13:21:25,22e2a735-eded-4691-bfa8-a0acf962aee7,Web,Mice,Wireless Bluetooth Mouse,1,30.23,30.23
2025-09-16 14:54:05,18e94216-f073-4369-a6bb-24f1481a7ce6,Web,Keyboards,Compact 60% Keyboard,1,79.13,79.13
2025-09-16 17:04:37,a4ceb4f7-693f-4fe6-9a7d-553cf18ddaaa,Web,Keyboards,RGB Backlit Keyboard,1,57.99,57.99
2025-09-16 20:56:22,05b25f60-0446-47d4-bad8-33248a1768b2,Retail,Networking,Gigabit Ethernet Switch,1,52.55,52.55
2025-09-16 18:16:59,877410a9-c8d5-4e62-a700-f8ab9dec5329,Web,Storage,2TB External HDD,1,98.06,98.06
2025-09-16 10:21:44,5227eebe-4e7d-4b97-bb90-ff09fa04865a,Retail,Headsets,USB Conference Headset,1,66.09,66.09
2025-09-16 15:27:51,57e19a6b-7bb3-4b53-b354-3ffe57c76bc5,B2B,Mice,Optical Gaming Mouse,1,53.36,53.36
2025-09-16 13:26:15,4132300b-a549-4ed1-9dea-c79ab567d12f,Retail,Keyboards,Mechanical Gaming Keyboard,2,105.47,210.94
2025-09-17 09:55:49,9cd1d5f4-3251-4622-ba42-beacb1595e48,Retail,Keyboards,Mechanical Gaming Keyboard,1,125.24,125.24
2025-09-17 09:20:38,93e0c1b6-4ed8-413b-be84-9eb896daff3b,Retail,Headsets,In-Ear Gaming Earbuds,1,45.33,45.33
2025-09-17 14:42:41,0faad36b-fc6f-4126-8558-8c8105bfb639,Retail,Headsets,Noise-Cancelling Gaming Headset,1,130.32,130.32
2025-09-17 12:44:27,46bf476f-478b-4f4a-9151-9db8bce9d885,B2B,Keyboards,Mechanical Gaming Keyboard,2,134.54,269.08
2025-09-17 18:02:06,a4da025f-394c-47bb-9e0d-3a61d4a734e4,Retail,Keyboards,Mechanical Gaming Keyboard,1,124.13,124.13
2025-09-17 09:46:13,5cdae505-af45-475d-9e34-6a6111880c73,Retail,Monitors,27-inch 4K IPS Monitor,1,363.33,363.33
2025-09-17 17:32:35,07c9c591-5c2d-4776-9658-4d4237c8b63f,B2B,Keyboards,RGB Backlit Keyboard,2,74.76,149.52
2025-09-17 15:42:07,36066330-e3b6-4a52-ad4e-01ab3e5cc13d,Web,Mice,Precision Laser Mouse,1,94.49,94.49
2025-09-17 17:30:45,2cf6ec7c-b726-4895-bb85-80a68cc44bf1,Retail,Headsets,Surround Sound Headphones,2,147.65,295.3
2025-09-17 15:59:38,f9f924f4-778e-46ca-ada6-684241163fcd,Retail,Keyboards,Mechanical Gaming Keyboard,1,117.22,117.22
2025-09-17 19:37:24,adcc0f8f-c6da-45a7-b08b-fe09787cbd6c,Retail,Mice,Vertical Ergonomic Mouse,1,54.87,54.87
2025-09-17 17:02:00,77f6e69e-5841-4b55-b249-6b4c01029c90,Web,Headsets,Wireless Bluetooth Headphones,1,114.46,114.46
2025-09-18 14:26:18,fd7fe372-f662-486e-a6e7-979253073eef,B2B,Keyboards,Mechanical Gaming Keyboard,2,117.72,235.44
2025-09-18 20:45:49,165fb636-f676-4b37-8641-0f42e80edcd4,B2B,Keyboards,Mechanical Gaming Keyboard,2,132.38,264.76
2025-09-18 17:48:38,953d4beb-b926-474c-8aed-b12839de8dcd,B2B,Monitors,27-inch 4K IPS Monitor,1,268.92,268.92
2025-09-18 19:16:22,ff09caa2-2aec-4b20-90c3-ce3ae6bef3bf,B2B,Networking,Powerline Ethernet Adapter,1,41.99,41.99
2025-09-18 13:24:30,7c9bfb00-f500-40cb-84f9-743e15ebb997,Web,Mice,Optical Gaming Mouse,1,71.1,71.1
2025-09-18 17:46:26,eed5618f-91b4-4d64-b4b8-e41ff94723b6,Web,Headsets,Wireless Bluetooth Headphones,1,90.86,90.86
2025-09-18 10:05:27,8b679c7d-4a22-484e-8a95-e97de57af1a7,Retail,Mice,Wireless Bluetooth Mouse,2,47.92,95.84
2025-09-18 14:52:25,2ebb9861-223c-405b-b303-883567634f2b,Retail,Mice,Optical Gaming Mouse,2,41.99,83.98
2025-09-18 19:28:13,c869aecf-833e-4d33-8a72-b1ce28217d44,Web,Monitors,27-inch 4K IPS Monitor,1,346.82,346.82
2025-09-18 09:08:22,8d90aab1-12e1-4bd0-b142-51a9b4335aba,Retail,Headsets,Surround Sound Headphones,1,140.72,140.72
2025-09-18 16:45:30,ccf2cd2e-05b6-48d1-99ba-2a1a9275089c,Web,Headsets,Wireless Bluetooth Headphones,2,89.6,179.2
2025-09-18 12:06:24,f5af22d6-8e79-4738-a8e6-cdde1e490406,B2B,Headsets,USB Conference Headset,1,46.02,46.02
2025-09-18 15:06:23,18236967-152f-4d83-844a-2346f5a954b8,Retail,Mice,Wireless Bluetooth Mouse,2,37.4,74.8
2025-09-18 10:09:16,d200da36-5f19-4a31-8e21-31f3a9c3c4a5,Web,Monitors,15.6-inch Portable USB-C Monitor,1,203.85,203.85
2025-09-19 14:18:37,6ace35d4-6eba-4103-9dfd-21727d1b3739,B2B,Networking,Powerline Ethernet Adapter,1,57.24,57.24
2025-09-19 20:02:42,8f632485-c2e7-4ff8-b993-2771adaaf8ea,B2B,Headsets,In-Ear Gaming Earbuds,1,32.53,32.53
2025-09-19 19:29:15,0159b095-4ee1-4430-8ec2-aab1d45a214a,Retail,Headsets,Surround Sound Headphones,2,130.28,260.56
2025-09-19 15:06:25,6cf45631-18a9-4608-8045-1b4b36b81be9,Web,Mice,Optical Gaming Mouse,1,60.05,60.05
2025-09-19 19:03:01,9a586c83-b4c3-4e4e-802d-05e72d6dfadf,Web,Keyboards,Mechanical Gaming Keyboard,1,140.56,140.56
2025-09-19 14:10:39,016a0c1e-d904-4d57-be75-f29a82d34f48,Web,Mice,Wireless Bluetooth Mouse,1,46.36,46.36
2025-09-19 16:36:36,6349ff3b-d007-4f1b-be68-6839824bf589,Retail,Networking,USB Wi-Fi Adapter,1,29.19,29.19
2025-09-19 13:26:48,ace1ce42-7e57-4b9d-a219-168343242474,B2B,Mice,Precision Laser Mouse,1,60.75,60.75
2025-09-19 15:10:09,b9a4b8ce-b393-456f-89c0-6e66236c7350,Retail,Mice,Vertical Ergonomic Mouse,1,57.51,57.51
2025-09-19 09:00:10,b49ef9e5-d7fd-4677-b9f1-189f86269da1,Web,Keyboards,Compact 60% Keyboard,2,76.54,153.08
2025-09-19 14:24:47,532bc4bb-21cc-403b-b133-dfcb154938c1,Web,Headsets,Wireless Bluetooth Headphones,2,92.53,185.06
2025-09-19 10:42:23,000fddfc-c092-414b-94e5-6c61b8d3244f,B2B,Headsets,Surround Sound Headphones,2,136.47,272.94
2025-09-19 19:10:49,570e1da4-f812-4190-b006-4ffe19efaf48,Web,Storage,4TB Desktop HDD,1,161.99,161.99
2025-09-20 10:54:11,b7763b6c-28fd-4c6b-bc6a-4f705a0d555d,Web,Mice,Optical Gaming Mouse,1,61.53,61.53
2025-09-20 18:02:37,e85f4bc7-fc34-4b3a-a18c-ee6e424c7ef8,Web,Headsets,In-Ear Gaming Earbuds,1,31.99,31.99
2025-09-20 14:08:30,744c6223-4ee9-4c3b-858b-7e0f383e8137,Retail,Mice,Trackball Mouse,1,86.0,86.0
2025-09-20 13:09:00,33e77a9b-3733-47ad-9085-71074f75b386,Retail,Keyboards,Compact 60% Keyboard,1,63.58,63.58
2025-09-20 11:16:34,7938453e-7f3b-4cd3-be57-bc77db26e89b,Retail,Headsets,In-Ear Gaming Earbuds,2,52.72,105.44
2025-09-20 12:29:04,8287e3d2-b978-4614-81a0-d5790b6c10ed,Web,Mice,Wireless Bluetooth Mouse,3,46.89,140.67
2025-09-20 10:58:34,f79a6f89-2bca-4244-b3eb-6c5f356158e5,Web,Keyboards,Mechanical Gaming Keyboard,1,115.39,115.39
2025-09-20 10:58:16,c6444016-15be-4e88-93df-6d7ffb02bbd0,B2B,Storage,512GB Portable SSD,1,80.87,80.87
2025-09-20 15:00:24,0383c801-99a2-40c3-9e43-97798aea559b,Retail,Keyboards,Wireless Ergonomic Keyboard,1,91.06,91.06
2025-09-20 17:36:53,d70aea1e-f073-48fb-9987-5ad88a062faa,Web,Storage,2TB External HDD,1,74.81,74.81
2025-09-20 18:08:46,287f3daa-91d4-453b-8020-d804f107120b,Retail,Mice,Wireless Bluetooth Mouse,1,44.23,44.23
2025-09-20 16:26:35,a63d75ad-08f7-4511-b082-fa9118a4c6d2,Web,Headsets,In-Ear Gaming Earbuds,1,44.65,44.65
2025-09-20 09:14:16,8a5e49ac-80e6-41e4-b68f-1526cf8ffc6a,Web,Keyboards,Wireless Ergonomic Keyboard,2,95.07,190.14
2025-09-20 17:40:06,a6b172bf-5286-4411-82d0-614d54aca15b,Retail,Mice,Wireless Bluetooth Mouse,1,41.58,41.58
2025-09-20 12:10:20,7caacafa-4cdb-4c23-a538-825fb1f37309,Retail,Monitors,24-inch 144Hz Gaming Monitor,2,203.12,406.24
2025-09-20 16:02:32,9b400f57-69fa-4682-b06b-9884c509318f,Web,Mice,Vertical Ergonomic Mouse,1,43.99,43.99
2025-09-20 09:51:57,27db5048-5d4c-4523-a12f-b9be128bbea8,Web,Mice,Precision Laser Mouse,2,61.97,123.94
2025-09-20 09:12:06,fbe408e6-db15-4510-9044-0081c537c974,Retail,Mice,Optical Gaming Mouse,1,61.76,61.76
2025-09-20 14:30:08,39764175-4d0f-44f6-bcde-21dbaf035670,Web,Networking,USB Wi-Fi Adapter,1,26.4,26.4
2025-09-20 13:50:03,b8fae631-76fd-41da-9626-881b121e19dc,Retail,Headsets,Wireless Bluetooth Headphones,1,85.59,85.59
2025-09-21 19:37:39,601034ab-51d1-4e67-8aaf-fd05102e32c2,B2B,Networking,Gigabit Ethernet Switch,1,44.26,44.26
2025-09-21 18:06:45,6766150c-a458-4a12-8dce-a9fed99468f4,B2B,Mice,Optical Gaming Mouse,1,55.59,55.59
2025-09-21 10:11:52,d8c19d35-6637-4280-ac75-c270aff098e3,Retail,Monitors,24-inch 144Hz Gaming Monitor,1,223.69,223.69
2025-09-21 11:27:48,238fcd9d-dab1-4126-8746-9aaaac33e530,Retail,Storage,128GB USB Flash Drive,3,19.35,58.05
2025-09-21 19:35:02,5e35b8c9-222a-4340-a979-6440d7c2fae5,Retail,Mice,Vertical Ergonomic Mouse,2,51.81,103.62
2025-09-21 17:38:25,f897190f-384e-4089-89ca-b22a65e9c4c6,Retail,Monitors,24-inch 144Hz Gaming Monitor,1,222.09,222.09
2025-09-21 10:10:20,cce0c385-1944-40b2-bcdf-890392167f90,Web,Mice,Optical Gaming Mouse,1,69.98,69.98
2025-09-21 17:25:29,a87301f9-af58-486b-ad64-816c9f9bfd50,B2B,Monitors,27-inch 4K IPS Monitor,1,374.35,374.35
2025-09-21 19:40:37,15fbe0fa-fe7f-440a-ab17-713175b5e143,B2B,Storage,128GB USB Flash Drive,2,20.56,41.12
2025-09-21 19:15:25,7ca2b380-e3a3-4278-b860-348e2233838e,Web,Storage,128GB USB Flash Drive,1,20.25,20.25
2025-09-21 16:51:29,900a1307-234e-4437-905d-9bc4aeada73d,Web,Keyboards,Mechanical Gaming Keyboard,1,154.26,154.26
2025-09-21 12:41:30,a6fe67d5-fc05-48b9-bc67-d09c45d02d27,Retail,Mice,Wireless Bluetooth Mouse,1,35.76,35.76
2025-09-21 09:28:33,9bd6b241-bde2-4d67-b83f-14fe278c3a32,Web,Keyboards,RGB Backlit Keyboard,1,64.9,64.9
2025-09-21 09:02:17,331ecda7-6c01-4344-a095-c294a1621ab3,Web,Monitors,34-inch Ultrawide Curved Monitor,1,439.69,439.69
2025-09-22 14:21:54,3e871d22-412a-42bc-a8af-89ee50960119,Retail,Monitors,27-inch 4K IPS Monitor,1,359.81,359.81
2025-09-22 17:19:42,b61ee1e5-4148-4cb3-a741-75eaf3dbb9c0,Retail,Headsets,In-Ear Gaming Earbuds,1,50.29,50.29
2025-09-22 14:23:10,bb259a40-1da0-4b45-b069-02e523acadee,Web,Mice,Optical Gaming Mouse,1,66.72,66.72
2025-09-22 14:15:58,9d4321df-ff8c-49d0-81ae-d704a2162df1,Web,Keyboards,Mechanical Gaming Keyboard,1,108.03,108.03
2025-09-22 20:51:37,eba16bdc-36f4-4db0-8712-cc4fa0043e8d,Retail,Monitors,27-inch 4K IPS Monitor,1,391.35,391.35
2025-09-22 15:45:07,c4a2f63f-d28a-402b-b85b-677fd8b76e1c,B2B,Networking,USB Wi-Fi Adapter,1,29.47,29.47
2025-09-22 16:15:06,8ed9eac0-0297-4ff5-9ef8-a9b3388a06ad,Web,Networking,Powerline Ethernet Adapter,1,73.85,73.85
2025-09-22 20:58:09,6ee85fad-1d48-4042-a5e1-c0d392a98eed,Retail,Mice,Wireless Bluetooth Mouse,1,30.03,30.03
2025-09-22 12:50:47,bfd70009-47e2-405f-9af2-25803f7d18c5,Retail,Storage,128GB USB Flash Drive,1,17.17,17.17
2025-09-22 18:09:55,a615f03e-fea9-4760-82c6-96371e828497,Retail,Headsets,Wireless Bluetooth Headphones,1,119.36,119.36
2025-09-22 19:05:16,7616936a-159f-4b62-a242-69aef8765373,Web,Storage,1TB NVMe SSD,2,108.12,216.24
2025-09-22 18:24:28,eb29cc53-760e-43e3-ac47-8210f7bef8bb,Retail,Networking,USB Wi-Fi Adapter,2,37.18,74.36
2025-09-22 14:35:41,8de29af1-5ad3-45a1-9614-c5275f8d0660,Web,Keyboards,RGB Backlit Keyboard,1,74.96,74.96
2025-09-22 20:07:24,e95081fd-f22a-4da6-94d5-b97e795e6a3e,Web,Keyboards,Compact 60% Keyboard,1,71.2,71.2
2025-09-22 18:35:39,e63869ff-ce7f-4a20-a0ed-a8c4f6ff0878,Retail,Keyboards,Membrane Office Keyboard,1,26.03,26.03
2025-09-23 09:54:55,d8e5b79c-ca3e-4dfa-95da-afcee488dc57,B2B,Mice,Optical Gaming Mouse,2,41.99,83.98
2025-09-23 10:46:34,efece79d-82a0-49e1-9253-d6aa1bd418e9,Retail,Networking,Powerline Ethernet Adapter,1,63.52,63.52
2025-09-23 18:09:23,d9dca7eb-228d-41e8-83b2-b0ff80fc39fd,B2B,Mice,Wireless Bluetooth Mouse,1,34.67,34.67
2025-09-23 11:24:03,74362218-95c5-44a2-a4e6-1e52e97b53c0,B2B,Keyboards,Mechanical Gaming Keyboard,2,148.35,296.7
2025-09-23 10:42:49,477c03c5-4db6-46a4-9ad3-b341598047fd,Web,Storage,2TB External HDD,1,59.99,59.99
2025-09-23 16:12:35,0b6a8a9c-ab41-4339-84ad-31006268c0e2,Retail,Mice,Optical Gaming Mouse,1,69.81,69.81
2025-09-23 19:32:05,0b9a16b3-2e2b-4bf2-a71e-714293e83c09,Web,Keyboards,Compact 60% Keyboard,1,84.93,84.93
2025-09-23 17:32:08,ab48f132-fced-4a99-8250-55a1833a9342,Web,Monitors,24-inch 144Hz Gaming Monitor,1,220.44,220.44
2025-09-23 13:42:24,40c20522-a61e-4183-9f33-252ff8013701,B2B,Storage,128GB USB Flash Drive,2,26.99,53.98
2025-09-23 17:54:25,74f7656c-c72f-49fd-98ca-3323105c2a37,Web,Headsets,Wireless Bluetooth Headphones,1,89.76,89.76
2025-09-23 12:04:03,7454fc0b-8dee-481d-9bd2-dc965f6b364a,Retail,Mice,Optical Gaming Mouse,1,80.99,80.99
2025-09-23 19:15:40,1e79c877-4e06-4890-b5aa-4256e1966fad,Retail,Networking,Powerline Ethernet Adapter,1,41.99,41.99
2025-09-23 20:26:04,2ff5cbb6-16ad-41a0-8e19-5d8ee5e35e29,Web,Monitors,34-inch Ultrawide Curved Monitor,1,513.6,513.6
2025-09-24 15:13:48,fd79b3cd-6e73-4f3c-9ad1-c1437763891c,B2B,Keyboards,Wireless Ergonomic Keyboard,1,75.38,75.38
2025-09-24 13:07:30,b13758f2-3467-4a85-b9ed-e8dacc8032a1,B2B,Mice,Precision Laser Mouse,1,70.48,70.48
2025-09-24 12:26:16,38b0f665-83fd-457a-891b-3e4f398dbac2,B2B,Storage,2TB External HDD,1,82.86,82.86
2025-09-24 15:32:12,3cbb56f9-ecda-48a4-89c7-28dfc47e4ef9,B2B,Mice,Wireless Bluetooth Mouse,2,44.91,89.82
2025-09-24 09:53:15,6a2515d2-bade-4735-a9b4-804019563426,B2B,Keyboards,Compact 60% Keyboard,1,61.26,61.26
2025-09-24 20:36:46,d1f2f771-9420-419f-9938-356f71c600c5,Web,Mice,Optical Gaming Mouse,1,64.58,64.58
2025-09-24 19:51:25,99b156bf-d297-4a42-9485-e3a4695e48b9,Web,Storage,128GB USB Flash Drive,2,18.65,37.3
2025-09-24 12:29:37,5217b78e-59c6-4d20-9cbc-71bc825c3302,B2B,Mice,Optical Gaming Mouse,1,63.25,63.25
2025-09-24 11:58:39,95c255d2-09ad-4027-bffe-2db029a55124,Retail,Headsets,Noise-Cancelling Gaming Headset,1,129.96,129.96
2025-09-24 19:33:17,78371082-6d08-4099-ba29-ebcf2be48d77,Web,Storage,2TB External HDD,1,63.1,63.1
2025-09-24 17:27:32,34bad5f9-b82e-4819-ad9a-7851186b4c56,Web,Keyboards,RGB Backlit Keyboard,2,86.7,173.4
2025-09-24 12:14:02,0aad13aa-bcfe-4050-a16b-929f7cc9098d,Web,Headsets,Noise-Cancelling Gaming Headset,1,104.29,104.29
2025-09-24 16:30:05,3a7755e8-82a2-4279-8fe9-ccad51b53272,Retail,Storage,128GB USB Flash Drive,1,19.56,19.56
2025-09-24 19:50:44,099e2806-ee44-443c-8198-0fd1e4642766,B2B,Keyboards,Wireless Ergonomic Keyboard,1,87.69,87.69
2025-09-24 16:33:30,d030dc81-ca47-4402-9cba-8ff3a45ec59b,Web,Networking,Gigabit Ethernet Switch,2,44.26,88.52
2025-09-24 14:36:06,ed33fade-ef44-4842-998e-5f148c9bfde4,Web,Storage,1TB NVMe SSD,1,81.51,81.51
2025-09-24 11:07:26,a8432270-497d-471e-aeab-7d3b23770104,B2B,Keyboards,Membrane Office Keyboard,1,32.32,32.32
2025-09-24 15:46:01,68764770-6dfe-4394-a40d-3fb4e4176bcf,Web,Mice,Optical Gaming Mouse,2,58.86,117.72
2025-09-24 18:20:22,89f20848-356d-4fac-a8ca-e6065a763805,B2B,Monitors,24-inch 144Hz Gaming Monitor,1,218.97,218.97
2025-09-25 18:41:52,2eb90325-a9fa-4bdc-b4e2-279f35d6f90a,B2B,Keyboards,Compact 60% Keyboard,1,87.74,87.74
2025-09-25 19:05:04,a4b07cdd-0847-4618-a0bf-c0b75490fd32,B2B,Keyboards,Wireless Ergonomic Keyboard,2,68.92,137.84
2025-09-25 09:13:45,9fb17054-4590-4205-b496-686e4e8e329d,Web,Headsets,Surround Sound Headphones,1,168.48,168.48
2025-09-25 15:41:29,2f88c45d-5012-4b77-9941-073464778175,Web,Storage,4TB Desktop HDD,2,89.57,179.14
2025-09-25 11:13:13,b4725be6-4857-4089-aacb-6a2c547e13f9,Web,Keyboards,Mechanical Gaming Keyboard,1,121.68,121.68
2025-09-25 14:25:15,4539f5e8-c4ea-413c-ad87-2787940cbc22,B2B,Keyboards,Mechanical Gaming Keyboard,1,122.01,122.01
2025-09-25 13:40:35,1f304f8a-e8a8-4641-8f83-1d9b994e0e14,Retail,Keyboards,Compact 60% Keyboard,2,67.15,134.3
2025-09-25 11:51:07,f25cecbf-1896-44e6-9418-fa32e0594b3d,Retail,Keyboards,Mechanical Gaming Keyboard,1,119.99,119.99
2025-09-25 11:40:28,d42360b9-47d6-45f2-bb94-7b51063322ac,Retail,Mice,Optical Gaming Mouse,1,59.07,59.07
2025-09-25 13:34:22,6f0c61da-e942-409c-9777-deb116aac978,Web,Keyboards,Compact 60% Keyboard,1,83.84,83.84
2025-09-25 09:35:18,c29af8d7-4b79-46ca-bb59-56961ee133e2,Retail,Keyboards,Compact 60% Keyboard,1,70.56,70.56
2025-09-25 19:04:27,41618a88-6666-4a69-a343-9767a61e256d,Web,Monitors,15.6-inch Portable USB-C Monitor,1,163.73,163.73
2025-09-25 12:40:25,b6df48cd-3402-4ec1-983b-e3931badf0ff,Web,Mice,Wireless Bluetooth Mouse,1,27.99,27.99
2025-09-25 14:21:05,b1742fee-54ca-4a01-9bcd-968e6639db1f,Web,Storage,1TB NVMe SSD,2,105.72,211.44
2025-09-26 14:02:09,fbcf78ad-79ca-4789-9f9a-7d05c4ffee29,B2B,Storage,2TB External HDD,2,83.49,166.98
2025-09-26 11:56:52,5c06de6e-ab45-41d4-9ea7-47daea5ceac3,Web,Monitors,24-inch 144Hz Gaming Monitor,2,249.64,499.28
2025-09-26 14:51:13,58af6e99-815b-4626-9d73-60bf6619c532,Retail,Headsets,In-Ear Gaming Earbuds,1,51.04,51.04
2025-09-26 09:55:38,642acfc9-72ad-4445-aca5-9468475543bc,Retail,Keyboards,RGB Backlit Keyboard,1,99.45,99.45
2025-09-26 12:07:27,5d593bef-4688-41ba-a54f-b45b6282dfd1,Retail,Storage,128GB USB Flash Drive,1,14.08,14.08
2025-09-26 09:15:13,04628641-53c8-4e67-8970-1c8bb1c65010,Retail,Storage,128GB USB Flash Drive,1,21.07,21.07
2025-09-26 10:01:24,22e3f15c-f8b3-4e9d-a395-ef9bd61b1550,Retail,Keyboards,RGB Backlit Keyboard,1,77.56,77.56
2025-09-26 17:18:18,812a7c7f-4678-46c1-a1b8-ef67d94ea384,Retail,Storage,512GB Portable SSD,2,70.66,141.32
2025-09-26 20:41:06,65636cfb-b4ef-4026-8ace-60578d90ca26,Retail,Headsets,USB Conference Headset,2,64.17,128.34
2025-09-26 11:33:00,7e7b0ef2-a11f-4f64-a505-550813fa6d2c,Retail,Monitors,27-inch 4K IPS Monitor,1,311.97,311.97
2025-09-26 14:00:20,7a22e46e-1c16-453c-a5a9-ff904bd93ba7,B2B,Storage,128GB USB Flash Drive,1,13.99,13.99
2025-09-26 15:06:46,78b7ff68-ddbf-4c58-bc82-a4ff876b8591,Web,Storage,1TB NVMe SSD,2,62.99,125.98
2025-09-26 20:21:23,2abda0d2-5ee3-43e2-a2d0-260c646b8171,Web,Keyboards,Membrane Office Keyboard,1,35.94,35.94
2025-09-26 17:59:03,70b359b0-cd5c-41be-932c-5fa028a462e0,B2B,Mice,Wireless Bluetooth Mouse,2,50.53,101.06
2025-09-26 16:40:19,f29c964e-b89e-46ba-935d-c93a5a740f00,Retail,Mice,Optical Gaming Mouse,1,65.05,65.05
2025-09-26 15:11:21,1f7657ea-4724-4695-a21f-97e0e8e42be9,B2B,Storage,2TB External HDD,1,71.72,71.72
2025-09-27 14:49:10,0ae962f7-7197-432f-b4b6-86c77a2d2bce,Retail,Storage,128GB USB Flash Drive,1,21.8,21.8
2025-09-27 17:35:34,393249aa-0e1b-4a55-8958-7f04279c68b9,Web,Keyboards,Membrane Office Keyboard,2,34.92,69.84
2025-09-27 16:17:34,809d6db1-6897-4b14-a3cf-9557c2d9bdf0,Web,Monitors,27-inch 4K IPS Monitor,1,397.45,397.45
2025-09-27 17:57:51,40a4c9ca-2642-4ee0-9b14-38ec9633266b,B2B,Headsets,USB Conference Headset,1,45.89,45.89
2025-09-27 16:07:53,785d1a10-5d34-40a4-9f39-fbc878494a05,Web,Headsets,In-Ear Gaming Earbuds,1,43.52,43.52
2025-09-27 11:11:38,61995d04-3f95-4187-bbc2-2daffe3d2938,Web,Networking,Powerline Ethernet Adapter,1,51.62,51.62
2025-09-27 20:21:44,8552009d-e519-4d68-af50-dec909a52bef,B2B,Storage,512GB Portable SSD,1,74.46,74.46
2025-09-27 14:36:26,066ab99d-13b6-458b-8459-d4859ddc8e20,Retail,Headsets,Wireless Bluetooth Headphones,1,112.08,112.08
2025-09-27 18:54:05,348de859-7734-4f75-8d59-aee4cb87c2cb,Web,Keyboards,RGB Backlit Keyboard,1,97.82,97.82
2025-09-27 12:01:45,f581de3a-1199-43e0-85c4-1e7c0041de8b,Retail,Mice,Wireless Bluetooth Mouse,1,39.04,39.04
2025-09-27 16:55:16,6cff704f-5df6-4bc6-9bf8-48d2b80d52cd,B2B,Mice,Wireless Bluetooth Mouse,2,50.38,100.76
2025-09-27 14:33:36,66146612-17e3-4e79-9845-1752edb4bc50,Web,Headsets,Wireless Bluetooth Headphones,1,100.06,100.06
2025-09-27 10:56:22,df435e2d-8d62-4cf5-af4e-eb7cadbff976,Web,Monitors,24-inch 144Hz Gaming Monitor,1,224.45,224.45
2025-09-27 20:33:38,55c1789c-b799-4ed5-a252-616ebcfd9fc3,Web,Storage,512GB Portable SSD,2,62.05,124.1
2025-09-27 13:29:27,3733c39c-2cb5-4132-a365-100905ed571c,Web,Monitors,15.6-inch Portable USB-C Monitor,1,140.64,140.64
2025-09-27 17:37:39,e9b91689-3fbc-437f-b6cc-b9130e3fd456,Web,Storage,1TB NVMe SSD,1,89.05,89.05
2025-09-27 13:24:57,86f21a5e-ee8a-47ac-99f5-1bba795b33c1,Web,Keyboards,RGB Backlit Keyboard,1,78.4,78.4
2025-09-27 19:30:36,cccba16c-4810-4d57-8ede-b11a39cedcf6,B2B,Networking,Wireless Mesh Router System,2,185.32,370.64
2025-09-27 10:40:58,6c12c24d-77c3-4435-9f3f-fc5a077a0b0c,B2B,Networking,Gigabit Ethernet Switch,1,66.66,66.66
2025-09-27 12:13:33,341e36b8-ef22-4a3a-8821-f6e9bf6337a6,B2B,Monitors,15.6-inch Portable USB-C Monitor,1,195.77,195.77
2025-09-28 15:32:41,30a56700-1e84-4528-899e-6d17d5c2e5eb,Retail,Keyboards,RGB Backlit Keyboard,1,55.99,55.99
2025-09-28 18:29:25,871699a9-02d7-40f2-865c-0dbc6bafb340,Web,Storage,1TB NVMe SSD,1,91.34,91.34
2025-09-28 12:31:37,1015298f-034d-4694-95de-ee62a747d706,B2B,Mice,Wireless Bluetooth Mouse,1,40.03,40.03
2025-09-28 20:41:52,67148b49-cea2-4d7f-9a27-dbca28d58cbd,Retail,Mice,Wireless Bluetooth Mouse,2,36.17,72.34
2025-09-28 13:17:07,1ac71604-5b89-4ff1-abe7-c87cdfbd15da,Web,Storage,128GB USB Flash Drive,1,17.61,17.61
2025-09-28 11:47:27,0b222ab7-5b56-4989-bcaf-8d5a2dd7dea8,B2B,Keyboards,Compact 60% Keyboard,1,61.92,61.92
2025-09-28 13:49:28,89f0e168-1a62-4d1e-815a-003bae803a5b,B2B,Storage,128GB USB Flash Drive,2,24.84,49.68
2025-09-28 20:16:15,582d279c-7bfe-439c-a7cc-f4e0a84d17ec,B2B,Mice,Vertical Ergonomic Mouse,1,44.51,44.51
2025-09-28 19:40:45,58b4cc42-90a3-40ad-8973-34700da6a04b,B2B,Storage,4TB Desktop HDD,2,108.49,216.98
2025-09-28 20:50:36,df3b6488-c856-4201-af01-2bf59d9d8633,Retail,Networking,USB Wi-Fi Adapter,1,27.19,27.19
2025-09-28 12:59:43,f4d4fad8-fb4a-479c-8aa2-a16a43cbf59d,Retail,Headsets,USB Conference Headset,1,58.75,58.75
2025-09-28 17:04:24,4fe6f910-4859-4dd6-a2bc-44553ae7c9ef,Retail,Headsets,Wireless Bluetooth Headphones,1,102.55,102.55
2025-09-28 09:31:53,cd620fcf-40e0-4513-85ad-3adeb0a0e5a3,Web,Networking,USB Wi-Fi Adapter,2,35.02,70.04
2025-09-28 16:41:42,b46b6f85-4b1d-4054-a994-83205a5a3128,B2B,Keyboards,RGB Backlit Keyboard,1,70.31,70.31
2025-09-28 19:40:55,e5561a11-d12f-40af-9e10-c10c64ac441f,B2B,Keyboards,Membrane Office Keyboard,2,31.05,62.1
2025-09-28 19:00:31,0ed2725b-cf01-40c5-8a75-c1c4a34eded1,Web,Headsets,USB Conference Headset,1,52.87,52.87
2025-09-28 20:45:32,6b836fa9-48f2-4a7f-a1ea-cac60efca783,Web,Mice,Wireless Bluetooth Mouse,2,44.33,88.66
2025-09-28 18:37:38,87f33964-5bc7-4c23-b5c4-7f747e3cbcea,B2B,Mice,Vertical Ergonomic Mouse,2,49.21,98.42
2025-09-28 11:59:52,7a323a71-7ad2-4c36-9706-2ed6078d219d,Retail,Monitors,15.6-inch Portable USB-C Monitor,1,158.82,158.82
2025-09-28 11:29:15,8861901e-0ed1-4f9a-967b-34244ab714ac,B2B,Mice,Wireless Bluetooth Mouse,1,38.09,38.09
2025-09-28 13:38:44,11a8d518-5893-4d89-a844-5920896c1c87,Web,Keyboards,Wireless Ergonomic Keyboard,1,102.81,102.81
2025-09-28 12:17:30,b8ea2832-7a86-459f-8c91-fb42ddd5b2fa,Retail,Headsets,USB Conference Headset,1,37.3,37.3
2025-09-28 18:15:45,c673bd20-9b24-4293-8c8b-efc0650bd9ae,Retail,Mice,Vertical Ergonomic Mouse,2,39.17,78.34
2025-09-28 09:58:09,d34c174f-f61a-48dd-b6db-32d8b2e37d0f,Retail,Keyboards,Mechanical Gaming Keyboard,2,129.9,259.8
2025-09-28 13:16:59,fa34ec0c-7fe5-45b8-9a8b-5bca72545a8e,Retail,Networking,USB Wi-Fi Adapter,1,33.94,33.94
2025-09-28 16:51:25,3c77fe19-bf77-4c75-ad47-7843598bb1c4,Web,Keyboards,RGB Backlit Keyboard,2,58.91,117.82
2025-09-28 18:05:40,4e54b495-a0d3-49e0-ae7d-cf8b83f62402,B2B,Keyboards,Compact 60% Keyboard,1,61.07,61.07
2025-09-28 09:53:26,52b5fb67-9bb1-4f67-a6dd-827afc6b9c48,Retail,Mice,Wireless Bluetooth Mouse,1,49.16,49.16
2025-09-29 17:44:22,ad006c44-cab7-4ab8-ae36-873b513b7d7a,Web,Mice,Optical Gaming Mouse,1,49.39,49.39
2025-09-29 18:21:03,40b5e68a-7f28-4fc2-8849-ced11443a4bf,Retail,Keyboards,Compact 60% Keyboard,2,91.18,182.36
2025-09-29 14:27:00,646dfdcd-3bba-4c78-958b-d23b5c36049d,Retail,Headsets,USB Conference Headset,1,40.58,40.58
2025-09-29 12:14:41,166e1f9f-9166-4dfc-86b6-ba28b80d47a3,Retail,Keyboards,Compact 60% Keyboard,1,60.78,60.78
2025-09-29 12:36:46,b10673e4-e4c5-40b9-870d-3bcd885f0937,Retail,Monitors,27-inch 4K IPS Monitor,1,337.6,337.6
2025-09-29 11:44:47,a5053f22-5082-4780-b8fe-a7b3379e71ff,Retail,Storage,128GB USB Flash Drive,1,20.51,20.51
2025-09-29 11:27:56,c7809583-f138-47d8-a841-a2cf3fb5a942,Web,Networking,Gigabit Ethernet Switch,2,47.75,95.5
2025-09-29 18:28:23,d8a45fbb-6e22-4ec6-a372-a1a1675e4df2,B2B,Networking,USB Wi-Fi Adapter,2,26.85,53.7
2025-09-29 10:29:49,3fec52e1-20af-4bdb-9716-6c67a44ae1fa,Retail,Monitors,34-inch Ultrawide Curved Monitor,1,515.15,515.15
2025-09-29 20:04:21,6e1ccab8-613a-4b17-aa00-0f1be8d991da,Web,Monitors,15.6-inch Portable USB-C Monitor,1,176.68,176.68
2025-09-29 12:37:54,9a9008de-3b8d-4894-b540-bcba7a5fdb81,Retail,Mice,Optical Gaming Mouse,1,42.78,42.78
2025-09-29 10:24:11,a28a3531-9c5c-439e-9ade-f365a6fce7f0,B2B,Storage,1TB NVMe SSD,1,71.45,71.45
2025-09-30 19:39:09,f751a8cc-fc46-4df2-b9a3-978dea348b96,Retail,Keyboards,RGB Backlit Keyboard,2,85.92,171.84
2025-09-30 16:05:10,f3b6f390-2da6-42e5-8936-e7ed21d79d59,Retail,Keyboards,Membrane Office Keyboard,2,36.0,72.0
2025-09-30 11:32:14,f29835be-1fb7-4da8-9b8b-3a56039b7960,Retail,Monitors,24-inch 144Hz Gaming Monitor,1,237.53,237.53
2025-09-30 11:29:49,40693a43-c02f-40ba-ba7e-cc7c7f2faa49,Retail,Keyboards,Wireless Ergonomic Keyboard,1,81.2,81.2
2025-09-30 17:56:28,5438daf9-3e7c-4ffa-a280-b29fba2ec9c2,B2B,Storage,512GB Portable SSD,2,87.47,174.94
2025-09-30 12:09:10,67b50b2f-21ee-47bb-be8e-1adae31812d6,B2B,Storage,1TB NVMe SSD,1,96.0,96.0
2025-09-30 11:26:36,65cb8b50-a8d9-4f79-8d5c-9d2d755448e9,Retail,Headsets,In-Ear Gaming Earbuds,1,40.45,40.45
2025-09-30 20:26:23,8f8925cd-e1bd-4641-bc39-ccb75d769e5d,Retail,Headsets,USB Conference Headset,2,56.81,113.62
2025-09-30 09:54:36,893e165d-57f8-45fa-86fa-cae940b5e57f,B2B,Headsets,Noise-Cancelling Gaming Headset,1,105.77,105.77
2025-09-30 19:27:56,3072de2b-f3ba-4f82-9637-cb26feac1822,Retail,Storage,128GB USB Flash Drive,1,19.66,19.66
2025-09-30 14:11:23,dd2ca866-585f-4240-9c23-9993b15d9f12,Retail,Headsets,Wireless Bluetooth Headphones,1,127.59,127.59
2025-09-30 20:16:30,6cb4c503-82bd-45ab-9f2c-9457f4f8fbe2,B2B,Headsets,USB Conference Headset,1,36.37,36.37
2025-09-30 20:38:17,31ad538b-482d-43f2-b477-ecb317f4ea39,Retail,Headsets,Noise-Cancelling Gaming Headset,1,131.78,131.78
2025-09-30 09:27:05,2e5fe9c0-7cb5-4d13-abdd-22b7ebf76ebe,B2B,Keyboards,Compact 60% Keyboard,1,50.58,50.58
2025-09-30 11:34:19,91ba127e-5dd2-4a72-818a-7742d4798dd4,B2B,Keyboards,Membrane Office Keyboard,2,22.3,44.6
2025-09-30 18:08:32,1721f3d9-7337-4de0-924f-d94c79c5e3be,Web,Storage,512GB Portable SSD,1,85.54,85.54
2025-09-30 15:16:07,5feb1622-f2c9-4310-9cea-3ded6cf5d828,Web,Headsets,Noise-Cancelling Gaming Headset,1,131.18,131.18
2025-09-30 16:04:41,d6003350-17d8-4de6-9636-9a8c0c1a1b5f,Retail,Headsets,Surround Sound Headphones,2,115.86,231.72
2025-09-30 17:32:00,2f8cf918-0937-43c3-a477-95ce181fd2f9,Web,Storage,512GB Portable SSD,1,82.41,82.41
2025-09-30 15:24:19,23f039c2-32dc-4539-84db-c6c42e376207,B2B,Networking,Powerline Ethernet Adapter,1,55.59,55.59
2025-10-01 14:43:43,f966fab4-493b-4eed-bbdd-712b8f398a74,Retail,Mice,Wireless Bluetooth Mouse,2,27.99,55.98
2025-10-01 17:43:16,924ee886-52e6-407a-8ce8-f2bc0b7e9d0f,B2B,Headsets,In-Ear Gaming Earbuds,1,28.3,28.3
2025-10-01 20:07:30,dbffa001-c2eb-412b-80c7-a2f621108e3e,B2B,Keyboards,Mechanical Gaming Keyboard,1,123.13,123.13
2025-10-01 10:23:10,9d6d0a35-a1b3-4426-9b7c-14b255075cfd,Retail,Keyboards,Mechanical Gaming Keyboard,1,114.1,114.1
2025-10-01 20:03:30,44c8d410-5ca7-4c40-bcae-22afda7f20c5,Web,Storage,128GB USB Flash Drive,2,25.19,50.38
2025-10-01 20:28:38,50a9c3cb-1744-4aac-94ed-036dc133771a,B2B,Mice,Precision Laser Mouse,2,67.52,135.04
2025-10-01 15:05:42,f6a6977e-98e5-4b9f-8038-ec3aad012803,Web,Keyboards,Wireless Ergonomic Keyboard,2,103.95,207.9
2025-10-01 09:03:43,da5ab111-550a-4fdf-bf1c-42e6730d6143,Web,Headsets,Wireless Bluetooth Headphones,1,91.28,91.28
2025-10-01 20:23:01,7fa3e3e4-d4ba-4ab1-9eaf-59b582fc7222,Web,Storage,1TB NVMe SSD,1,80.15,80.15
2025-10-01 11:43:48,98672b0d-f757-4b89-a26b-9f7b3e36ed02,Web,Networking,USB Wi-Fi Adapter,1,23.32,23.32
2025-10-01 18:11:02,8cf9845d-a578-41d9-b2e6-109f5e505ca8,B2B,Keyboards,Wireless Ergonomic Keyboard,2,101.0,202.0
2025-10-01 18:50:38,ce707e6c-5577-470f-94e6-ae8bb16f052b,B2B,Headsets,Wireless Bluetooth Headphones,1,90.15,90.15
2025-10-01 20:41:42,f7b54bd0-355f-416e-bab9-6688a47d58fb,Retail,Storage,4TB Desktop HDD,1,96.24,96.24
2025-10-01 20:28:47,49f63c18-5637-4228-b553-bdcea0ea7c1c,Web,Mice,Wireless Bluetooth Mouse,2,45.04,90.08
2025-10-01 19:43:39,db465ed1-e46f-424a-961a-da17c9efa901,Retail,Storage,2TB External HDD,1,77.6,77.6
2025-10-01 10:22:49,7c113b28-e8d3-4c85-aba8-8385e7bc9653,Retail,Storage,1TB NVMe SSD,2,104.97,209.94
2025-10-01 19:54:23,66c75716-6841-4dec-a42f-6d1a19fa632d,Web,Keyboards,RGB Backlit Keyboard,2,106.42,212.84
2025-10-01 12:55:28,3155be86-9326-4a74-a3fd-99766e22422e,Retail,Storage,512GB Portable SSD,1,56.84,56.84
2025-10-01 19:38:28,f97f1754-d4f4-47fa-8bf1-4c8e74902dfd,Web,Mice,Precision Laser Mouse,1,70.12,70.12
2025-10-01 17:20:21,d783f6f7-4f59-4d66-b8c2-24503f92d321,Web,Headsets,USB Conference Headset,1,49.21,49.21
2025-10-02 18:39:02,be7c1476-a947-4712-ae30-38570f7feb60,Web,Headsets,USB Conference Headset,1,44.71,44.71
2025-10-02 14:32:25,d6fd8e9b-6e61-4605-ad11-5c6329355873,B2B,Keyboards,Membrane Office Keyboard,2,27.63,55.26
2025-10-02 14:01:36,7e002d15-a372-43bc-92d7-4a6b84292bf8,B2B,Monitors,34-inch Ultrawide Curved Monitor,1,548.43,548.43
2025-10-02 11:16:23,874117b9-8b88-4827-bba1-83a9f9ce8b2e,Retail,Storage,2TB External HDD,2,75.43,150.86
2025-10-02 10:05:44,fcc6a082-3a29-4931-aca8-50b446628a97,B2B,Networking,USB Wi-Fi Adapter,1,28.52,28.52
2025-10-02 20:55:04,e6190251-1b3e-4c0d-8513-ff6ab0ad2b37,Retail,Networking,USB Wi-Fi Adapter,1,23.6,23.6
2025-10-02 17:42:46,ab02cf1b-bda2-4c64-abd2-d0866e5ecb9b,Web,Mice,Wireless Bluetooth Mouse,2,44.38,88.76
2025-10-02 14:52:36,946c5f52-5a61-44f7-ba60-d199dfdca9f2,B2B,Headsets,Noise-Cancelling Gaming Headset,1,144.98,144.98
2025-10-02 20:44:12,92fd52dd-5581-41d2-b5e7-1ec9a567a161,B2B,Monitors,24-inch 144Hz Gaming Monitor,2,238.93,477.86
2025-10-02 17:00:56,e2ec4475-cbcb-48ae-8e67-f2b354d0e2e2,Web,Storage,2TB External HDD,2,78.97,157.94
2025-10-02 16:42:59,6947e26b-94f9-44c6-bd7c-4b266d81cbd0,Retail,Keyboards,Compact 60% Keyboard,1,79.17,79.17
2025-10-02 13:34:52,a2478e01-70c5-4087-b221-9cef1136d5f4,B2B,Keyboards,Membrane Office Keyboard,1,34.29,34.29
2025-10-02 17:55:06,710635b8-d3b3-4f25-b860-8d47a944ec99,Web,Storage,1TB NVMe SSD,1,78.52,78.52
2025-10-02 13:30:43,aa6d3d9c-62df-4854-904d-ee0c9fe25d78,B2B,Mice,Optical Gaming Mouse,1,53.67,53.67
2025-10-03 16:50:56,5fc25270-9993-427c-9e1f-8524efabcb74,Retail,Keyboards,Membrane Office Keyboard,1,24.31,24.31
2025-10-03 17:03:51,41ef2551-3c1d-4c4a-be08-14ee54df7f9f,Web,Mice,Wireless Bluetooth Mouse,1,42.44,42.44
2025-10-03 15:28:55,273d5a48-95b7-4eca-a282-365090e8be15,Retail,Networking,USB Wi-Fi Adapter,1,21.31,21.31
2025-10-03 16:37:34,90ea7af1-5d17-4506-b373-f59f83a49110,Retail,Headsets,Surround Sound Headphones,1,139.36,139.36
2025-10-03 13:21:32,7b16732a-6c7c-446c-b85a-d657185632c0,Retail,Mice,Optical Gaming Mouse,1,60.07,60.07
2025-10-03 18:59:08,7af4efc3-1c1c-4409-93e3-8b696b14132f,B2B,Storage,1TB NVMe SSD,1,91.37,91.37
2025-10-03 15:56:58,90f4f022-ddaf-43f1-a452-4e1f988d7815,Retail,Keyboards,Mechanical Gaming Keyboard,1,108.77,108.77
2025-10-03 14:42:04,af2c0aad-19e2-42c2-99da-0ce1a0257c9c,B2B,Networking,Powerline Ethernet Adapter,2,67.34,134.68
2025-10-03 15:57:15,19621b22-c232-4bc8-8e17-b8f82cc4c49d,Web,Headsets,Surround Sound Headphones,2,160.62,321.24
2025-10-03 17:18:50,dd69a0cf-39af-4ba1-8734-2eef34bf6e4b,B2B,Mice,Wireless Bluetooth Mouse,2,27.99,55.98
2025-10-03 19:22:26,501b2270-0d6e-42ec-8c64-db84761304ec,Web,Keyboards,RGB Backlit Keyboard,1,64.79,64.79
2025-10-03 11:45:08,4c982db7-c0e0-4efc-a48b-bad3f43b156f,Web,Storage,1TB NVMe SSD,2,104.54,209.08
2025-10-03 16:01:42,c666bc4a-742c-47b6-9f86-cfb9dbdb288b,B2B,Headsets,Noise-Cancelling Gaming Headset,1,135.4,135.4
2025-10-03 12:06:24,16eaef99-22fa-4c71-808f-99de63a5a23a,B2B,Keyboards,Mechanical Gaming Keyboard,2,132.46,264.92
2025-10-03 19:59:19,dd669172-793a-4112-8367-bcf04982f9f6,Web,Mice,Optical Gaming Mouse,2,51.76,103.52
2025-10-03 19:45:48,e208c562-6dc2-4519-a429-8a64e0f941c1,Web,Networking,Gigabit Ethernet Switch,1,34.99,34.99
2025-10-03 19:41:10,9ef9c1ed-ccd2-4ecd-a866-f843ee84a36d,Retail,Mice,Wireless Bluetooth Mouse,1,41.08,41.08
2025-10-03 10:08:40,af1f1a31-d12c-49ef-bb59-ff66d5be15e0,B2B,Keyboards,Wireless Ergonomic Keyboard,1,93.98,93.98
2025-10-03 16:34:54,f6bc4041-e8cd-4098-b603-e21e13ac7546,Retail,Keyboards,Membrane Office Keyboard,1,33.22,33.22
2025-10-03 15:04:20,ba85b2ce-3022-4953-b373-be90f23cdc22,Retail,Storage,1TB NVMe SSD,1,62.99,62.99
2025-10-04 12:22:27,4fb51234-f648-45cb-b200-4b0983c14595,Retail,Mice,Wireless Bluetooth Mouse,2,47.97,95.94
2025-10-04 19:33:11,fd7563d7-ac8e-42b9-802d-8523b9dd001b,Web,Mice,Vertical Ergonomic Mouse,1,63.52,63.52
2025-10-04 17:45:34,cab225a2-36ff-4173-b058-2aa4243efef1,B2B,Mice,Precision Laser Mouse,2,78.34,156.68
2025-10-04 15:37:59,26758a90-e13a-4511-ace6-9f5f9aaf338c,B2B,Storage,1TB NVMe SSD,1,72.13,72.13
2025-10-04 17:56:10,3c89ca41-7def-4809-9dc3-c736f47991f7,B2B,Networking,Powerline Ethernet Adapter,1,56.91,56.91
2025-10-04 11:02:15,c45406e1-3945-4c9f-ac7c-e07c71712b73,Web,Keyboards,Wireless Ergonomic Keyboard,1,91.01,91.01
2025-10-04 11:52:39,90fced1e-0ac4-45eb-bf99-1c837d5a873f,Retail,Headsets,In-Ear Gaming Earbuds,2,38.55,77.1
2025-10-04 12:47:10,ba28a262-63b4-4160-8e8c-886ad95b2cef,Web,Networking,Gigabit Ethernet Switch,1,34.99,34.99
2025-10-04 15:33:27,0070c7a1-6e8c-4b7c-9c4d-3b09abda6fa5,Web,Networking,Powerline Ethernet Adapter,1,78.01,78.01
2025-10-04 17:24:08,505bc338-0188-4891-9d52-0ed35b2fe6b1,B2B,Headsets,Noise-Cancelling Gaming Headset,1,107.16,107.16
2025-10-04 14:11:30,ca159b5c-24b5-40ca-8b77-8c94436c958e,Retail,Keyboards,Compact 60% Keyboard,1,85.89,85.89
2025-10-04 11:00:32,e7373101-3b94-4d2d-b360-a40406f7f0fd,Retail,Networking,Powerline Ethernet Adapter,1,57.77,57.77
2025-10-04 12:53:17,0b8a826b-9819-4388-8f65-526f7f2f6a6c,Web,Headsets,Noise-Cancelling Gaming Headset,1,131.39,131.39
2025-10-04 17:14:52,ecf72695-92de-400d-a166-581da26d0dc8,B2B,Mice,Optical Gaming Mouse,1,60.28,60.28
2025-10-04 19:45:23,d0a1d3ba-5f2d-41d3-b758-263423ee2fd7,Retail,Headsets,Wireless Bluetooth Headphones,1,117.21,117.21
2025-10-04 11:54:51,812cb15c-1338-4915-abd0-3f0b6dee6299,Retail,Storage,128GB USB Flash Drive,1,26.99,26.99
2025-10-04 09:03:16,3a690ee6-3a6c-4bd1-8b4d-d60e02218492,Retail,Mice,Vertical Ergonomic Mouse,1,47.2,47.2
2025-10-04 11:49:29,b025e28c-2a28-4b17-b005-5e9d0bd53ccd,B2B,Mice,Optical Gaming Mouse,1,60.66,60.66
2025-10-04 17:22:52,c168d8b0-5574-44c5-b646-32bd0c16d817,Retail,Networking,Gigabit Ethernet Switch,1,65.55,65.55
2025-10-04 13:02:48,41f34372-0be8-4a89-87c6-91c70f696afc,Web,Storage,1TB NVMe SSD,2,93.33,186.66
2025-10-04 15:33:38,c7872123-b8fc-4eeb-93c3-61f4b6ba0504,B2B,Storage,1TB NVMe SSD,1,98.97,98.97
2025-10-04 16:41:02,f7de200b-05df-4376-baf9-73a3d75ecfe0,Web,Mice,Wireless Bluetooth Mouse,1,27.99,27.99
2025-10-04 17:54:04,2933ac50-e7e2-47fc-908a-9af6d0b51838,B2B,Mice,Vertical Ergonomic Mouse,1,46.42,46.42
2025-10-05 19:59:57,6db045bc-9632-4924-be4b-cce789b233a2,B2B,Mice,Optical Gaming Mouse,1,64.18,64.18
2025-10-05 18:54:04,1f071329-cefd-40fb-8182-a5af52cf0a7d,Web,Networking,USB Wi-Fi Adapter,1,39.11,39.11
2025-10-05 18:21:22,18ddfabc-282f-4c00-9134-196b69475fd9,B2B,Headsets,Surround Sound Headphones,1,178.79,178.79
2025-10-05 11:15:43,50badc27-83fb-446b-bb45-999398690855,Retail,Monitors,34-inch Ultrawide Curved Monitor,1,510.31,510.31
2025-10-05 18:43:53,45bf6a14-301c-4062-8fa0-86725e3b7122,Web,Mice,Wireless Bluetooth Mouse,2,30.29,60.58
2025-10-05 18:20:13,acd831fd-3238-4c78-8376-62a2cf3079f9,Web,Keyboards,Wireless Ergonomic Keyboard,1,98.9,98.9
2025-10-05 09:14:55,bd53672e-e84d-4a10-8e8c-2fde30f47aac,B2B,Networking,USB Wi-Fi Adapter,1,28.45,28.45
2025-10-05 17:31:05,b8c32d8b-39c4-4845-822b-209efc11947e,Retail,Storage,4TB Desktop HDD,2,106.04,212.08
2025-10-05 14:27:35,a6df4545-f153-4456-9dc8-6c441fed8ca1,Retail,Monitors,34-inch Ultrawide Curved Monitor,2,349.99,699.98
2025-10-05 09:34:43,1d98250e-6150-4722-bbb3-e1332f5816ee,Web,Keyboards,Mechanical Gaming Keyboard,1,114.1,114.1
2025-10-05 12:13:29,1e94ec9a-f9a5-4b74-9bc9-80992ff7e561,Web,Mice,Wireless Bluetooth Mouse,2,48.03,96.06
2025-10-05 16:10:32,c08596af-331a-4e97-8115-d1969c453f3e,Web,Storage,512GB Portable SSD,1,82.72,82.72
2025-10-05 14:38:27,ae0162da-7e29-4ac6-9bd9-e4bff7a0b136,Retail,Monitors,24-inch 144Hz Gaming Monitor,1,271.39,271.39
2025-10-05 13:22:31,e65d1a63-7c92-4770-9ec9-a2ae52d918e4,Retail,Mice,Vertical Ergonomic Mouse,1,44.04,44.04
2025-10-05 14:01:57,d3944461-7d50-4a01-a28f-920d30ebc4ca,B2B,Mice,Vertical Ergonomic Mouse,2,58.37,116.74
2025-10-05 10:28:07,13d65648-d245-4153-8f60-6a9c3e55c4e6,Retail,Mice,Wireless Bluetooth Mouse,1,49.38,49.38
2025-10-05 13:57:04,c6026c46-4bee-413f-870e-a46226825682,B2B,Headsets,In-Ear Gaming Earbuds,1,43.23,43.23
2025-10-05 20:54:42,3ff56cf0-4b4f-4f6f-b6d6-da8fe0affd21,Web,Networking,Gigabit Ethernet Switch,1,57.32,57.32
2025-10-05 09:29:57,70a91621-ffb2-476d-8c38-0aaeda9fa907,B2B,Monitors,15.6-inch Portable USB-C Monitor,1,128.19,128.19
2025-10-06 13:20:09,81f7f6c0-7857-4278-a250-b716bcc5e2a6,Web,Keyboards,Wireless Ergonomic Keyboard,2,92.25,184.5
2025-10-06 19:24:48,db5cd019-a85b-439b-84d2-617269b0e64e,Retail,Monitors,34-inch Ultrawide Curved Monitor,1,459.54,459.54
2025-10-06 09:32:46,321f9e98-4e2d-4c3d-b0b6-69a404366e3c,Web,Storage,512GB Portable SSD,3,75.0,225.0
2025-10-06 12:11:46,3822450b-aeff-4236-9438-899e0b7a0e6b,Web,Networking,USB Wi-Fi Adapter,1,24.88,24.88
2025-10-06 13:56:18,5d4ef862-78f9-4d9b-bd69-233714b3b420,B2B,Keyboards,Mechanical Gaming Keyboard,2,137.93,275.86
2025-10-06 12:18:41,657dddd3-6938-4c16-a704-a92997e0c873,Web,Storage,128GB USB Flash Drive,2,26.54,53.08
2025-10-06 20:05:52,f1546110-e3bd-430a-8208-91c49a7e9280,Web,Headsets,In-Ear Gaming Earbuds,1,42.02,42.02
2025-10-06 16:36:20,c239e7b9-60d3-4bf4-b683-5cc71df8155a,Web,Monitors,27-inch 4K IPS Monitor,1,318.49,318.49
2025-10-06 13:59:52,8d4831c9-ea07-431f-9ae4-f55ba93724cf,Retail,Headsets,Wireless Bluetooth Headphones,2,106.82,213.64
2025-10-07 13:47:46,522fe899-12c7-4842-9096-3d2140bad1dc,Retail,Networking,Powerline Ethernet Adapter,1,56.62,56.62
2025-10-07 12:13:38,ec68adbe-de08-4552-9554-7e3f5357ab00,B2B,Storage,512GB Portable SSD,1,56.83,56.83
2025-10-07 16:27:34,7adf84f5-9a4b-4737-b119-768a51ba427f,Web,Headsets,Noise-Cancelling Gaming Headset,1,117.62,117.62
2025-10-07 10:09:01,4de96b58-7f1d-4a27-882d-5b8d092e101a,B2B,Storage,512GB Portable SSD,2,76.08,152.16
2025-10-07 12:32:05,e1a5c3a8-4c17-49c2-8c95-7fe9ad89beb0,Web,Networking,Powerline Ethernet Adapter,2,51.41,102.82
2025-10-07 09:10:39,8bbc079a-538b-4dfb-bb01-1ca1d1d7f436,B2B,Headsets,Surround Sound Headphones,2,130.66,261.32
2025-10-07 17:41:33,cb1f99e3-27ee-4e38-855c-3f2cc1404201,B2B,Storage,1TB NVMe SSD,1,93.2,93.2
2025-10-07 10:52:36,5bf24ec9-c68b-4dc1-b280-e3fb148bf699,B2B,Keyboards,RGB Backlit Keyboard,1,74.54,74.54
2025-10-07 09:32:09,cadb6029-0f41-48ef-8c4e-18094b9cd9c4,Web,Keyboards,Wireless Ergonomic Keyboard,2,77.96,155.92
2025-10-07 20:13:06,ad1d619e-7461-42f0-be38-253eb9053767,Web,Headsets,Wireless Bluetooth Headphones,2,112.03,224.06
2025-10-07 15:56:55,a8de2a90-b630-4601-a2b9-f86f32e903d5,Retail,Monitors,34-inch Ultrawide Curved Monitor,1,443.18,443.18
2025-10-07 20:04:58,f2bae007-282a-457f-ba56-efb7252a36a3,Web,Headsets,Wireless Bluetooth Headphones,1,132.5,132.5
2025-10-07 12:44:35,dc1bfe0d-76ca-481e-a844-6ba8309e767b,Web,Networking,Gigabit Ethernet Switch,1,63.52,63.52
2025-10-07 16:18:02,23c74130-e716-428f-8019-09e536015d68,Web,Mice,Wireless Bluetooth Mouse,2,30.79,61.58
2025-10-07 11:01:48,0f03aab7-844c-4e34-941b-774c3096de5c,Web,Networking,Wireless Mesh Router System,1,270.3,270.3
2025-10-08 20:31:29,1920ce21-aa58-44e5-af29-3efd153c3cc5,B2B,Mice,Vertical Ergonomic Mouse,2,47.36,94.72
2025-10-08 10:52:24,ac7d886a-f1e4-4d53-a753-33553e2bf4e7,Web,Storage,2TB External HDD,3,74.34,223.02
2025-10-08 12:42:31,32078bc9-5a03-482f-98f3-63acbdbfcb3f,B2B,Networking,USB Wi-Fi Adapter,1,40.49,40.49
2025-10-08 19:47:49,3fedb8fe-385d-4e22-aabc-f4c210dc2c5d,B2B,Keyboards,Wireless Ergonomic Keyboard,1,107.7,107.7
2025-10-08 09:12:48,66febb12-cc85-47a9-a94c-db7fd9641894,B2B,Storage,128GB USB Flash Drive,1,23.74,23.74
2025-10-08 16:01:00,ed24202d-7c94-47d9-acfa-e20390227d29,B2B,Mice,Vertical Ergonomic Mouse,2,52.98,105.96
2025-10-08 15:25:43,d4389e0a-b662-4062-adc4-f0b0f43ebd4c,B2B,Monitors,27-inch 4K IPS Monitor,1,354.18,354.18
2025-10-08 16:03:01,13ce2109-dfbb-486c-8845-dd886d605035,B2B,Headsets,USB Conference Headset,1,44.4,44.4
2025-10-08 17:52:00,b74ce8c2-7977-4ccb-a0e1-f5aed5e53d95,B2B,Storage,512GB Portable SSD,1,69.41,69.41
2025-10-08 15:12:15,3d2b75f2-dd28-4a93-a2be-42536547ff7e,Retail,Keyboards,Membrane Office Keyboard,2,31.55,63.1
2025-10-08 09:51:48,259cc5ea-b96e-4ec2-83fc-3e977bf70dca,B2B,Mice,Trackball Mouse,1,91.03,91.03
2025-10-08 17:35:12,2a177b43-4a6d-498e-836a-0010c0317823,B2B,Monitors,34-inch Ultrawide Curved Monitor,1,432.35,432.35
2025-10-08 16:21:38,3c679c3c-d5b2-45a1-b76e-4a87fbf227cb,B2B,Storage,2TB External HDD,1,86.29,86.29
2025-10-08 17:53:44,da74dc93-a709-4a3b-a028-0f7364036cf9,Retail,Keyboards,Compact 60% Keyboard,1,62.85,62.85
2025-10-08 14:47:17,16bc24dd-0687-4500-9519-5b7a76013977,Web,Mice,Vertical Ergonomic Mouse,1,65.66,65.66
2025-10-09 11:49:48,51295aff-1b25-496a-9301-bbc2d468f33d,Retail,Mice,Optical Gaming Mouse,1,44.63,44.63
2025-10-09 17:45:31,a1d2f0cc-d0da-4163-a702-6ae8187ed1fc,B2B,Keyboards,Membrane Office Keyboard,1,34.36,34.36
2025-10-09 17:01:02,bd67d7a7-b608-4b71-a107-c4099a81efff,Web,Mice,Optical Gaming Mouse,1,80.99,80.99
2025-10-09 17:19:26,b67a0e26-e61f-4ee7-a9b0-14eef87d04d7,Retail,Headsets,Noise-Cancelling Gaming Headset,1,116.75,116.75
2025-10-09 13:06:25,0829495c-eb72-40f8-80a1-ffc1d3885910,Web,Mice,Optical Gaming Mouse,2,41.99,83.98
2025-10-09 10:29:21,6e992691-842e-40bd-9937-22b978a73871,Web,Mice,Vertical Ergonomic Mouse,1,56.03,56.03
2025-10-09 17:19:00,26768b53-a860-46d7-bbaf-a74a1d3b1072,Web,Headsets,USB Conference Headset,1,51.43,51.43
2025-10-09 13:16:51,6351ada6-524f-46f6-8725-770764f164cf,Retail,Keyboards,Wireless Ergonomic Keyboard,2,97.87,195.74
2025-10-09 12:44:24,1968a52f-e858-4c44-a50b-ab0d8f8c8a3a,Web,Networking,Wireless Mesh Router System,1,278.1,278.1
2025-10-09 15:07:06,a5b46557-4f7e-4a2a-932f-f8004e3915bd,Web,Mice,Wireless Bluetooth Mouse,1,48.55,48.55
2025-10-09 11:25:47,f2cecfac-d5d5-411d-83e1-dfb5a3159ac0,Retail,Storage,2TB External HDD,2,86.65,173.3
2025-10-09 13:24:22,1cd75aa1-987d-4683-9c97-d2efa2c17e34,Web,Networking,Gigabit Ethernet Switch,1,42.46,42.46
2025-10-09 17:48:16,9e5e36d8-5598-4d1d-9103-c38abbfb79f6,Web,Networking,Gigabit Ethernet Switch,1,49.95,49.95
2025-10-09 10:17:51,04981cb4-abdf-49ac-87ed-ec498e775bde,Retail,Keyboards,Mechanical Gaming Keyboard,1,120.56,120.56
2025-10-09 14:17:21,48a4f409-ed30-4958-9c00-355be38fa2cd,Retail,Storage,128GB USB Flash Drive,1,14.92,14.92
2025-10-09 09:00:14,e973196a-cdd9-4aa3-9d7e-015bdd8c3554,Web,Networking,Powerline Ethernet Adapter,2,76.55,153.1
2025-10-09 11:09:31,b0548f8a-36e0-4d06-b24b-1717d06d82da,Web,Storage,512GB Portable SSD,1,65.21,65.21
2025-10-09 18:30:58,4b12b42b-fe7e-4fae-8105-700dfbef5b57,Web,Mice,Optical Gaming Mouse,1,57.51,57.51
2025-10-09 20:55:51,021646d4-49e2-4f50-a089-4478ab114f3b,B2B,Mice,Optical Gaming Mouse,2,43.13,86.26
2025-10-09 09:37:20,ceff7498-04a9-4571-b906-523c70d4d767,B2B,Storage,128GB USB Flash Drive,1,17.33,17.33
2025-10-09 20:38:36,17a7cc4a-df02-4b41-aeeb-8fa818c559be,B2B,Keyboards,Wireless Ergonomic Keyboard,1,85.24,85.24
2025-10-09 14:02:34,cbd2582b-767e-4cf1-a39e-eca54eb82d15,Web,Keyboards,RGB Backlit Keyboard,1,77.28,77.28
2025-10-09 09:15:17,f42cd668-002f-4a04-b918-68e4ed8cd4f5,B2B,Storage,128GB USB Flash Drive,2,17.08,34.16
2025-10-09 20:30:52,3afd70ba-59c4-4b09-9aee-8a3d9c9c0986,Web,Headsets,Wireless Bluetooth Headphones,1,108.08,108.08
2025-10-10 13:39:47,ea8b33e8-c702-4785-a5e8-dd07fe6e8459,B2B,Mice,Precision Laser Mouse,2,87.02,174.04
2025-10-10 20:30:53,f64043b7-b2ae-4f08-813f-2c5c04acd43f,Retail,Storage,1TB NVMe SSD,1,102.5,102.5
2025-10-10 14:10:32,7989bea9-b728-4879-b396-69202fcc2843,Web,Keyboards,Mechanical Gaming Keyboard,2,154.16,308.32
2025-10-10 20:55:04,d437b661-3628-4cf3-9ec9-1c856e6cbd9a,Retail,Monitors,24-inch 144Hz Gaming Monitor,1,206.36,206.36
2025-10-10 13:29:37,6540b65c-6cd8-4714-8123-19097829a14d,Retail,Monitors,32-inch 8K Professional Monitor,1,1259.83,1259.83
2025-10-10 14:43:07,fde6b953-90a4-44fe-9675-950bf9325ff7,B2B,Storage,128GB USB Flash Drive,2,22.31,44.62
2025-10-11 10:28:00,7be7e16e-2c6e-48df-9f55-3741a43572bb,Web,Headsets,Wireless Bluetooth Headphones,2,77.58,155.16
2025-10-11 20:39:18,a559481e-2608-40bb-910f-45ca1c264beb,Retail,Monitors,24-inch 144Hz Gaming Monitor,1,282.48,282.48
2025-10-11 12:02:54,35cf6b39-a960-49c5-815c-35798fad35c1,B2B,Mice,Wireless Bluetooth Mouse,2,36.11,72.22
2025-10-11 20:58:54,ea89cc52-2a26-4048-95ac-ad7874b2b5f9,B2B,Mice,Wireless Bluetooth Mouse,1,44.6,44.6
2025-10-11 20:22:49,e7e5a28f-10ca-4121-a8d6-229080c59ddd,B2B,Keyboards,Compact 60% Keyboard,2,65.19,130.38
2025-10-11 12:30:10,69f4d9d8-a7ef-41c0-bd1d-33bc2608dfba,Retail,Monitors,15.6-inch Portable USB-C Monitor,1,207.9,207.9
2025-10-11 18:35:07,b85b5110-fb36-4bcc-9cf9-ef224c57050a,Web,Monitors,24-inch 144Hz Gaming Monitor,2,174.68,349.36
2025-10-11 15:56:20,5bcb3d85-757f-47ea-915e-e676b8fbb13d,B2B,Mice,Precision Laser Mouse,1,74.1,74.1
2025-10-11 17:35:08,307142ef-13ae-4e85-a834-2237e820100d,B2B,Networking,Wireless Mesh Router System,1,261.77,261.77
2025-10-11 17:55:29,5c3592c8-e43c-4cae-8553-903eeadc8175,B2B,Networking,USB Wi-Fi Adapter,1,31.2,31.2
2025-10-11 20:59:00,3b694ebc-ef7d-459b-8f30-a539133e4841,B2B,Headsets,USB Conference Headset,2,43.75,87.5
2025-10-11 15:07:04,7aaa32e6-1dde-4c2f-999d-37bac1ded87f,Retail,Mice,Wireless Bluetooth Mouse,2,27.99,55.98
2025-10-11 18:54:32,4ef135bd-86be-401f-9008-193d65b4b925,B2B,Mice,Optical Gaming Mouse,1,41.99,41.99
2025-10-11 11:46:49,57372a11-6167-45f2-8b3f-fad4f3e0a7c9,Retail,Mice,Wireless Bluetooth Mouse,2,41.18,82.36
2025-10-11 17:54:41,7a256334-99ab-445a-b7fd-1d8bdffee0af,B2B,Storage,2TB External HDD,2,65.64,131.28
2025-10-12 11:21:15,87aca28f-e38a-4e13-958e-9874ec89fc8c,Web,Keyboards,Membrane Office Keyboard,2,28.94,57.88
2025-10-12 19:46:49,37aa8304-f7a9-4253-93a3-de92b393d6fb,Web,Headsets,In-Ear Gaming Earbuds,1,42.17,42.17
2025-10-12 16:36:37,27c8e75b-a37f-4633-a67a-b0cc09427078,Retail,Keyboards,Wireless Ergonomic Keyboard,1,96.18,96.18
2025-10-12 15:46:01,76ad4681-a26a-40e2-8255-3b40d6719ef1,Retail,Keyboards,Compact 60% Keyboard,1,68.68,68.68
2025-10-12 12:53:36,e0a1c199-c534-4a9c-a1f6-d54b04648e8e,Retail,Monitors,24-inch 144Hz Gaming Monitor,1,193.54,193.54
2025-10-12 15:19:25,4c2c0e80-58f8-4ffb-8cea-b175ef9d0055,B2B,Storage,2TB External HDD,1,80.06,80.06
2025-10-12 09:12:43,531abb5c-28e8-46ba-8676-2df899a2201c,Retail,Networking,Powerline Ethernet Adapter,2,59.41,118.82
2025-10-12 20:37:53,bcf977bc-7e93-4fd4-8de6-beb003388e9e,Retail,Networking,Powerline Ethernet Adapter,2,60.36,120.72
2025-10-12 09:33:40,36e6bc4c-f724-4ccd-bed0-fb129566e0ed,B2B,Headsets,USB Conference Headset,1,59.68,59.68
2025-10-12 20:45:48,4d516bbd-5936-4737-87a1-5dcf4ee8e7fd,B2B,Headsets,Noise-Cancelling Gaming Headset,2,151.46,302.92
2025-10-12 20:02:36,017f129f-9705-444a-9bdf-757fee007823,B2B,Networking,USB Wi-Fi Adapter,2,32.44,64.88
2025-10-12 17:17:38,97bbf794-8f10-4907-9035-831581b35cda,B2B,Keyboards,Membrane Office Keyboard,1,25.74,25.74
2025-10-12 16:55:26,3e9c63a8-445c-496c-ac9f-036b76f7b967,Web,Networking,USB Wi-Fi Adapter,1,30.26,30.26
2025-10-12 14:03:54,8328aae2-a0e1-45d5-b29f-96d1bd8ca184,Retail,Headsets,Wireless Bluetooth Headphones,1,98.36,98.36
2025-10-12 14:28:08,d6de45bc-6d6c-482d-99f2-6ce17ffe8eb3,Retail,Headsets,Noise-Cancelling Gaming Headset,1,136.29,136.29
2025-10-12 13:05:49,7ff27eef-af83-4b07-a7f6-b8653f4d2b17,Web,Monitors,27-inch 4K IPS Monitor,1,274.73,274.73
2025-10-12 16:30:36,808299b2-9b59-4b3c-b24c-9818267203a5,Web,Mice,Vertical Ergonomic Mouse,2,53.48,106.96
2025-10-12 11:48:09,8e32c480-2923-42e8-8add-e302cf9d92b5,Retail,Keyboards,Wireless Ergonomic Keyboard,1,62.99,62.99
2025-10-12 12:03:13,cb4cfdb0-f3ba-4624-91b2-a7a48e5a4f6a,B2B,Keyboards,Compact 60% Keyboard,1,88.62,88.62
2025-10-12 13:22:10,d6ff72bc-b9d6-4a83-931a-ea12a5b96ec7,Retail,Networking,USB Wi-Fi Adapter,1,30.14,30.14
2025-10-12 20:48:02,d81c1099-4032-4daa-8ed0-f4fa93376ddf,Retail,Networking,Powerline Ethernet Adapter,1,61.68,61.68
2025-10-13 16:25:47,406e41c7-94a9-4f4f-beb5-3fd2d562fd85,Web,Headsets,Wireless Bluetooth Headphones,2,109.32,218.64
2025-10-13 20:35:12,9061a819-d152-46d8-a88d-2d12603859d1,B2B,Headsets,Wireless Bluetooth Headphones,1,105.32,105.32
2025-10-13 14:53:53,d82853fd-fe34-4737-b858-2f8eb548b1c2,Retail,Networking,Wireless Mesh Router System,1,248.13,248.13
2025-10-13 15:38:59,6ffe4849-f2c4-4529-8ea3-2939e81b0e5a,Web,Mice,Optical Gaming Mouse,1,65.25,65.25
2025-10-13 17:22:44,112faf80-2c11-4d2d-ba04-1ddf7800f8b6,B2B,Mice,Trackball Mouse,2,79.71,159.42
2025-10-13 12:31:43,713d254a-1aad-4fc2-bc6e-30437a0e4e33,Retail,Keyboards,Membrane Office Keyboard,1,30.34,30.34
2025-10-13 12:45:30,0245fe23-cfe0-4225-8e4a-5f2eb1cdb836,B2B,Storage,128GB USB Flash Drive,1,21.03,21.03
2025-10-13 09:34:44,e6b3860b-856c-4161-9e93-8941ada19ac1,Web,Monitors,27-inch 4K IPS Monitor,1,349.2,349.2
2025-10-13 12:47:28,10a5bdd6-cedc-471c-8430-a0adc34d2c7c,Web,Keyboards,Mechanical Gaming Keyboard,2,161.91,323.82
2025-10-14 10:08:23,2145b2a0-4fbe-4ab4-a2c9-703a35a4d4ec,B2B,Monitors,24-inch 144Hz Gaming Monitor,1,215.45,215.45
2025-10-14 09:17:29,603ade25-e6b2-42d3-b54a-f4391f283f1e,Web,Mice,Optical Gaming Mouse,1,53.93,53.93
2025-10-14 19:43:07,10ca2235-04ab-4d06-825f-9a7fccd0436e,Retail,Headsets,Wireless Bluetooth Headphones,1,88.75,88.75
2025-10-14 15:34:01,4fa6d630-a40d-4720-bb6c-0b7617e0f4b0,B2B,Networking,Wireless Mesh Router System,1,222.63,222.63
2025-10-14 14:19:19,f98d17bd-d0df-4761-a0ab-c3449e2bae24,B2B,Storage,1TB NVMe SSD,2,117.72,235.44
2025-10-14 19:44:34,42ab3ed5-a8bc-4b43-9392-ba91b088a72d,Retail,Storage,512GB Portable SSD,1,67.39,67.39
2025-10-14 20:09:40,fb4699e7-7834-4903-bfa5-d4af2f3198fb,Web,Storage,128GB USB Flash Drive,1,23.42,23.42
2025-10-14 18:27:33,dce1e544-4140-4e0d-8565-b6e2f751a725,B2B,Headsets,Surround Sound Headphones,2,138.37,276.74
2025-10-14 17:13:40,ec5f9ce1-b12c-4802-9a2d-88e3002e9eeb,Web,Storage,512GB Portable SSD,2,63.66,127.32
2025-10-14 18:29:58,72c1ad41-f586-4b4a-baf0-e1b4b1f57a7f,B2B,Networking,Gigabit Ethernet Switch,1,51.38,51.38
2025-10-14 20:23:01,cc0219ff-58e6-4a3f-9605-e108f79eccbc,Web,Mice,Optical Gaming Mouse,1,66.74,66.74
2025-10-14 18:52:43,296d271c-b36b-4738-a03b-1ef952b32749,Retail,Headsets,Noise-Cancelling Gaming Headset,1,124.98,124.98
2025-10-14 20:01:08,e6883704-0246-40d6-b371-275d1840b084,Retail,Mice,Vertical Ergonomic Mouse,1,38.1,38.1
2025-10-14 20:41:33,bdbb03ec-78d1-434c-be98-1cb7b7047f0e,B2B,Mice,Trackball Mouse,1,55.99,55.99
2025-10-15 12:09:35,26f8fd13-07a5-4587-a0b5-bb78e1795cb8,B2B,Monitors,27-inch 4K IPS Monitor,1,352.03,352.03
2025-10-15 17:21:11,ec23d3c9-7267-40d3-91bf-8331c65ec891,Retail,Mice,Wireless Bluetooth Mouse,1,39.77,39.77
2025-10-15 14:22:36,0e2ccbe7-a545-4927-a5ee-cd993e7295fc,Web,Storage,2TB External HDD,1,84.92,84.92
2025-10-15 15:14:38,cb153154-a6ca-4833-99d3-f9963b0ef9c1,B2B,Monitors,27-inch 4K IPS Monitor,1,436.71,436.71
2025-10-15 18:18:00,f341dc82-a870-4b07-bb60-ffee232b653b,B2B,Keyboards,Membrane Office Keyboard,1,30.96,30.96
2025-10-15 14:27:49,1e6d4d92-20ac-49c2-b830-9de67eeb1a98,Retail,Monitors,32-inch 8K Professional Monitor,1,1180.34,1180.34
2025-10-16 16:13:24,2d664d24-142d-4283-9a17-807d2ca75e38,Web,Monitors,15.6-inch Portable USB-C Monitor,1,166.92,166.92
2025-10-16 11:22:47,c6a6b6b2-453b-4343-a4d8-ff8716465dfe,Retail,Mice,Precision Laser Mouse,2,81.4,162.8
2025-10-16 12:18:58,5a62d631-3358-46c5-b654-eb8209bf5b67,Retail,Headsets,USB Conference Headset,1,67.49,67.49
2025-10-16 18:04:27,927dae1e-b589-4659-8dda-1f00051a67a4,Web,Monitors,15.6-inch Portable USB-C Monitor,1,173.15,173.15
2025-10-16 09:19:35,accd2af4-f52e-442b-9a07-711932757ace,Retail,Headsets,Surround Sound Headphones,1,137.47,137.47
2025-10-16 20:01:47,a2531150-3409-46cf-a55a-ec1ce4be4119,B2B,Headsets,Wireless Bluetooth Headphones,2,87.55,175.1
2025-10-16 16:49:49,3d008de6-22be-4f7f-ab13-aedfec836a32,B2B,Headsets,In-Ear Gaming Earbuds,1,53.99,53.99
2025-10-16 12:42:30,a64e5e11-38dd-4b8d-8da9-cf51096213b9,B2B,Headsets,USB Conference Headset,1,53.24,53.24
2025-10-16 15:50:03,c1a68445-2de5-47a5-9082-3f848841ddfd,B2B,Storage,512GB Portable SSD,1,68.04,68.04
2025-10-16 16:06:58,019f2c32-5ff0-4705-ba9e-92c574790beb,B2B,Headsets,Noise-Cancelling Gaming Headset,1,90.74,90.74
2025-10-16 10:00:18,4ebb71ca-cb0a-4a86-8c14-55e2e4e65ea4,Retail,Mice,Vertical Ergonomic Mouse,1,64.6,64.6
2025-10-16 15:27:36,23473ba1-08e8-460a-b1f0-6431effe9b89,Retail,Storage,128GB USB Flash Drive,1,16.04,16.04
2025-10-16 17:28:49,c235d025-83b3-4b50-934f-a70e5c69c4bc,Web,Headsets,In-Ear Gaming Earbuds,1,27.99,27.99
2025-10-16 20:20:08,d28eebcd-6d8e-4af4-9012-b7b05f3abe4e,B2B,Headsets,USB Conference Headset,2,45.78,91.56
2025-10-16 10:35:12,4862ed1a-285c-4a8a-a98e-75264a1a5974,Retail,Headsets,Wireless Bluetooth Headphones,1,113.99,113.99
2025-10-16 16:05:37,bb9eab1a-5ff9-4277-892d-806b14746fd5,B2B,Headsets,Surround Sound Headphones,1,155.8,155.8
2025-10-16 13:22:02,1a060e4b-6af3-45d5-860c-40eac39dd0d9,Retail,Monitors,34-inch Ultrawide Curved Monitor,1,490.65,490.65
2025-10-16 18:13:32,48ef00fa-6840-448a-9dbe-d1c2e1ca38d0,Web,Keyboards,Mechanical Gaming Keyboard,1,140.37,140.37
2025-10-16 17:55:36,71b0699a-1b45-4484-903b-cbc5d4f30999,B2B,Monitors,24-inch 144Hz Gaming Monitor,1,230.5,230.5
2025-10-16 15:51:38,e9f74e74-2cbc-4816-ae1b-7797b52988e2,Web,Networking,USB Wi-Fi Adapter,1,31.78,31.78
2025-10-17 09:52:15,4497148e-3413-4aa3-a55e-82d207888b5b,Web,Headsets,USB Conference Headset,2,44.73,89.46
2025-10-17 13:26:39,a339a8ec-a054-49c5-a902-bfc9ec4993ae,Retail,Mice,Wireless Bluetooth Mouse,2,38.43,76.86
2025-10-17 09:13:30,e1e1c757-d562-4c06-95a7-f276748f5aa6,Retail,Mice,Trackball Mouse,2,85.25,170.5
2025-10-17 20:56:05,51ac06b7-8f5d-40d0-91d4-9a6c397cf684,Web,Headsets,Noise-Cancelling Gaming Headset,2,115.26,230.52
2025-10-17 14:02:48,51acbd95-21eb-4407-8592-8fda8c1a871f,B2B,Mice,Optical Gaming Mouse,1,56.4,56.4
2025-10-17 15:45:32,a347df61-f9cf-46e3-a773-1ce96af0c8ce,B2B,Storage,1TB NVMe SSD,2,102.86,205.72
2025-10-17 19:02:02,0910e6f9-7477-4003-ba63-77c85731b332,Retail,Storage,512GB Portable SSD,2,71.48,142.96
2025-10-17 11:54:34,18acedf5-73aa-45ef-b39f-25b3a5ac47c3,B2B,Headsets,Noise-Cancelling Gaming Headset,1,132.37,132.37
2025-10-17 09:06:52,999fc3ca-6294-4ab5-b0a9-f46b1b6bf330,Retail,Mice,Optical Gaming Mouse,3,63.92,191.76
2025-10-17 14:50:54,6469800e-65d4-4463-bc12-c89cb5402965,B2B,Headsets,Wireless Bluetooth Headphones,2,93.09,186.18
2025-10-17 09:04:11,efff9a0c-0e42-44e4-9090-20ef19ab3bdb,Retail,Storage,128GB USB Flash Drive,2,13.99,27.98
2025-10-18 10:12:58,76d86364-bfbc-4aca-9b70-93b855746cdc,B2B,Mice,Trackball Mouse,1,71.9,71.9
2025-10-18 19:52:47,c4eb15d8-e4af-406a-8434-1b43e7600b20,Web,Storage,128GB USB Flash Drive,1,24.48,24.48
2025-10-18 17:28:05,779f600e-f9a2-40dc-9f4a-3d5f7c48ee4f,B2B,Headsets,USB Conference Headset,1,40.13,40.13
2025-10-18 19:19:39,f0a0cc47-0d63-41d3-907c-170cd8b3de3f,B2B,Networking,USB Wi-Fi Adapter,1,30.78,30.78
2025-10-18 20:10:48,1f428fe6-b6bc-42d3-9c79-40281d82042d,B2B,Storage,128GB USB Flash Drive,1,26.91,26.91
2025-10-18 09:31:58,a9c7df9a-d39c-4d9f-854b-acbd8c59f3b5,Web,Networking,Gigabit Ethernet Switch,1,34.99,34.99
2025-10-18 10:09:37,1d3e08b6-ef37-4e67-a812-37e265f5f001,Web,Mice,Optical Gaming Mouse,2,54.7,109.4
2025-10-18 11:02:36,60526d0b-a3a8-4a6f-98b9-0a1e4b913191,Retail,Storage,4TB Desktop HDD,3,114.47,343.41
2025-10-18 12:30:55,ae7dbddb-0eed-4729-b141-3080c5700cd2,Retail,Monitors,15.6-inch Portable USB-C Monitor,1,152.47,152.47
2025-10-18 11:45:28,2db793ab-3a2e-4635-986b-6d1da510d089,Web,Mice,Optical Gaming Mouse,1,58.71,58.71
2025-10-18 20:58:57,486e00c9-a936-40e4-b1e1-0f3cf42d6fbc,Web,Networking,USB Wi-Fi Adapter,1,32.38,32.38
2025-10-18 20:02:41,b8e67aca-52cf-44b9-98fb-516bfcb51cb2,Web,Mice,Optical Gaming Mouse,1,44.05,44.05
2025-10-18 14:04:27,7497a77f-b7aa-46de-9196-b75772fdc596,B2B,Mice,Wireless Bluetooth Mouse,2,37.62,75.24
2025-10-18 19:04:34,0316de6e-c27e-43a5-af64-a77add078a3a,Web,Keyboards,Wireless Ergonomic Keyboard,1,88.73,88.73
2025-10-18 11:55:42,4f469bc9-9802-4e6e-a730-854068d95fb5,Web,Storage,1TB NVMe SSD,1,81.75,81.75
2025-10-18 09:11:20,a0cb0b45-6f80-463e-8acc-b02ece6020f7,B2B,Mice,Vertical Ergonomic Mouse,1,46.42,46.42
2025-10-18 20:58:08,132aedfb-62a2-40d6-b82a-28190eabe9bb,Web,Keyboards,Wireless Ergonomic Keyboard,2,95.58,191.16
2025-10-18 14:38:27,f6ef70af-6e8d-4324-b82b-1fe76ef8980e,B2B,Headsets,In-Ear Gaming Earbuds,1,27.99,27.99
2025-10-18 18:54:52,6bcf662f-87a1-49fb-9907-7b2d5c0a13bb,Web,Keyboards,RGB Backlit Keyboard,1,75.94,75.94
2025-10-18 18:48:25,906b5ca3-2e65-4772-8fed-6631c27176cb,Web,Storage,4TB Desktop HDD,1,92.84,92.84
2025-10-18 14:10:05,0976257f-6707-4669-ba01-0511b9dfa6c2,Web,Keyboards,Wireless Ergonomic Keyboard,1,90.33,90.33
2025-10-18 10:25:50,b393cfbe-267d-469e-b50f-b600451d8239,Web,Mice,Wireless Bluetooth Mouse,1,39.15,39.15
2025-10-18 09:16:16,ab768df3-2695-46b9-ac44-5d12dc21fd76,Retail,Storage,2TB External HDD,1,74.46,74.46
2025-10-18 16:58:06,ef3416f1-e0fa-4bcd-8ff6-9af8267e5b83,B2B,Mice,Optical Gaming Mouse,1,45.36,45.36
2025-10-18 18:20:16,5ce4052f-1def-4cda-9eba-fb9655b58c54,Retail,Mice,Wireless Bluetooth Mouse,2,27.99,55.98
2025-10-18 20:21:53,3760d3fc-8572-4325-b319-32d93e058bcd,B2B,Networking,Gigabit Ethernet Switch,2,40.14,80.28
2025-10-18 11:44:29,ea0a9afe-c479-42ec-ba0d-04827bed9adf,Retail,Mice,Optical Gaming Mouse,1,54.27,54.27
2025-10-18 14:36:41,b773b9b6-0d9f-4901-a3d2-bc68fc1072ab,Retail,Keyboards,Mechanical Gaming Keyboard,2,110.41,220.82
2025-10-18 13:05:19,ace186eb-159e-47d0-9d88-36700f6323ee,B2B,Keyboards,Compact 60% Keyboard,1,67.62,67.62
2025-10-18 19:28:58,37542657-1cd2-420a-b4e6-3c14e0b9e0ca,Retail,Headsets,Noise-Cancelling Gaming Headset,1,136.43,136.43
2025-10-18 19:48:40,a94e16b9-0013-4d76-a3ae-c68159c19987,Retail,Headsets,Surround Sound Headphones,1,133.45,133.45
2025-10-18 18:51:22,4b00676f-71cc-47be-b280-2667f2e5832d,Web,Keyboards,Membrane Office Keyboard,1,31.33,31.33
2025-10-19 16:24:05,1f8039d5-f661-48aa-b162-dc5c0f40f19e,Retail,Keyboards,RGB Backlit Keyboard,1,81.58,81.58
2025-10-19 20:34:25,e74d887b-bb89-46cf-be09-32ab653338bb,Web,Headsets,Noise-Cancelling Gaming Headset,1,105.84,105.84
2025-10-19 15:56:35,4f6539ed-9c25-4f69-a84d-4a29e633a165,B2B,Monitors,27-inch 4K IPS Monitor,2,343.4,686.8
2025-10-19 19:26:30,4c9ba4cf-74d6-44cf-8670-838a30e668af,Web,Monitors,24-inch 144Hz Gaming Monitor,1,164.75,164.75
2025-10-19 20:31:52,4b4482f5-de7e-49b7-a793-35ac6c9c5411,Web,Storage,1TB NVMe SSD,2,109.82,219.64
2025-10-19 16:08:13,e481bcd7-7a22-4b3d-86ff-a57a7b15f8a6,Web,Keyboards,RGB Backlit Keyboard,1,76.24,76.24
2025-10-19 14:09:21,d589e475-df86-403d-9f9a-24fb95a0f8ac,Retail,Storage,128GB USB Flash Drive,2,26.99,53.98
2025-10-19 14:47:53,dedbd913-18b8-44b7-954c-f19e670863d5,B2B,Headsets,Surround Sound Headphones,1,134.44,134.44
2025-10-19 11:06:23,5156ee24-9b79-4d47-beec-4a6820b0dd41,Web,Networking,USB Wi-Fi Adapter,1,31.36,31.36
2025-10-19 11:00:40,efa88c09-c2ae-45f2-b434-0b26f8048b6b,B2B,Mice,Vertical Ergonomic Mouse,1,50.56,50.56
2025-10-19 10:32:17,9d392098-e78b-409a-af58-cc286268a213,Retail,Mice,Precision Laser Mouse,2,62.28,124.56
2025-10-20 20:14:46,4d3343d8-69c9-4c14-aec9-20dd1eb4405d,Retail,Keyboards,RGB Backlit Keyboard,1,64.42,64.42
2025-10-20 19:51:04,05ec6974-4229-41c4-abc3-740b72dbfe41,Web,Mice,Wireless Bluetooth Mouse,1,42.37,42.37
2025-10-20 13:44:58,c5aeb468-e91d-46f2-a3cd-50bcbfe6422f,Web,Storage,512GB Portable SSD,1,56.07,56.07
2025-10-20 16:37:48,a41cfe5e-3e20-4df1-b495-783b4faef650,B2B,Headsets,In-Ear Gaming Earbuds,1,43.8,43.8
2025-10-20 10:27:59,779f61f6-111e-450f-b364-09112f369861,Web,Headsets,Surround Sound Headphones,2,143.16,286.32
2025-10-20 16:39:36,8654fb76-adc4-4a47-8ef9-15bfee70ca49,B2B,Storage,4TB Desktop HDD,1,90.97,90.97
2025-10-20 19:36:24,59ba8076-df94-4d84-bb50-166138048a9a,Retail,Keyboards,Compact 60% Keyboard,2,49.16,98.32
2025-10-20 15:22:29,ab1e1f76-dbbd-4630-98eb-d34c839cdac9,B2B,Headsets,Surround Sound Headphones,1,127.14,127.14
2025-10-20 14:23:32,f5b127a8-9cb3-488a-9132-debe7e364a86,Retail,Headsets,Wireless Bluetooth Headphones,1,104.14,104.14
2025-10-20 14:55:08,1c35b929-ef42-4729-8ade-8f7d38251115,B2B,Headsets,Noise-Cancelling Gaming Headset,1,98.0,98.0
2025-10-20 12:47:48,0df830a0-4957-454a-8348-1661bee0852d,B2B,Networking,Powerline Ethernet Adapter,2,57.89,115.78
2025-10-20 13:18:47,8e9a2898-5722-4068-a88a-5189cf51719a,B2B,Keyboards,Membrane Office Keyboard,1,29.12,29.12
2025-10-20 16:33:43,a1507db0-7b4d-403a-9315-07a927b89998,Web,Headsets,In-Ear Gaming Earbuds,1,42.31,42.31
2025-10-20 14:02:15,cebe6c3d-bd9f-465e-8a01-26559b4b4368,Retail,Mice,Optical Gaming Mouse,2,69.9,139.8
2025-10-20 11:00:16,0fa391f3-c269-4370-8d06-c27cd909fdc1,Retail,Headsets,Noise-Cancelling Gaming Headset,1,161.99,161.99
2025-10-20 15:45:02,e0890f2d-940d-485e-a943-c0c1b3736e9f,B2B,Headsets,Surround Sound Headphones,1,122.4,122.4
2025-10-20 20:52:32,e7fa1175-da0c-450c-801f-368533b2b60e,B2B,Headsets,Wireless Bluetooth Headphones,1,100.39,100.39
2025-10-21 14:49:48,a0c47f40-f24c-4f90-9eba-942695875ebd,Retail,Storage,1TB NVMe SSD,2,75.4,150.8
2025-10-21 09:30:53,f38a4148-e513-4e34-8ad1-e99dc85afb88,Web,Mice,Wireless Bluetooth Mouse,2,42.13,84.26
2025-10-21 10:00:51,d149390e-d11d-4143-9aa1-d3abff12484b,Retail,Mice,Precision Laser Mouse,1,86.74,86.74
2025-10-21 18:50:55,caf98ae8-3793-4fcc-b16f-8af08a1aa14c,Retail,Monitors,27-inch 4K IPS Monitor,1,303.66,303.66
2025-10-21 12:13:04,c96a32c6-20dc-4c32-b57f-92ee238573d6,B2B,Monitors,27-inch 4K IPS Monitor,2,361.46,722.92
2025-10-21 10:51:07,df6fb1ec-cd5a-42bf-ab2e-209e292d4fa9,Retail,Monitors,15.6-inch Portable USB-C Monitor,1,206.2,206.2
2025-10-21 18:59:28,1c2162bc-5a60-4470-96cb-f9bebdaeb712,Retail,Keyboards,Membrane Office Keyboard,1,20.99,20.99
2025-10-21 16:01:05,1b7fa701-0410-4158-a12b-25a586d4a9e2,Web,Keyboards,Mechanical Gaming Keyboard,1,133.3,133.3
2025-10-22 17:45:26,2edee3ad-9258-47bd-aa3b-a76c63c172c7,B2B,Monitors,34-inch Ultrawide Curved Monitor,1,349.99,349.99
2025-10-22 16:32:25,a5485bbb-f6fb-415e-90b1-c8b3a42e3403,B2B,Keyboards,Wireless Ergonomic Keyboard,1,89.04,89.04
2025-10-22 11:07:23,d8562c96-db04-4099-affa-cedba7af60e1,Web,Headsets,In-Ear Gaming Earbuds,1,39.74,39.74
2025-10-22 12:32:08,7054dc23-fe94-4034-a250-c38ed838b959,Retail,Headsets,USB Conference Headset,1,58.82,58.82
2025-10-22 09:58:13,06e986d5-21e2-4949-8bb0-0a3f0494724b,Web,Mice,Optical Gaming Mouse,2,53.72,107.44
2025-10-22 09:59:56,e608e11f-0f17-4414-abac-7cc1d3286488,Retail,Headsets,Noise-Cancelling Gaming Headset,1,111.56,111.56
2025-10-22 19:07:19,4d51b03b-c101-472e-a622-eab4cd9c07f7,B2B,Storage,2TB External HDD,1,84.49,84.49
2025-10-22 13:29:30,ed40fa97-2671-47d2-9f57-70ccf7038a07,Retail,Storage,1TB NVMe SSD,2,71.73,143.46
2025-10-22 12:25:24,e81a45d2-f91d-46c6-88af-71304fc02579,Retail,Headsets,Noise-Cancelling Gaming Headset,1,161.99,161.99
2025-10-22 15:45:08,861f2e31-dce9-42eb-8010-ce1139e9922d,B2B,Keyboards,Membrane Office Keyboard,1,30.3,30.3
2025-10-22 10:55:11,42245842-0c41-4569-af19-2609d8263de4,B2B,Storage,512GB Portable SSD,1,73.94,73.94
2025-10-22 17:26:55,2487e7ec-8da5-4bd0-ad2d-e9cbe843201f,Web,Networking,USB Wi-Fi Adapter,1,26.34,26.34
2025-10-22 13:48:28,f65be1b5-e64e-49b0-869f-0a72d0bd8c7f,Retail,Keyboards,Compact 60% Keyboard,1,71.45,71.45
2025-10-22 09:58:19,22135449-5176-41c7-80df-51bc947983c0,Retail,Storage,1TB NVMe SSD,1,99.94,99.94
2025-10-23 14:14:06,41014440-5a15-4057-b32c-645cca782059,Retail,Keyboards,Membrane Office Keyboard,1,37.59,37.59
2025-10-23 13:13:21,2d444299-83bf-4601-aed2-67827682750d,B2B,Headsets,Surround Sound Headphones,1,158.54,158.54
2025-10-23 10:33:42,de88eb27-f86f-45a5-8a07-e77d9b48d02e,Retail,Mice,Wireless Bluetooth Mouse,1,32.87,32.87
2025-10-23 13:11:07,111d549e-782d-45d4-ac53-0c738fe61dc3,Retail,Keyboards,Mechanical Gaming Keyboard,1,107.74,107.74
2025-10-23 16:48:45,7b52f312-fddf-4331-a4f6-dd6259996bf9,B2B,Keyboards,Mechanical Gaming Keyboard,1,134.57,134.57
2025-10-23 12:50:24,57c3ce67-2cf8-4203-bf35-4feb87886349,B2B,Mice,Optical Gaming Mouse,2,58.06,116.12
2025-10-23 14:47:52,9b1ce6df-02fa-486c-80aa-c90d5160fa82,B2B,Headsets,In-Ear Gaming Earbuds,1,30.88,30.88
2025-10-23 18:59:16,b5cf4082-8d56-472a-a68d-f20ecdf34b75,B2B,Keyboards,Membrane Office Keyboard,2,27.02,54.04
2025-10-23 10:13:48,579c1932-e14b-4dc9-95ad-dec373b8f404,Web,Storage,128GB USB Flash Drive,1,18.8,18.8
2025-10-23 18:31:11,62d799c0-450c-4d96-bfc2-a4d8182b66bb,Retail,Headsets,USB Conference Headset,1,40.74,40.74
2025-10-23 18:13:23,4f605621-3b28-46ff-a2f2-7ac2f4590fcc,Retail,Storage,512GB Portable SSD,2,70.66,141.32
2025-10-23 13:05:31,5ac9244f-e55b-407d-b31c-a68af6b97b06,B2B,Mice,Optical Gaming Mouse,2,65.06,130.12
2025-10-23 09:35:41,a4ac193c-aa2a-491f-9d37-95c826240f32,Retail,Headsets,In-Ear Gaming Earbuds,2,27.99,55.98
2025-10-23 16:54:08,2e9778a4-a879-4dc6-b56e-a4307ac8c69c,B2B,Keyboards,Membrane Office Keyboard,1,27.51,27.51
2025-10-23 15:07:23,46177f1f-c4ae-4dae-abd0-daaf73d1db5b,Web,Storage,4TB Desktop HDD,3,99.02,297.06
2025-10-23 18:06:21,af7030cf-9659-4b9e-bc6f-c902ac11e157,Web,Mice,Wireless Bluetooth Mouse,2,46.75,93.5
2025-10-24 15:49:52,b46865f6-0ce1-4097-b149-873682c5ce21,Retail,Networking,Gigabit Ethernet Switch,1,49.44,49.44
2025-10-24 19:51:42,910993a9-2dad-4d5d-9735-bed666a435c9,Web,Monitors,27-inch 4K IPS Monitor,1,338.86,338.86
2025-10-24 16:14:33,610a9885-1015-42eb-b971-26a2391a79f4,Web,Monitors,32-inch 8K Professional Monitor,1,1151.81,1151.81
2025-10-24 16:42:14,88a2778b-7c85-4e90-a787-b2d099cf4918,Web,Mice,Precision Laser Mouse,1,59.79,59.79
2025-10-24 15:07:02,9d19aa18-0260-47f7-8b84-efa7ad3151ad,Web,Storage,512GB Portable SSD,1,71.21,71.21
2025-10-24 14:32:51,1f032c03-7ee4-4473-b3a4-6b1baa48e599,B2B,Mice,Precision Laser Mouse,1,77.3,77.3
2025-10-25 18:12:10,631072e3-d04c-47c1-85ea-8200ebc47d3f,Retail,Storage,512GB Portable SSD,1,55.65,55.65
2025-10-25 19:21:19,8f641fdd-d582-4494-878f-cec4edb0b364,Web,Monitors,15.6-inch Portable USB-C Monitor,1,145.49,145.49
2025-10-25 19:51:11,7243b441-2ca5-4ec4-9dc0-0b333210aaaf,Retail,Storage,1TB NVMe SSD,2,93.67,187.34
2025-10-25 15:32:21,b29336c1-a07f-4b3a-ab33-2e99d4d2aed9,B2B,Headsets,Noise-Cancelling Gaming Headset,1,138.44,138.44
2025-10-25 15:48:04,f9d47e05-4be7-497a-9731-fade70167a4b,B2B,Keyboards,Mechanical Gaming Keyboard,1,113.09,113.09
2025-10-25 18:30:12,78a76169-3d51-4b10-97e2-3da586feb921,B2B,Networking,USB Wi-Fi Adapter,1,40.49,40.49
2025-10-25 18:18:53,7521f29a-ed9d-4d01-a4ec-62c385796de0,B2B,Mice,Optical Gaming Mouse,1,56.04,56.04
2025-10-25 15:17:17,e8e2f9aa-0740-4124-a55c-0a2a83287cb9,Web,Networking,Wireless Mesh Router System,2,267.65,535.3
2025-10-25 16:42:27,99336261-bd2f-4478-a5b6-8aed8b2ee31b,Retail,Networking,Wireless Mesh Router System,1,305.26,305.26
2025-10-25 13:47:21,b970f89a-e58f-4ff2-9500-620e9be84520,B2B,Headsets,Surround Sound Headphones,1,128.37,128.37
2025-10-26 20:15:17,135a9c9d-fc73-45eb-8acd-55e9bcdc4f85,Retail,Storage,128GB USB Flash Drive,1,19.55,19.55
2025-10-26 09:49:23,5bf2ad75-50cf-421b-b92a-5aef566fb905,Retail,Mice,Optical Gaming Mouse,2,54.83,109.66
2025-10-26 17:46:17,62f76492-f65a-4f0e-b74f-6cd901902d84,B2B,Monitors,15.6-inch Portable USB-C Monitor,1,130.53,130.53
2025-10-26 19:39:16,055c4796-1f51-4cbe-a907-37283f614346,Web,Mice,Vertical Ergonomic Mouse,2,59.78,119.56
2025-10-26 14:17:35,9aaa2114-d315-4471-a0da-1b838de1dccf,Web,Storage,4TB Desktop HDD,1,134.42,134.42
2025-10-26 12:12:46,f5f4550a-58ef-438f-a4ba-708b5c1b286c,Retail,Headsets,Surround Sound Headphones,1,140.65,140.65
2025-10-26 11:46:38,a15cae69-25f9-4b05-8a30-846fc74b8def,Retail,Keyboards,RGB Backlit Keyboard,1,74.63,74.63
2025-10-26 09:44:58,b6a0b559-5c90-42a4-8a04-cb0b28d99c50,Web,Mice,Wireless Bluetooth Mouse,1,52.41,52.41
2025-10-26 09:51:56,939ccb5b-4f87-4a49-86e9-6b074c032542,Retail,Mice,Wireless Bluetooth Mouse,2,42.87,85.74
2025-10-26 20:16:53,54bed90b-3024-459c-a06e-c864de08b675,Web,Keyboards,Mechanical Gaming Keyboard,2,156.82,313.64
2025-10-26 20:56:09,72cdcc1a-f40c-4e5f-bcef-d1dfa16a58b8,B2B,Headsets,Noise-Cancelling Gaming Headset,2,95.09,190.18
2025-10-26 15:13:12,8dadebdb-f52d-4216-b55b-ac0c0ccb2952,Retail,Networking,Wireless Mesh Router System,1,235.46,235.46
2025-10-26 19:27:17,11e1b0bb-7eb0-47c0-a1f0-3cfc0dc8b577,Retail,Storage,1TB NVMe SSD,1,90.42,90.42
2025-10-26 11:57:31,e304bbc6-5cd4-4947-a277-9f2dd39fae3c,B2B,Keyboards,Membrane Office Keyboard,1,39.74,39.74
2025-10-27 16:27:02,d8667a63-a3d9-4823-91a1-74ae42e30541,B2B,Headsets,Wireless Bluetooth Headphones,2,87.75,175.5
2025-10-27 18:20:07,a795df97-a555-495d-bcb2-25308da6146c,B2B,Mice,Trackball Mouse,2,63.18,126.36
2025-10-27 12:33:12,1c5635cb-16d5-499b-a90d-1687a288a8d0,Web,Networking,Powerline Ethernet Adapter,1,62.57,62.57
2025-10-27 13:16:13,7367339b-77c7-4f55-8b44-24ec436bb84c,Retail,Networking,Wireless Mesh Router System,1,196.02,196.02
2025-10-27 16:33:37,896aeb19-1679-4b8f-bcd9-1b7f1ecf4e0a,Retail,Mice,Optical Gaming Mouse,2,71.31,142.62
2025-10-27 14:42:48,323c7276-1868-4093-91ab-11654854e9d6,B2B,Storage,512GB Portable SSD,3,70.18,210.54
2025-10-27 15:55:33,e525b7db-2366-41c7-9bec-a539582f5a8c,Retail,Headsets,Wireless Bluetooth Headphones,1,96.36,96.36
2025-10-27 09:30:05,742659b3-15aa-4b7f-b4fd-19fe03006cd5,B2B,Monitors,24-inch 144Hz Gaming Monitor,1,296.99,296.99
2025-10-27 18:11:15,06b615d3-b8b8-4f77-b681-b7a6c5d367c6,Retail,Networking,Wireless Mesh Router System,1,207.77,207.77
2025-10-27 12:36:07,c0066696-788c-41b8-a819-a0974ea6bd53,Retail,Keyboards,Compact 60% Keyboard,1,60.55,60.55
2025-10-28 15:59:32,c61bd3dd-e4db-4d8f-8902-e031dce881ba,Retail,Headsets,Wireless Bluetooth Headphones,1,69.99,69.99
2025-10-28 16:37:04,153ad022-bde4-4336-a436-7d31fc11a0f8,B2B,Storage,2TB External HDD,1,78.94,78.94
2025-10-28 19:23:07,560772dc-d681-4aa6-8d0e-209ebc053e8e,Retail,Networking,Wireless Mesh Router System,1,174.99,174.99
2025-10-28 17:13:48,8dcd49ec-5cde-4aa9-8f28-d277cb52e59a,B2B,Headsets,Surround Sound Headphones,1,141.31,141.31
2025-10-28 17:46:17,569e5a4c-f7ca-4ab1-8b3d-a25c5cd310fc,Web,Headsets,USB Conference Headset,1,51.32,51.32
2025-10-28 14:29:13,7fbd2ae4-a3c4-400e-9991-19baf4d04499,Retail,Headsets,Noise-Cancelling Gaming Headset,1,141.52,141.52
2025-10-28 20:43:00,24e8d10c-a5cc-45fa-ba33-1d4a5dda4fad,Retail,Storage,4TB Desktop HDD,1,92.49,92.49
2025-10-28 12:07:55,76a46792-6700-41fc-aadf-aefd098724af,B2B,Headsets,Wireless Bluetooth Headphones,2,98.16,196.32
2025-10-28 19:50:24,8e44dec3-3239-4239-b262-519674315172,Retail,Storage,512GB Portable SSD,2,52.17,104.34
2025-10-28 14:47:39,aed8e1f7-081a-4bf6-aaa4-2191a8a872af,Retail,Headsets,USB Conference Headset,1,55.76,55.76
2025-10-28 13:56:02,1ba61c73-24f5-445a-a3c8-962d68d6f668,B2B,Headsets,In-Ear Gaming Earbuds,1,35.38,35.38
2025-10-28 12:01:12,6c2ee862-fcde-409a-a19f-baa38705ba91,B2B,Networking,Powerline Ethernet Adapter,2,78.11,156.22
2025-10-28 19:56:23,6826c141-73ff-455f-99b6-b356eabe92ec,B2B,Headsets,Noise-Cancelling Gaming Headset,1,134.11,134.11
2025-10-28 09:07:47,b569a884-2ac4-4521-bc96-717fd727319a,Web,Mice,Vertical Ergonomic Mouse,1,59.17,59.17
2025-10-28 11:38:38,c2507e95-5aaf-4fb5-8849-333850cfe05b,Retail,Monitors,24-inch 144Hz Gaming Monitor,1,239.62,239.62
2025-10-28 11:58:15,6b93df81-f8ee-41b3-97c8-831eaab47502,Retail,Mice,Vertical Ergonomic Mouse,1,67.49,67.49
2025-10-28 12:01:28,e73dbbc1-fc22-45c0-b08f-b35b8886c631,B2B,Monitors,27-inch 4K IPS Monitor,1,284.45,284.45
2025-10-28 09:51:11,552b7eda-d111-44f9-9490-9b949ae5caf5,Web,Monitors,15.6-inch Portable USB-C Monitor,1,223.23,223.23
2025-10-29 14:00:01,a44f006a-b0c0-4a1a-8f4a-4045e1c27a69,Web,Mice,Wireless Bluetooth Mouse,2,41.43,82.86
2025-10-29 20:54:24,cf072592-7281-4968-9f7a-1127c6df7667,Web,Networking,USB Wi-Fi Adapter,1,31.29,31.29
2025-10-29 09:19:33,e0c51244-2622-4f4b-8ab1-bcade2cdaed0,B2B,Storage,4TB Desktop HDD,2,161.99,323.98
2025-10-29 14:19:33,4a9b83c5-b5aa-43b2-acfe-a29fda7f9729,Retail,Mice,Wireless Bluetooth Mouse,2,36.46,72.92
2025-10-29 16:48:52,cabbd934-024e-484e-94f8-d82d1a435d95,Retail,Headsets,USB Conference Headset,1,41.64,41.64
2025-10-29 20:09:17,6eedacbd-d023-4216-a7e0-c1b25ec78aa3,Retail,Storage,128GB USB Flash Drive,1,17.45,17.45
2025-10-29 17:53:06,139eb1a1-cfef-4b53-88e6-354c796733cb,Web,Mice,Precision Laser Mouse,1,74.91,74.91
2025-10-29 17:55:08,b8d06c96-2347-441b-bedb-3b387856f7fe,Retail,Headsets,Noise-Cancelling Gaming Headset,1,111.02,111.02
2025-10-29 18:22:55,6855d08d-a9f6-4b88-b903-88ef056b405d,B2B,Networking,USB Wi-Fi Adapter,1,33.93,33.93
2025-10-29 16:43:26,91462c9b-7c69-4c94-9130-520dd0c2d528,B2B,Storage,512GB Portable SSD,2,61.69,123.38
2025-10-29 14:37:02,110bf3a7-58df-4c42-a90e-fea4130f8b82,B2B,Mice,Optical Gaming Mouse,2,57.24,114.48
2025-10-29 14:54:19,b7fe171c-d74d-4638-b814-021d4d7df170,B2B,Mice,Optical Gaming Mouse,1,41.99,41.99
2025-10-29 14:00:52,93e1bd0d-b2ef-4f0a-99cb-64125e07eb84,Retail,Storage,1TB NVMe SSD,1,87.92,87.92
2025-10-29 14:47:01,5f8b1ba0-3758-4b4a-8a45-88166f12bc15,Web,Headsets,USB Conference Headset,1,34.99,34.99
2025-10-29 13:26:45,d6b3cb6a-1a52-44df-b092-5f9c5c56f4e5,Web,Mice,Wireless Bluetooth Mouse,2,47.52,95.04
2025-10-29 14:22:50,6921488d-f87c-4422-a557-96b10a9cf162,B2B,Mice,Vertical Ergonomic Mouse,1,46.61,46.61
2025-10-29 14:55:21,2f054e28-f7f4-4602-9911-d8573e1ba7af,Web,Headsets,USB Conference Headset,1,37.39,37.39
2025-10-29 19:09:28,79f069c4-e66c-49d9-b9be-8f2170a670d2,Retail,Headsets,Noise-Cancelling Gaming Headset,1,118.6,118.6
2025-10-30 13:47:37,697e1602-ec1b-4d30-a2c2-d89d0ad2ed81,Web,Storage,128GB USB Flash Drive,1,17.25,17.25
2025-10-30 09:01:31,27f1503d-5f62-4c95-95d0-5784d2be6fd9,Retail,Keyboards,Wireless Ergonomic Keyboard,1,102.68,102.68
2025-10-30 13:35:53,c3edaf48-5f6d-4b70-8052-7d1a925587c2,B2B,Mice,Wireless Bluetooth Mouse,1,33.23,33.23
2025-10-30 13:59:46,5f2cdac7-b9ee-4f0a-bd91-ba663075a02b,Web,Storage,128GB USB Flash Drive,1,18.39,18.39
2025-10-30 15:42:54,0eb7e4f6-f61a-4f75-93f7-54f1187844b1,Web,Headsets,USB Conference Headset,1,43.42,43.42
2025-10-30 18:14:21,dcc48049-541b-4d62-acfa-a9356e4d541d,Web,Networking,Gigabit Ethernet Switch,1,42.89,42.89
2025-10-30 20:50:01,50019910-6a5c-464e-9027-951ca3156d91,Web,Mice,Precision Laser Mouse,1,73.94,73.94
2025-10-30 11:31:09,c7da202e-f2c1-4c03-a9ee-793dafbd359d,Retail,Monitors,15.6-inch Portable USB-C Monitor,1,204.35,204.35
2025-10-30 14:07:44,d29e3fe6-cf37-4866-b9d6-0bd8248f110b,Retail,Monitors,34-inch Ultrawide Curved Monitor,1,349.99,349.99
2025-10-30 19:52:03,ec7513fa-926b-47db-a44d-6e5c0dc05ddd,Retail,Keyboards,Wireless Ergonomic Keyboard,1,85.39,85.39
2025-10-30 13:22:22,8e4bbb2b-c5ab-4f1a-9aac-8504427d8304,Retail,Monitors,34-inch Ultrawide Curved Monitor,1,550.82,550.82
2025-10-31 11:07:27,d0855a08-2ea0-4764-9f95-1ec7c92d80e0,B2B,Networking,Powerline Ethernet Adapter,2,41.99,83.98
2025-10-31 19:30:44,c6a57a25-27fd-428c-8245-73b957d9a0ab,Retail,Networking,Network Attached Storage (NAS),1,539.99,539.99
2025-10-31 09:35:52,b16a8a9d-8cfe-494d-b735-c879de04ed54,Retail,Storage,512GB Portable SSD,1,75.21,75.21
2025-10-31 09:32:26,be82030b-be4a-4249-a5ac-ca175b4235a0,Web,Storage,2TB External HDD,3,65.06,195.18
2025-10-31 10:23:58,9fe9c15e-3800-4645-9d70-d690022325d2,Retail,Mice,Vertical Ergonomic Mouse,1,60.59,60.59
2025-10-31 16:37:14,d4f45a7d-ec8d-479a-91a8-9d854755042a,B2B,Mice,Optical Gaming Mouse,2,68.81,137.62
2025-10-31 18:43:15,9d2d1f93-719c-4897-b2cd-2ccd579e245c,B2B,Storage,4TB Desktop HDD,2,83.99,167.98
2025-10-31 17:32:34,6013b77b-3bbe-4f70-aeba-e2664623d3b7,B2B,Mice,Vertical Ergonomic Mouse,3,40.56,121.68
2025-10-31 14:23:50,81756342-fe02-4bbf-a3ca-31395cd56ba6,Web,Storage,2TB External HDD,2,74.45,148.9
2025-10-31 09:10:25,41ab7775-2352-40c7-88d4-8e289e889f37,Web,Mice,Wireless Bluetooth Mouse,1,43.95,43.95
2025-10-31 19:46:15,32435b92-ce4a-434f-bce4-9b24735ac3aa,B2B,Storage,1TB NVMe SSD,1,121.49,121.49
2025-10-31 19:42:56,6f786d4e-397e-460e-ad41-b126db813427,B2B,Mice,Optical Gaming Mouse,1,65.78,65.78
2025-11-01 15:49:28,37526bbe-f775-4e54-9c70-660cee62c2f2,Web,Headsets,Noise-Cancelling Gaming Headset,1,161.65,161.65
2025-11-01 13:56:53,09a50ab8-831b-4696-94e3-47fb27bbed1c,B2B,Storage,512GB Portable SSD,2,64.71,129.42
2025-11-01 13:11:47,d9e9755a-c169-4403-a58a-8ba4456ce04d,Retail,Storage,512GB Portable SSD,2,69.57,139.14
2025-11-01 20:52:26,6b880327-29b9-4d03-88b6-85880cf70f2b,Web,Mice,Wireless Bluetooth Mouse,2,44.17,88.34
2025-11-01 11:48:31,1ee98162-e2cd-4613-9a85-072299e983c2,Retail,Monitors,27-inch 4K IPS Monitor,1,435.54,435.54
2025-11-01 16:38:50,9d9fbb72-2f69-4ad2-a373-61f0fd899370,B2B,Monitors,24-inch 144Hz Gaming Monitor,1,204.1,204.1
2025-11-01 13:17:39,d2743e2c-e71c-4bd9-ac99-df34a7716f94,Retail,Headsets,In-Ear Gaming Earbuds,1,32.55,32.55
2025-11-01 16:42:05,e2b5f51f-8fac-4f8c-8bf7-3ebe62a07b64,Retail,Mice,Wireless Bluetooth Mouse,1,50.31,50.31
2025-11-01 20:21:15,25a020fb-1131-4b81-a298-990172d6f706,Retail,Keyboards,RGB Backlit Keyboard,1,78.59,78.59
2025-11-01 15:25:19,7fab236c-3668-4690-b7a6-311d5fd09d13,Web,Monitors,24-inch 144Hz Gaming Monitor,1,242.96,242.96
2025-11-01 15:50:50,44c19a99-7d36-46b4-88c1-5a6fc813ffa3,Web,Monitors,27-inch 4K IPS Monitor,1,352.21,352.21
2025-11-01 18:51:24,dcf6a92a-bcbc-4c1f-aac3-7a800615dff4,B2B,Mice,Optical Gaming Mouse,1,72.09,72.09
2025-11-01 10:42:34,5ea71fc9-b79e-4c47-bfa5-a6a3bd28cf3a,Web,Keyboards,Membrane Office Keyboard,1,29.84,29.84
2025-11-01 11:15:42,ca47a0d3-2730-4bf7-9740-e4791078bc72,B2B,Storage,512GB Portable SSD,1,68.42,68.42
2025-11-01 11:11:57,c1be7887-c547-4d66-bdbf-02071373dcd3,Retail,Keyboards,Wireless Ergonomic Keyboard,2,105.29,210.58
2025-11-01 16:45:35,75a4fb76-f34d-445b-873b-f9fbe472078f,Web,Storage,512GB Portable SSD,1,83.26,83.26
2025-11-01 16:58:19,3df50a69-3867-4eff-8c0a-2cb5eb6f43dc,B2B,Storage,1TB NVMe SSD,1,97.08,97.08
2025-11-01 12:03:59,ef31afdb-e3f1-4cf0-b087-c7d75417bedb,Retail,Mice,Optical Gaming Mouse,2,66.49,132.98
2025-11-02 15:35:43,f06d8a44-7474-4a96-ae5f-8cdce5275772,Retail,Keyboards,Mechanical Gaming Keyboard,1,134.67,134.67
2025-11-02 15:40:47,a2ccf014-a895-4b1e-8797-5274b07e3dac,Retail,Headsets,Wireless Bluetooth Headphones,1,93.53,93.53
2025-11-02 13:38:16,4000636c-5619-4aa5-92f9-e758a78f2ebf,Retail,Mice,Optical Gaming Mouse,1,70.01,70.01
2025-11-02 13:27:22,22d98999-2f95-49af-8a1d-15b3c65d8635,Retail,Keyboards,Membrane Office Keyboard,1,31.16,31.16
2025-11-02 11:02:03,e6c38e50-6b4b-486f-940c-2a5535118ee5,Web,Mice,Wireless Bluetooth Mouse,1,31.72,31.72
2025-11-02 10:55:23,0e180aa8-de8f-4c01-bec8-4a6f4080cf52,Web,Keyboards,Compact 60% Keyboard,1,73.85,73.85
2025-11-02 19:36:05,174f73f5-2227-4a1d-8c94-aaf9deb0072a,B2B,Headsets,In-Ear Gaming Earbuds,1,41.37,41.37
2025-11-02 14:26:23,f94557cd-a387-457e-bb94-83f332ec9117,Web,Monitors,34-inch Ultrawide Curved Monitor,1,494.22,494.22
2025-11-02 17:20:03,e14af500-8c21-45a0-b15b-0383a0419293,B2B,Headsets,In-Ear Gaming Earbuds,1,41.71,41.71
2025-11-02 11:45:36,a3b352d6-a743-4d4d-a69d-780debb51b1f,Retail,Headsets,USB Conference Headset,1,54.73,54.73
2025-11-02 15:45:13,a276f93a-3fd6-4cdc-b358-8997142f9081,Retail,Keyboards,Membrane Office Keyboard,1,29.43,29.43
2025-11-02 13:08:13,e441488a-4642-4716-94b7-1b87f618f79c,Web,Keyboards,Membrane Office Keyboard,2,28.53,57.06
2025-11-02 09:58:47,2953c117-7fa0-4bc8-94a3-6dbb70c1989d,B2B,Storage,512GB Portable SSD,1,66.65,66.65
2025-11-02 11:08:38,7a30a0c6-9d39-446e-8cad-d73833d5a896,Retail,Keyboards,Wireless Ergonomic Keyboard,1,90.18,90.18
2025-11-02 19:49:53,417486c1-cd38-47f3-bae6-750d33cca8a0,B2B,Networking,Gigabit Ethernet Switch,1,38.44,38.44
2025-11-02 09:21:54,d9387d46-d561-4699-8db3-42817ea6999b,Web,Keyboards,Compact 60% Keyboard,1,77.69,77.69
2025-11-02 14:39:39,ecd4d17d-16f2-4ba2-b2f4-87a8d6e4532c,Web,Headsets,Noise-Cancelling Gaming Headset,1,128.35,128.35
2025-11-02 17:52:12,80457123-4be4-45be-8c89-cf450480c695,Web,Keyboards,Mechanical Gaming Keyboard,1,161.68,161.68
2025-11-02 16:46:57,d2615550-0805-4976-9dec-e0eef70f87bc,Retail,Storage,2TB External HDD,3,94.29,282.87
2025-11-02 11:57:56,65a175a9-6e31-4ede-ac07-b4c6506cc1ff,Web,Networking,Powerline Ethernet Adapter,1,67.48,67.48
2025-11-02 18:29:18,afdca321-ca37-4796-b2a8-94e4f6ec2d3d,Web,Mice,Vertical Ergonomic Mouse,1,55.91,55.91
2025-11-02 11:02:18,366b5cbf-1e68-424e-96ed-98a832586a83,B2B,Mice,Optical Gaming Mouse,2,59.91,119.82
2025-11-02 10:11:26,b45e3f4f-bec7-4e48-8779-bd8a331458b7,Retail,Headsets,Noise-Cancelling Gaming Headset,1,132.27,132.27
2025-11-02 15:05:57,80d40fb6-a10b-46c6-ab85-b2e4eb99e07d,Retail,Headsets,Noise-Cancelling Gaming Headset,1,123.41,123.41
2025-11-02 09:26:48,f07d2359-469d-44e4-8d9d-6b745def9140,Retail,Keyboards,Compact 60% Keyboard,1,64.48,64.48
2025-11-02 11:57:03,9732ce8c-309e-49fb-ac1b-9e903ba6f63d,Retail,Monitors,15.6-inch Portable USB-C Monitor,1,206.64,206.64
2025-11-02 16:47:03,9972f314-5473-4fe7-9135-ce22faf001f2,B2B,Keyboards,Compact 60% Keyboard,1,90.94,90.94
2025-11-02 14:57:47,645d5ff0-d6f6-4bf8-b57e-e3a7082f07bd,B2B,Storage,128GB USB Flash Drive,1,20.4,20.4
2025-11-02 09:27:37,76054785-6cd6-4b17-9b7a-dce9fc7e255f,Retail,Keyboards,Mechanical Gaming Keyboard,1,135.65,135.65
2025-11-02 10:44:33,4a3bd698-370c-48aa-b843-bc1ec9f4bf5c,Retail,Keyboards,RGB Backlit Keyboard,1,55.99,55.99
2025-11-02 20:38:12,550bbe1a-cc8d-4063-a19b-d3dba13b4eed,Web,Storage,128GB USB Flash Drive,1,17.41,17.41
2025-11-02 20:58:14,a3d8ecc8-361a-44ca-ba88-237db8dd1b81,Retail,Keyboards,Mechanical Gaming Keyboard,1,125.11,125.11
2025-11-02 13:46:37,971a822c-5c9b-4066-aa18-ee474f3556b7,Web,Storage,1TB NVMe SSD,1,84.97,84.97
2025-11-02 16:37:18,54762f98-7eb9-4f84-a599-abc2c926a2cf,Web,Keyboards,Membrane Office Keyboard,1,30.28,30.28
2025-11-02 12:02:09,a4e0ec78-2bef-4c47-9d86-58cc6284f80a,Retail,Mice,Wireless Bluetooth Mouse,1,32.89,32.89
2025-11-02 19:21:47,76b46f13-56ea-40a9-872c-558eeb913721,Web,Keyboards,RGB Backlit Keyboard,2,78.39,156.78
2025-11-02 09:19:04,9ce656fa-f704-4d37-8d37-296b446f5107,B2B,Storage,128GB USB Flash Drive,1,18.39,18.39
2025-11-03 12:26:12,aa389c1b-65ae-401d-8444-6f0b7f8feaee,Web,Storage,2TB External HDD,2,73.09,146.18
2025-11-03 16:44:55,c9095219-236e-4cd9-9e59-44af536d9e6c,B2B,Keyboards,Wireless Ergonomic Keyboard,1,97.49,97.49
2025-11-03 13:07:25,a4108b8e-4058-4c34-a98a-168838a60abc,Retail,Storage,512GB Portable SSD,2,86.93,173.86
2025-11-03 10:50:29,9f0396ce-1127-4da4-89c2-3eab4f937fe9,B2B,Keyboards,Mechanical Gaming Keyboard,1,134.45,134.45
2025-11-03 09:07:52,155b8be3-8a33-4026-9f5b-01a49d164ce5,B2B,Keyboards,Membrane Office Keyboard,1,25.44,25.44
2025-11-03 19:53:51,dd46cd9f-52f6-41d9-b040-201901022f2c,Web,Mice,Optical Gaming Mouse,1,51.18,51.18
2025-11-03 18:47:30,8ce41e63-222a-48d2-952a-793feb602aed,B2B,Keyboards,RGB Backlit Keyboard,1,70.49,70.49
2025-11-03 10:29:24,2a0cf3c9-7b6b-4001-b423-6bdc7630957a,Retail,Monitors,27-inch 4K IPS Monitor,1,335.71,335.71
2025-11-03 18:06:31,cd547813-a71d-451d-9e84-b516c62bdcd3,Web,Networking,USB Wi-Fi Adapter,1,30.66,30.66
2025-11-03 20:04:03,348b85e8-1a24-4410-8621-73db087ac263,B2B,Storage,1TB NVMe SSD,1,79.03,79.03
2025-11-03 10:49:24,e29c5d55-0630-40c6-8245-ae60bf1835be,B2B,Monitors,34-inch Ultrawide Curved Monitor,1,493.64,493.64
2025-11-03 18:13:56,fc2ac3a3-3b2f-4222-9bdc-8f9d387cdccd,B2B,Mice,Precision Laser Mouse,1,65.39,65.39
2025-11-03 20:52:16,880fbce9-f567-4c95-9058-dd0d4808b92c,Web,Storage,1TB NVMe SSD,1,93.98,93.98
2025-11-03 14:52:09,e4818fdf-8d34-4c8b-ad68-973c4d64f1e2,Retail,Networking,Powerline Ethernet Adapter,1,50.46,50.46
2025-11-03 14:29:01,97324dd9-0399-4a90-a1ee-69005c570731,Retail,Monitors,32-inch 8K Professional Monitor,1,1416.54,1416.54
2025-11-04 15:09:41,96c8eeae-56a5-45df-8ca7-3e947a220049,Web,Networking,USB Wi-Fi Adapter,1,30.19,30.19
2025-11-04 18:42:52,e64f8031-f9c2-4072-b66f-356e64559f71,Web,Keyboards,Membrane Office Keyboard,1,39.32,39.32
2025-11-04 19:24:50,26a6c20c-ef13-4361-a413-82d2b7fe46d2,Web,Storage,2TB External HDD,2,76.9,153.8
2025-11-04 09:47:07,55b57cac-60ab-437c-8f40-a99662739976,B2B,Keyboards,Mechanical Gaming Keyboard,1,133.78,133.78
2025-11-04 09:37:41,94b7bf3f-8ea4-4087-8283-48a28217a38b,Retail,Keyboards,Wireless Ergonomic Keyboard,1,77.51,77.51
2025-11-04 09:52:35,b6ce37d4-4005-4278-b0ec-91d4b8dcedb8,Retail,Keyboards,Wireless Ergonomic Keyboard,2,116.98,233.96
2025-11-04 16:44:25,4408a651-4473-482b-96a3-fe480c2bbd13,B2B,Monitors,15.6-inch Portable USB-C Monitor,1,125.99,125.99
2025-11-04 19:42:44,a6fe272e-7338-48bc-a58e-2f873c761b12,Retail,Headsets,Surround Sound Headphones,1,160.8,160.8
2025-11-04 10:17:42,1e5da2a7-e613-463c-b0c2-4c63c1da6e44,Web,Monitors,27-inch 4K IPS Monitor,1,265.34,265.34
2025-11-04 17:08:56,562629eb-7e3f-4949-8173-f3814608461f,Web,Networking,USB Wi-Fi Adapter,1,22.14,22.14
2025-11-04 20:38:58,798f2143-bd23-4c64-9823-ef25183b200a,Retail,Mice,Trackball Mouse,2,87.77,175.54
2025-11-04 12:40:20,90039d76-bc7e-4d7b-b601-084abe21a335,Retail,Networking,USB Wi-Fi Adapter,1,32.71,32.71
2025-11-04 18:52:10,bc60a161-c0af-47c4-bb6f-2810af7d40a0,Retail,Keyboards,Compact 60% Keyboard,1,55.46,55.46
2025-11-04 10:13:23,8f07eaf2-a30d-4540-997e-5f8feedc975a,B2B,Mice,Trackball Mouse,1,68.84,68.84
2025-11-04 20:33:50,a4edc7a3-a8a8-4762-bdef-2bc51ded3558,Web,Monitors,15.6-inch Portable USB-C Monitor,1,134.24,134.24
2025-11-04 09:31:22,08106e35-6930-4cf7-b630-a358e7001134,Retail,Keyboards,RGB Backlit Keyboard,1,91.61,91.61
2025-11-04 15:40:30,65a5902b-7c9b-454d-8b0d-00e279d7f482,B2B,Keyboards,Membrane Office Keyboard,2,24.48,48.96
2025-11-04 11:46:07,63bfce76-d887-4e1e-bc8a-9a4f1336eed0,Retail,Headsets,USB Conference Headset,1,34.99,34.99
2025-11-04 16:28:38,e429ac72-e5b8-4c3b-bd7c-72edbe407d45,B2B,Mice,Optical Gaming Mouse,1,68.78,68.78
2025-11-04 14:41:35,e2e9d9f6-1d50-47c8-9c03-8e8be8721498,B2B,Mice,Wireless Bluetooth Mouse,2,32.06,64.12
2025-11-04 10:11:22,b60d81cb-a542-44a7-9905-c9fa5048a6cd,Web,Keyboards,Compact 60% Keyboard,1,64.65,64.65
2025-11-04 18:12:03,cde79937-65bb-46d7-ba73-b79fd11cf461,Retail,Storage,1TB NVMe SSD,1,106.23,106.23
2025-11-04 10:36:05,f6009324-e1f4-4278-9c79-385f4f8529f3,B2B,Headsets,In-Ear Gaming Earbuds,1,50.25,50.25
2025-11-04 12:23:15,b6f38fc4-addf-4712-b157-6252cab5255b,Web,Monitors,15.6-inch Portable USB-C Monitor,1,181.11,181.11
2025-11-04 17:13:02,9e3b889c-5af0-4ddc-a719-ee73be2e80db,Retail,Mice,Wireless Bluetooth Mouse,1,50.17,50.17
2025-11-04 20:46:50,c7d38ae8-9172-46de-a4dc-27a90acfd30e,Web,Headsets,Wireless Bluetooth Headphones,1,105.17,105.17
2025-11-05 18:43:17,ec40126f-6fcf-4924-97d0-520b03f08136,Retail,Storage,512GB Portable SSD,2,63.73,127.46
2025-11-05 10:11:35,dbbcc542-f8fe-4bc0-aa16-cf60f35f405b,B2B,Keyboards,Membrane Office Keyboard,1,26.48,26.48
2025-11-05 14:07:28,8fbde396-1d64-4713-9e10-2b7839228c34,Web,Mice,Optical Gaming Mouse,1,55.59,55.59
2025-11-05 12:05:28,905d6cf7-0439-4bd5-a752-f20c1b64a665,B2B,Monitors,24-inch 144Hz Gaming Monitor,1,224.21,224.21
2025-11-05 12:36:41,d4ff5e7f-3966-4acc-976b-fb762c2dc688,B2B,Mice,Wireless Bluetooth Mouse,1,39.42,39.42
2025-11-05 19:41:03,d386d6ea-0301-4c0e-be22-4e1f609c91d8,Retail,Mice,Wireless Bluetooth Mouse,1,27.99,27.99
2025-11-05 10:29:19,80a73b2f-50d4-4e18-855d-118d59b9408c,Web,Keyboards,Membrane Office Keyboard,1,31.05,31.05
2025-11-05 12:19:41,f0001642-5216-495e-b3aa-4bb9c5e8c1db,Retail,Mice,Wireless Bluetooth Mouse,2,50.85,101.7
2025-11-05 16:22:02,8f787289-2b23-452d-9761-c80e3452d382,Web,Storage,128GB USB Flash Drive,1,22.82,22.82
2025-11-05 09:39:17,51e532a3-96e6-496a-87f0-69292a38e445,B2B,Headsets,USB Conference Headset,1,40.89,40.89
2025-11-05 14:28:41,596eb1a0-a0f3-48b9-9b58-ef17f91a2c63,Retail,Mice,Vertical Ergonomic Mouse,2,58.48,116.96
2025-11-05 12:12:36,283259f9-cec3-4b3c-86b6-cdc1246a8ee2,B2B,Keyboards,RGB Backlit Keyboard,1,85.15,85.15
2025-11-05 09:51:33,f46e46d6-5517-4ebe-988d-ca1279731387,Retail,Headsets,Surround Sound Headphones,2,120.3,240.6
2025-11-05 18:48:17,c8269533-474b-43eb-a259-00e1625a2226,B2B,Mice,Optical Gaming Mouse,1,61.12,61.12
2025-11-05 20:04:01,3809294f-5fdd-47fc-90b1-81c47e696ee4,Retail,Mice,Wireless Bluetooth Mouse,1,37.31,37.31
2025-11-05 13:39:12,e14c1ab6-e00f-4fe7-98dc-68476096754c,B2B,Mice,Vertical Ergonomic Mouse,2,65.59,131.18
2025-11-05 10:32:34,7d7b6618-faf8-428b-9341-9a0b5ec2b3df,B2B,Storage,4TB Desktop HDD,1,120.33,120.33
2025-11-05 18:41:07,fa44875f-d3e3-4990-b68f-0200fa33aaf5,Web,Mice,Optical Gaming Mouse,1,51.76,51.76
2025-11-05 14:13:33,5fa6626f-113a-43fc-8613-2eca4bf0ef8f,B2B,Mice,Wireless Bluetooth Mouse,2,36.03,72.06
2025-11-05 10:20:45,4293f10d-d290-44e7-8597-89a6304fe7c8,Web,Headsets,USB Conference Headset,1,48.19,48.19
2025-11-05 10:55:53,e9d8321a-65d3-488b-bbdf-c2d240d152e3,B2B,Headsets,Noise-Cancelling Gaming Headset,2,124.34,248.68
2025-11-05 11:19:53,20913424-f168-4db7-983c-027683ae7a18,Retail,Networking,USB Wi-Fi Adapter,1,30.47,30.47
2025-11-05 11:07:53,16444c24-c2e4-4432-82c4-1b450fbed45d,B2B,Mice,Optical Gaming Mouse,2,59.94,119.88
2025-11-05 20:44:10,bb612244-b3b7-41a2-b282-a2887b6b9299,Web,Keyboards,Compact 60% Keyboard,1,89.02,89.02
2025-11-05 10:48:28,af475c4c-f292-464e-a448-ed8f508b60bc,Retail,Mice,Optical Gaming Mouse,2,60.46,120.92
2025-11-06 09:50:50,49dc1fe7-ff89-4fa1-a579-ec6841de61c3,B2B,Mice,Optical Gaming Mouse,1,75.17,75.17
2025-11-06 09:28:36,c9059ec7-9add-4ba4-bd63-1360073efcdc,Retail,Networking,Powerline Ethernet Adapter,2,62.36,124.72
2025-11-06 13:40:48,92cbcbf1-d29f-49a5-a9f6-95ffd9390bd6,B2B,Storage,2TB External HDD,2,85.96,171.92
2025-11-06 11:18:40,3c083784-881b-4a1a-85dd-bf54a01204f7,Retail,Keyboards,RGB Backlit Keyboard,1,77.83,77.83
2025-11-06 18:21:27,2995e8f0-2d9b-4b51-9427-fa68e5490b92,Web,Mice,Optical Gaming Mouse,1,61.95,61.95
2025-11-06 14:17:07,a3675149-ef7a-4a76-8430-5945d541c324,B2B,Keyboards,Membrane Office Keyboard,2,23.68,47.36
2025-11-06 09:08:33,985832ed-2193-461a-af23-4022a2513946,B2B,Mice,Vertical Ergonomic Mouse,2,58.12,116.24
2025-11-06 15:44:48,f4227371-cbe3-4c3a-af89-03e85d8435e0,B2B,Networking,Wireless Mesh Router System,2,236.21,472.42
2025-11-06 14:46:30,ad000d3c-460a-4e64-9c63-f2d5fd88dc72,B2B,Headsets,In-Ear Gaming Earbuds,2,37.44,74.88
2025-11-06 14:11:47,c28b5746-7c7d-49ad-bb01-8c41784f4b69,B2B,Storage,512GB Portable SSD,3,64.86,194.58
2025-11-06 19:06:41,487e779d-f37e-45a1-acf9-1fd2341ed7ef,B2B,Mice,Wireless Bluetooth Mouse,1,37.97,37.97
2025-11-06 17:07:18,5bacff3a-6232-4d10-a730-dc03ee034a61,Web,Keyboards,RGB Backlit Keyboard,1,82.5,82.5
2025-11-06 14:44:45,bb0863fe-edde-47c2-8ae1-cb73d0735eb7,B2B,Mice,Trackball Mouse,1,94.07,94.07
2025-11-06 13:54:10,ac978b12-3c8c-48e6-a512-0687b54f1cc5,Web,Headsets,Noise-Cancelling Gaming Headset,2,127.77,255.54
2025-11-06 20:01:06,f93c5ebb-679f-4244-8a3f-0665fc4abc4c,Web,Headsets,Wireless Bluetooth Headphones,2,106.13,212.26
2025-11-06 18:57:32,d17be9be-75de-4ebb-beb0-f550139a60a1,B2B,Monitors,24-inch 144Hz Gaming Monitor,1,185.15,185.15
2025-11-06 17:25:25,fdae7202-d3de-4861-8ca0-c110bad495a0,Retail,Mice,Precision Laser Mouse,1,60.39,60.39
2025-11-06 11:29:11,9739d167-4839-41c4-a13a-46412500f5ec,B2B,Networking,USB Wi-Fi Adapter,2,26.51,53.02
2025-11-06 19:20:38,233beb78-8ca4-4a06-bce9-8cc84269595d,Retail,Networking,USB Wi-Fi Adapter,1,24.35,24.35
2025-11-06 13:44:40,7fd198ee-13a5-4525-b3f3-a6d2a8f03fda,Retail,Headsets,In-Ear Gaming Earbuds,2,42.02,84.04
2025-11-06 19:01:57,a45d6e83-0e69-4b6d-b027-ce82ed95816c,Web,Keyboards,RGB Backlit Keyboard,2,83.96,167.92
2025-11-06 14:56:08,b48c5fcf-414e-4efb-b412-5ed68b054a73,Retail,Mice,Optical Gaming Mouse,1,62.28,62.28
2025-11-07 20:56:47,9b2a0a38-77d4-42df-bcab-4f1daac546e5,Retail,Networking,Gigabit Ethernet Switch,2,35.17,70.34
2025-11-07 19:15:49,476bf718-6889-4cce-84af-d6e25c0b5ef7,Web,Keyboards,Membrane Office Keyboard,1,35.88,35.88
2025-11-07 13:10:15,9d77feed-aba5-4ecd-ae1f-554146b9aee3,Retail,Headsets,Surround Sound Headphones,1,148.8,148.8
2025-11-07 09:19:49,bd99affd-5d19-4777-84a1-5b9e65acac8c,B2B,Keyboards,Compact 60% Keyboard,2,59.54,119.08
2025-11-07 19:59:42,646182ad-54ff-4fd4-a3bf-507c297e693b,B2B,Monitors,32-inch 8K Professional Monitor,1,1212.33,1212.33
2025-11-07 20:25:58,ef3ca621-9574-4423-8f27-b22c1c95ef25,Web,Headsets,Wireless Bluetooth Headphones,1,69.99,69.99
2025-11-07 20:56:57,3f6e4ec5-db5d-478d-86c7-2ab60356902e,Retail,Storage,4TB Desktop HDD,2,102.75,205.5
2025-11-07 13:53:44,5daa1687-ea43-4ec4-a3c4-8f52e11bc663,Web,Keyboards,Wireless Ergonomic Keyboard,1,93.44,93.44
2025-11-07 20:02:56,e094609c-4714-45d8-9f78-4f837d4684f6,Web,Storage,512GB Portable SSD,2,75.37,150.74
2025-11-07 16:58:09,52a48d65-bd52-4205-87cb-d8c0d2a5588d,Retail,Mice,Wireless Bluetooth Mouse,1,29.8,29.8
2025-11-07 13:11:27,6c3853f0-6bd6-4fed-9e65-98fb32065495,Web,Mice,Vertical Ergonomic Mouse,1,60.68,60.68
2025-11-07 12:37:11,fc99712e-6226-4cb0-b3b9-585933d16a86,Retail,Headsets,USB Conference Headset,1,49.24,49.24
2025-11-07 20:45:14,877c16fc-268f-4a08-a20c-a3a946b1cd92,Retail,Monitors,27-inch 4K IPS Monitor,1,366.7,366.7
2025-11-07 17:10:50,548c4401-d1ee-411c-80ea-76ed0200a116,B2B,Networking,Gigabit Ethernet Switch,2,64.36,128.72
2025-11-08 20:58:02,dabc7d96-5d1c-441d-a9d5-e3211d9a86bc,B2B,Mice,Wireless Bluetooth Mouse,1,31.27,31.27
2025-11-08 16:49:41,2f8ddc31-9e6c-4c95-b69e-05b176dfabc9,B2B,Mice,Optical Gaming Mouse,1,61.7,61.7
2025-11-08 20:27:43,99b168fa-82c4-432b-8cf2-5c00c6f5607b,Web,Monitors,27-inch 4K IPS Monitor,1,460.74,460.74
2025-11-08 19:12:20,1927fbeb-7b48-46ea-81ad-15ebd634df36,B2B,Mice,Optical Gaming Mouse,2,71.24,142.48
2025-11-08 19:00:31,245fd7b4-6c50-4575-b561-50211a069e4b,Web,Headsets,Wireless Bluetooth Headphones,1,100.72,100.72
2025-11-08 17:58:49,6af24c34-b475-4952-aa65-84fa31e79119,B2B,Networking,Gigabit Ethernet Switch,1,37.84,37.84
2025-11-08 15:12:50,e4760d55-1368-4a99-85b3-16ccae764286,Retail,Mice,Vertical Ergonomic Mouse,1,44.82,44.82
2025-11-08 15:08:49,555b60b1-b85d-45b2-bfae-0774169e7d92,B2B,Keyboards,Wireless Ergonomic Keyboard,1,100.02,100.02
2025-11-08 14:04:39,2515b6a3-0c31-4d9d-ace4-a24f5d1e52ca,Retail,Storage,512GB Portable SSD,1,48.99,48.99
2025-11-08 13:47:10,99d8ba05-e353-4214-a0cb-ed0a2b7b6d5f,Retail,Keyboards,Membrane Office Keyboard,1,28.28,28.28
2025-11-08 12:45:02,562c4897-292c-4146-8c21-9793dff29f0d,B2B,Storage,2TB External HDD,2,86.77,173.54
2025-11-08 18:26:13,ec144a87-56dc-4ab3-855c-88aa7297ab90,Retail,Monitors,24-inch 144Hz Gaming Monitor,1,218.65,218.65
2025-11-08 10:01:38,6f8cc2e9-fd6c-46b2-b28a-6ffc6d71ab3b,Retail,Headsets,Noise-Cancelling Gaming Headset,1,83.99,83.99
2025-11-08 19:14:55,c0e2fb9b-c79b-4765-912e-23f8b4005a40,Retail,Storage,128GB USB Flash Drive,2,19.93,39.86
2025-11-08 14:46:01,74fc1c23-27a4-407a-abf9-e207f643e461,Retail,Mice,Optical Gaming Mouse,2,58.59,117.18
2025-11-08 11:09:15,331533d7-835d-49d4-98a2-cdf27bf98d79,Retail,Mice,Optical Gaming Mouse,1,41.99,41.99
2025-11-08 09:45:12,380bf30c-9b74-4316-b625-496370894c90,B2B,Networking,Wireless Mesh Router System,2,248.66,497.32
2025-11-08 19:52:34,56deca27-3cb6-4b40-b42d-86b6f89e4dd8,B2B,Keyboards,RGB Backlit Keyboard,2,96.35,192.7
2025-11-09 19:28:47,07cc0e7f-f73d-4785-8198-69269824f2d1,B2B,Monitors,15.6-inch Portable USB-C Monitor,1,215.73,215.73
2025-11-09 10:57:10,865bc18f-b417-4504-987e-454af851c46e,Retail,Headsets,Noise-Cancelling Gaming Headset,1,145.59,145.59
2025-11-09 15:15:48,de23224b-cb98-4f8c-a930-b953d4fc7817,Web,Storage,128GB USB Flash Drive,2,21.46,42.92
2025-11-09 10:57:01,25114488-cd98-4f34-a488-3b79a46caa24,B2B,Networking,Powerline Ethernet Adapter,1,53.15,53.15
2025-11-09 12:03:52,c4a47399-33e8-4a35-8ec8-f25133b3c16d,Retail,Headsets,Noise-Cancelling Gaming Headset,1,107.83,107.83
2025-11-09 09:01:15,23a70764-ac23-4ed5-96b2-0ec77d91e8f8,B2B,Storage,128GB USB Flash Drive,2,18.47,36.94
2025-11-09 12:45:26,1316ccb5-df8c-4330-805b-c478dc1b392c,Retail,Mice,Wireless Bluetooth Mouse,1,43.64,43.64
2025-11-09 17:09:19,b512a8bd-31cf-48e6-a577-7e0fa2241303,Retail,Keyboards,Wireless Ergonomic Keyboard,2,86.87,173.74
2025-11-09 10:28:02,86f03b5f-cdaf-4b59-a5a3-a190a3287094,Retail,Keyboards,Compact 60% Keyboard,1,83.09,83.09
2025-11-09 16:34:28,3ac6371a-269a-4e8f-9e4a-3dc9fc697c2d,B2B,Monitors,24-inch 144Hz Gaming Monitor,1,241.76,241.76
2025-11-09 10:18:36,c8566d6e-3b26-4e6f-a8c0-b9c1f12bdd25,Retail,Monitors,34-inch Ultrawide Curved Monitor,1,533.36,533.36
2025-11-10 16:16:13,2e0b81d6-8645-4910-a081-37dfde1715b9,Retail,Storage,1TB NVMe SSD,2,81.82,163.64
2025-11-10 15:23:04,a6700bf8-2718-441e-9393-882a8b9508ed,Web,Storage,4TB Desktop HDD,2,145.79,291.58
2025-11-10 10:12:07,c64d9b0e-e5e2-4a26-b9c8-9f9e77455978,Retail,Mice,Optical Gaming Mouse,2,65.63,131.26
2025-11-10 18:19:08,c6b343a1-5812-4252-96cf-4d14a197b461,Retail,Keyboards,Wireless Ergonomic Keyboard,1,108.22,108.22
2025-11-10 11:43:14,fc0ab2ae-6ccf-4701-88c7-2e171f2faa37,Retail,Monitors,27-inch 4K IPS Monitor,1,349.13,349.13
2025-11-10 20:29:08,6805da69-c392-45e8-86b6-b4cebe332e9e,Retail,Monitors,24-inch 144Hz Gaming Monitor,1,232.23,232.23
2025-11-10 18:57:48,3a6aa880-3f39-4c66-973f-e047d8cbad7f,B2B,Headsets,In-Ear Gaming Earbuds,1,29.17,29.17
2025-11-10 20:35:57,31a450e5-274e-4446-b62d-338c40690b21,Retail,Storage,128GB USB Flash Drive,1,16.43,16.43
2025-11-10 10:13:32,66aeed85-bb65-492a-99f0-b51769bcca43,B2B,Headsets,Wireless Bluetooth Headphones,2,105.48,210.96
2025-11-10 12:38:34,c670633c-3dc3-4709-aebe-02e581d63609,B2B,Keyboards,Wireless Ergonomic Keyboard,2,73.57,147.14
2025-11-10 11:02:17,98d4aac6-214c-4545-9829-eb8925b4ec8a,Web,Headsets,USB Conference Headset,2,53.06,106.12
2025-11-10 14:07:37,8292b769-8b1b-4f75-8fbf-c3724f91b464,Retail,Mice,Optical Gaming Mouse,1,41.99,41.99
2025-11-10 19:47:50,406ee27f-aec2-40c9-a0c5-f0a6e7f46c04,B2B,Headsets,Wireless Bluetooth Headphones,2,98.25,196.5
2025-11-11 09:15:40,7a6a5540-f171-4f3a-a4bc-bde493a3d448,Web,Monitors,24-inch 144Hz Gaming Monitor,1,210.64,210.64
2025-11-11 16:51:20,e0abe7c4-b953-40f3-85c4-e2e0d3b53c7b,B2B,Headsets,USB Conference Headset,2,37.58,75.16
2025-11-11 17:40:20,e787a974-04f1-468b-bed3-bdca1ffd6277,Retail,Mice,Optical Gaming Mouse,2,52.84,105.68
2025-11-11 13:52:19,75228f58-ebeb-40fd-8c3e-342f56c0078a,Web,Monitors,27-inch 4K IPS Monitor,1,264.87,264.87
2025-11-11 14:16:01,7926902b-b0c6-4cb9-8af4-edae4cc7ee1d,Web,Networking,USB Wi-Fi Adapter,1,32.87,32.87
2025-11-11 15:57:29,e7e0931f-5abe-4a2a-bc23-5bee1903e839,Web,Keyboards,Mechanical Gaming Keyboard,1,135.75,135.75
2025-11-11 14:12:29,6b5c387c-402e-41da-acad-f7291bb88c66,Retail,Headsets,In-Ear Gaming Earbuds,2,39.36,78.72
2025-11-11 19:57:22,19ff96f0-9db5-40ab-9ff5-c6de4abfc810,B2B,Mice,Vertical Ergonomic Mouse,2,51.35,102.7
2025-11-11 13:59:48,f82f5f73-e36f-4181-913e-4e9f584d7cad,Retail,Storage,128GB USB Flash Drive,1,23.43,23.43
2025-11-11 20:37:43,39f34504-095e-48d3-8558-63fef98e6c21,Retail,Headsets,Noise-Cancelling Gaming Headset,1,98.01,98.01
2025-11-11 18:59:56,e629c5cc-671c-47e3-bd18-ac12c403a887,B2B,Keyboards,Membrane Office Keyboard,1,29.86,29.86
2025-11-11 11:51:06,0ce24d8b-9dae-4c53-b390-7d1fc1142462,Web,Storage,2TB External HDD,1,91.33,91.33
2025-11-11 13:01:49,7e3fbb0f-e228-47e8-baa2-681f52727071,Retail,Storage,2TB External HDD,1,93.67,93.67
2025-11-11 10:50:11,1090cba1-2d80-4a74-8f85-2c97b6cfd79d,Web,Mice,Wireless Bluetooth Mouse,1,27.99,27.99
2025-11-11 13:06:56,1146d77b-7566-43e7-bf27-676ad8bd5d1a,B2B,Keyboards,Mechanical Gaming Keyboard,1,131.18,131.18
2025-11-11 17:27:26,ddac80ae-5340-4e65-843c-307818f51d9a,B2B,Headsets,Wireless Bluetooth Headphones,1,108.11,108.11
2025-11-11 15:08:49,7313407b-9db8-4e29-bc66-022d60665539,Retail,Mice,Wireless Bluetooth Mouse,2,38.61,77.22
2025-11-11 17:26:30,769ddd2e-c8e2-47ab-9438-d34af4459b50,Web,Keyboards,Wireless Ergonomic Keyboard,1,76.55,76.55
2025-11-11 09:14:15,d88e9666-e0e2-4ded-80df-a705f8e9a46c,Retail,Keyboards,Membrane Office Keyboard,1,29.92,29.92
2025-11-11 20:18:42,d2e7e458-fbab-4d57-8942-4df53f6eed7f,Web,Mice,Wireless Bluetooth Mouse,1,46.29,46.29
2025-11-11 17:36:39,dc2b26dc-3056-4f4d-829c-2d6118794132,B2B,Storage,4TB Desktop HDD,1,95.22,95.22
2025-11-11 19:03:48,735fb13f-b503-43ec-b825-4d6a30d7c13e,Web,Mice,Optical Gaming Mouse,2,55.39,110.78
2025-11-11 16:28:39,0c6ea491-b683-415d-814c-5728e3a8eb05,B2B,Monitors,27-inch 4K IPS Monitor,1,347.66,347.66
2025-11-11 18:36:09,7a742037-f14e-4057-8e27-f7053db922cf,B2B,Mice,Optical Gaming Mouse,2,57.51,115.02
2025-11-11 10:59:59,779015f6-e743-4189-9c79-2041288a33b4,Web,Monitors,15.6-inch Portable USB-C Monitor,1,215.96,215.96
2025-11-11 15:49:18,51e2e33f-dbfb-4e1d-8e71-0f1760492fef,Web,Mice,Optical Gaming Mouse,2,53.9,107.8
2025-11-11 14:06:32,a2e30407-b0c0-4b53-a888-8cb699226833,Web,Storage,512GB Portable SSD,1,79.14,79.14
2025-11-11 16:03:01,335a641d-0fdf-4351-a515-78e350ccfbfd,Web,Mice,Optical Gaming Mouse,1,66.19,66.19
2025-11-11 14:56:24,b86b556f-0dfa-464c-ba14-6b94f67943b4,Retail,Storage,128GB USB Flash Drive,2,26.99,53.98
2025-11-11 20:21:13,99ad760d-ebd2-44f2-a684-dad361ccbba2,Retail,Mice,Precision Laser Mouse,2,73.46,146.92
2025-11-11 14:16:06,128cb760-dc43-4351-a519-2ef70080b774,Web,Monitors,24-inch 144Hz Gaming Monitor,1,236.96,236.96
2025-11-11 09:40:08,1ab84074-9b26-480f-9466-30423c8199ee,Web,Keyboards,Mechanical Gaming Keyboard,1,130.2,130.2
2025-11-11 18:13:03,c9d9d65b-ab16-4790-8e0d-c15f992afadc,Retail,Storage,512GB Portable SSD,1,82.16,82.16
2025-11-11 19:19:16,5e9247ba-1722-41a3-8116-253fea9946df,Retail,Keyboards,Membrane Office Keyboard,1,20.99,20.99
2025-11-11 12:47:48,1609c98b-e6ba-4258-891e-7d1a8cf0f6cf,Web,Mice,Precision Laser Mouse,1,83.4,83.4
2025-11-11 14:49:27,661565d5-127c-410a-96c3-12aa0e06a47b,Retail,Keyboards,RGB Backlit Keyboard,1,74.13,74.13
2025-11-12 13:17:47,1b2ed82d-b14b-48e7-a911-e766d6ca7b8e,B2B,Keyboards,Compact 60% Keyboard,2,56.34,112.68
2025-11-12 13:54:52,b027ca98-baa1-4b7d-83ff-e2bf56bd4cae,Web,Mice,Vertical Ergonomic Mouse,1,57.12,57.12
2025-11-12 11:25:33,301067c0-f339-45d6-a91b-e360105ab461,B2B,Keyboards,Compact 60% Keyboard,1,61.4,61.4
2025-11-12 09:34:06,5ea2a695-4659-4b63-8c43-5e5aa6149868,B2B,Mice,Wireless Bluetooth Mouse,1,39.23,39.23
2025-11-12 12:08:12,bf7c8fe3-1dc8-4b2d-b3e9-ce6b39e42191,Retail,Mice,Vertical Ergonomic Mouse,1,51.86,51.86
2025-11-12 17:03:44,e0dd40be-9214-49c1-a927-902ebc1e6c10,B2B,Keyboards,Membrane Office Keyboard,1,22.93,22.93
2025-11-12 11:32:33,67e05257-6eed-47ad-9e58-040b958bd0c7,Web,Keyboards,Mechanical Gaming Keyboard,1,107.84,107.84
2025-11-12 16:20:02,9e864169-5913-48b7-a6b1-f7f81edd6940,B2B,Storage,4TB Desktop HDD,2,103.52,207.04
2025-11-12 16:51:13,17f56266-0663-4dae-b14e-3080742aa36d,Retail,Mice,Vertical Ergonomic Mouse,1,34.99,34.99
2025-11-12 13:45:44,e4b173c9-3207-4e69-8f19-b2a33d37c52b,Retail,Headsets,Wireless Bluetooth Headphones,1,92.76,92.76
2025-11-12 18:24:16,1442d83b-9adf-42fa-8448-f0f4af56dde8,Web,Storage,512GB Portable SSD,2,94.49,188.98
2025-11-12 09:03:27,129335d3-274c-4cf1-b496-20d60b49e172,B2B,Keyboards,Mechanical Gaming Keyboard,1,121.91,121.91
2025-11-12 13:34:27,4250c1d6-50e5-4867-8f27-a72722bc06ba,B2B,Keyboards,Compact 60% Keyboard,1,69.62,69.62
2025-11-12 14:51:23,515d5352-7da5-49e5-971c-7c19a9adc451,Retail,Storage,512GB Portable SSD,1,94.49,94.49
2025-11-12 14:57:41,2c1ba674-56c9-400b-8523-c1318b123fbd,B2B,Storage,4TB Desktop HDD,2,83.99,167.98
2025-11-12 10:08:07,8f0d46f7-cc35-4e1a-9fa8-74fdee484c5c,Retail,Keyboards,Mechanical Gaming Keyboard,2,137.8,275.6
2025-11-12 14:46:12,50223d99-4a9d-45a7-887a-082409172810,Web,Monitors,27-inch 4K IPS Monitor,1,397.34,397.34
2025-11-12 15:03:36,57b2f4d4-1360-4ca7-a0a7-b2d82dc5a3f9,B2B,Storage,128GB USB Flash Drive,1,23.56,23.56
2025-11-12 13:29:01,6187e8c1-1a9d-4820-9ccd-5b9f4f6d6fab,Web,Headsets,Noise-Cancelling Gaming Headset,1,139.74,139.74
2025-11-12 11:23:42,f3130158-c3bb-4262-9e88-0bbfd54b77e5,Web,Networking,USB Wi-Fi Adapter,1,29.1,29.1
2025-11-12 15:49:03,3a724cd0-5e5b-42eb-b962-bf845f97668b,Retail,Mice,Optical Gaming Mouse,2,64.92,129.84
2025-11-12 20:43:44,573ee842-94ec-490c-bce4-6ef69e739a7d,Retail,Storage,512GB Portable SSD,2,55.24,110.48
2025-11-12 13:09:29,665443e1-104f-4189-951c-27abf772eaed,Retail,Headsets,In-Ear Gaming Earbuds,2,39.53,79.06
2025-11-12 12:27:05,409fd030-d923-4267-858c-86db1cac2f2a,Retail,Storage,512GB Portable SSD,1,61.95,61.95
2025-11-12 13:38:44,8ec33a8d-7eae-411d-8231-06ff1a5ecbef,Retail,Storage,2TB External HDD,1,84.8,84.8
2025-11-12 16:46:32,f9f5e072-75d1-4c0b-8ad7-5761b618be27,Web,Storage,4TB Desktop HDD,1,144.33,144.33
2025-11-13 09:10:13,7227adc1-644c-46c3-af3f-c5a588ddfd0d,Web,Monitors,27-inch 4K IPS Monitor,1,334.03,334.03
2025-11-13 15:06:29,507f5d94-4699-4c0a-9b79-670b561b1f08,Retail,Headsets,Noise-Cancelling Gaming Headset,1,111.82,111.82
2025-11-13 19:17:02,01878513-18c1-4f66-b61c-c2692e0c530b,Retail,Mice,Wireless Bluetooth Mouse,2,48.86,97.72
2025-11-13 12:32:05,6dfa23d4-835e-45a5-9d98-07f21c0546c7,Web,Networking,USB Wi-Fi Adapter,1,33.69,33.69
2025-11-13 11:45:55,c19645a0-ecf0-4fee-b493-56a8f786a75d,B2B,Storage,512GB Portable SSD,1,52.79,52.79
2025-11-13 19:40:21,e5ccb96e-a005-4b84-ac05-f84fd0435ff0,Web,Monitors,27-inch 4K IPS Monitor,1,362.6,362.6
2025-11-13 17:45:08,aa4302ae-1bea-4933-9312-cf59ca3f8f0d,Retail,Headsets,Wireless Bluetooth Headphones,1,102.62,102.62
2025-11-13 18:13:20,806d6886-6f85-4dfe-bc05-f1d99a4fac56,Web,Storage,1TB NVMe SSD,1,80.84,80.84
2025-11-13 19:56:29,01c25151-745e-483a-9d56-be8c3c53f5ea,Web,Keyboards,Membrane Office Keyboard,1,26.53,26.53
2025-11-13 15:49:47,e7f84567-082d-4e09-bcd3-58745392bfd4,Web,Monitors,27-inch 4K IPS Monitor,1,344.74,344.74
2025-11-13 14:07:02,a907d9da-d7be-448e-8bee-57c9d92a1162,Retail,Keyboards,Mechanical Gaming Keyboard,2,121.59,243.18
2025-11-13 13:12:57,0590817b-4cd2-443c-9bf9-36c5166e898d,Retail,Monitors,34-inch Ultrawide Curved Monitor,2,517.4,1034.8
2025-11-13 20:33:24,edc42319-a457-4e93-bb55-ec00a2e02596,B2B,Networking,USB Wi-Fi Adapter,1,22.14,22.14
2025-11-13 14:13:55,e309a01e-82f7-4274-9c81-9fd5a3fc9552,Retail,Headsets,USB Conference Headset,1,59.49,59.49
2025-11-13 16:15:07,064365fb-5f5c-4bc2-9053-fb0bca9715fb,Retail,Networking,Network Attached Storage (NAS),1,304.83,304.83
2025-11-14 09:42:51,75aafdf6-ac88-42c0-8db4-ad538294d436,Retail,Headsets,In-Ear Gaming Earbuds,2,36.67,73.34
2025-11-14 18:13:53,c4e5e0f1-dfec-4df0-aa8e-e68a9d5e5c48,Retail,Mice,Optical Gaming Mouse,1,64.15,64.15
2025-11-14 16:12:56,5b683e4c-45ab-4c34-8bef-2109595427ac,Web,Networking,USB Wi-Fi Adapter,1,31.94,31.94
2025-11-14 17:21:03,26b10bd9-1107-472f-b5f7-878c7b686849,Web,Networking,Wireless Mesh Router System,1,174.99,174.99
2025-11-14 14:38:40,374660de-0667-48e0-8125-e6d9414e7237,B2B,Storage,128GB USB Flash Drive,2,22.51,45.02
2025-11-14 17:45:01,81499ae8-1d90-4460-9192-5cde2d006cd4,Web,Keyboards,Mechanical Gaming Keyboard,1,138.96,138.96
2025-11-14 19:30:05,e5c0a7ea-2885-40ab-8b87-d378de58dd46,Web,Storage,4TB Desktop HDD,1,142.69,142.69
2025-11-14 13:22:11,d3072a85-cf3c-4d5b-a5d9-7ec38ad57c83,B2B,Mice,Optical Gaming Mouse,1,60.74,60.74
2025-11-14 12:04:52,31da4669-c8a1-4c99-8d82-de7c3dae503c,B2B,Mice,Wireless Bluetooth Mouse,1,35.79,35.79
2025-11-14 17:46:29,c5d666dd-b7ad-46ba-a734-d72e30e589e0,Web,Networking,USB Wi-Fi Adapter,1,22.12,22.12
2025-11-14 12:10:12,3cb90512-5b94-480c-ba84-683f111e56a0,B2B,Keyboards,Mechanical Gaming Keyboard,1,137.01,137.01
2025-11-14 09:50:27,35539cae-6071-4f88-af50-6667df528576,B2B,Storage,4TB Desktop HDD,3,113.71,341.13
2025-11-14 20:17:07,d673b739-59cf-4899-9495-07cc12725cfa,Web,Networking,USB Wi-Fi Adapter,2,33.12,66.24
2025-11-14 17:40:34,104956cb-5685-4bbc-8349-9f088740484a,B2B,Headsets,Noise-Cancelling Gaming Headset,1,113.67,113.67
2025-11-14 14:43:34,aacb17fd-63da-4db4-b37d-841d26e3b3db,Web,Mice,Vertical Ergonomic Mouse,1,41.22,41.22
2025-11-14 10:19:21,6f45bf94-e935-46ef-a427-4113ea0b0b37,B2B,Keyboards,Mechanical Gaming Keyboard,1,100.15,100.15
2025-11-14 15:26:39,ddbe1fc1-d32c-4490-bed2-f3da9f343408,Retail,Mice,Wireless Bluetooth Mouse,2,46.55,93.1
2025-11-14 15:21:06,cdf3cbf1-12e8-4a41-aabb-61ab2d697a5c,Web,Headsets,In-Ear Gaming Earbuds,1,39.26,39.26
2025-11-14 12:41:35,ae99a764-126f-4693-a783-bcf7913ab1c4,B2B,Mice,Wireless Bluetooth Mouse,1,37.88,37.88
2025-11-15 15:09:06,433b7f2a-211f-4282-8578-f214a7eeabf8,Retail,Headsets,USB Conference Headset,1,52.32,52.32
2025-11-15 12:54:36,52e44ffa-55a8-4e02-85d6-730ea1e021bb,Web,Networking,Gigabit Ethernet Switch,1,57.84,57.84
2025-11-15 20:48:56,1b426b14-614a-466c-b836-f90989bc8f11,Retail,Mice,Precision Laser Mouse,1,82.1,82.1
2025-11-15 20:26:36,ff933c78-d506-4704-8f1c-0425c98e54ec,B2B,Headsets,USB Conference Headset,1,43.68,43.68
2025-11-15 14:34:20,d5d0de5b-82c2-47b1-b9e6-dffad8f8672d,B2B,Headsets,Wireless Bluetooth Headphones,2,100.04,200.08
2025-11-15 19:51:59,1aa67160-2c7c-468d-b64f-770d790b1e95,B2B,Headsets,Noise-Cancelling Gaming Headset,2,113.96,227.92
2025-11-15 15:18:05,a0671deb-15b7-4800-b78a-50cbc167d0b5,B2B,Headsets,USB Conference Headset,2,41.25,82.5
2025-11-15 14:13:29,7cd41533-05ef-49ba-ba5f-39d612a3df03,Web,Headsets,Wireless Bluetooth Headphones,1,91.11,91.11
2025-11-15 13:36:13,e073bc7d-8fb3-47fb-9ddd-e12e360b5d4b,Web,Storage,4TB Desktop HDD,1,107.86,107.86
2025-11-15 11:59:57,b819cf3c-031c-4a24-a205-19ac5f0fc604,Web,Mice,Optical Gaming Mouse,1,47.94,47.94
2025-11-15 09:17:28,0d6b0e64-9068-4097-ab19-9cbafa7359d4,Web,Keyboards,Mechanical Gaming Keyboard,1,117.38,117.38
2025-11-15 10:51:32,46a70d2a-ddc4-4008-9935-584fac01e78c,Retail,Storage,128GB USB Flash Drive,1,17.88,17.88
2025-11-15 15:57:44,a80f6289-2cc4-41f1-b10a-02572089c244,Web,Networking,Gigabit Ethernet Switch,1,58.64,58.64
2025-11-15 12:42:46,57780741-4aa4-4380-8446-5a1da2b851bd,Web,Keyboards,Membrane Office Keyboard,1,22.54,22.54
2025-11-15 16:07:09,d8cd95a0-fbf9-4438-82d8-825ec9a7247c,Retail,Mice,Precision Laser Mouse,1,75.13,75.13
2025-11-15 09:35:49,ce825138-694b-4e12-8971-45fd0e559622,B2B,Mice,Vertical Ergonomic Mouse,1,54.98,54.98
2025-11-15 18:07:23,86684518-f867-4675-b01e-357d907d6101,B2B,Mice,Optical Gaming Mouse,2,58.47,116.94
2025-11-15 18:34:50,eba9410f-1c89-4864-bbda-c78cfe0a34d3,Web,Storage,1TB NVMe SSD,1,91.92,91.92
2025-11-15 16:51:34,4a7d467b-460d-4da6-bde5-2aff386d1b7e,B2B,Mice,Optical Gaming Mouse,1,61.84,61.84
2025-11-15 13:04:52,3e0f544b-4462-469e-9cbe-513965a58164,Web,Networking,Gigabit Ethernet Switch,1,56.45,56.45
2025-11-15 15:21:41,747a0bbb-6c12-497d-a8fd-276e33ee1030,B2B,Keyboards,Membrane Office Keyboard,1,20.99,20.99
2025-11-15 13:39:56,a634038c-27d1-4896-8590-32b32c295047,Retail,Monitors,15.6-inch Portable USB-C Monitor,2,208.48,416.96
2025-11-15 16:52:01,00ebbc86-7eba-4da8-966f-74419f8fbf65,Web,Storage,2TB External HDD,2,78.35,156.7
2025-11-15 13:50:15,47893da5-14f6-4206-85ed-a0eaa322e799,Retail,Mice,Optical Gaming Mouse,3,69.63,208.89
2025-11-15 13:46:37,007310ac-7b7a-40e5-9a2d-430e74373f0d,B2B,Keyboards,Wireless Ergonomic Keyboard,1,79.37,79.37
2025-11-15 12:24:35,f06c1e4e-2711-4271-a364-8549ad483a31,B2B,Headsets,Noise-Cancelling Gaming Headset,1,161.08,161.08
2025-11-15 15:15:32,55476e1e-8a07-4723-8a23-a17870313526,Retail,Networking,Gigabit Ethernet Switch,1,65.38,65.38
2025-11-15 16:45:31,3c530f54-bdbd-43e6-b364-24bffe0b0821,Web,Storage,512GB Portable SSD,1,51.51,51.51
2025-11-15 14:53:32,ce883e98-326f-4197-8910-a2403d76ab0a,Web,Headsets,Noise-Cancelling Gaming Headset,1,114.35,114.35
2025-11-15 16:19:04,7d6dc8d4-9eaf-4f52-92d1-463d54f8069f,Retail,Mice,Wireless Bluetooth Mouse,1,49.63,49.63
2025-11-15 19:04:16,fee494d7-4f3e-4512-aae6-8dae7492da91,B2B,Keyboards,RGB Backlit Keyboard,1,73.82,73.82
2025-11-15 12:45:16,0f28ccc5-1fa3-4c87-a333-4a8db6b3cbc9,Web,Storage,1TB NVMe SSD,2,89.96,179.92
2025-11-15 12:45:14,0d5bbb98-8086-4239-b440-072d275d1340,B2B,Headsets,In-Ear Gaming Earbuds,1,27.99,27.99
2025-11-15 11:07:20,68e71d0a-3850-4e90-8394-35f58644ba3e,Web,Headsets,In-Ear Gaming Earbuds,2,37.96,75.92
2025-11-15 20:52:07,98b6cabe-5fda-4466-9a81-114438b8b7fc,Web,Mice,Optical Gaming Mouse,2,55.19,110.38
2025-11-15 13:59:49,6c90c81d-e745-45f5-b6e6-ae7f1eefa184,Retail,Mice,Vertical Ergonomic Mouse,1,34.99,34.99
2025-11-16 15:35:37,c448b648-78e0-4db5-9859-d5e31ddc28cc,B2B,Storage,128GB USB Flash Drive,3,21.35,64.05
2025-11-16 19:52:47,340c3d9b-e843-429d-8682-a7ac64175a43,Retail,Mice,Wireless Bluetooth Mouse,1,42.72,42.72
2025-11-16 16:48:52,89044964-5e0a-4585-be78-323b8305819d,Retail,Mice,Trackball Mouse,1,62.66,62.66
2025-11-16 15:25:55,d1003f96-b0c2-49d7-a511-cab39eac02a7,Retail,Mice,Optical Gaming Mouse,2,74.88,149.76
2025-11-16 14:54:41,f41ab384-05b4-4da4-a0ea-311716078d10,Retail,Keyboards,Compact 60% Keyboard,1,70.78,70.78
2025-11-16 14:59:11,f5719693-b95c-46e9-8cf9-9797476a2f36,Retail,Keyboards,Wireless Ergonomic Keyboard,2,76.64,153.28
2025-11-16 16:33:08,2db3bd82-b5c8-43dd-83e2-e561befe8ba1,B2B,Monitors,27-inch 4K IPS Monitor,1,316.91,316.91
2025-11-16 11:29:23,2953c87c-50ba-4c80-9878-d00e0b7c33b7,Retail,Mice,Wireless Bluetooth Mouse,3,50.98,152.94
2025-11-16 14:44:02,0ff91ce4-f332-47eb-9e0c-651753614c1b,B2B,Headsets,Noise-Cancelling Gaming Headset,2,132.98,265.96
2025-11-16 17:29:50,e7e8c37e-8a7c-45fb-a733-e5915c983ddd,B2B,Monitors,15.6-inch Portable USB-C Monitor,1,185.26,185.26
2025-11-16 09:24:51,39e946d6-ebf7-4d5b-9636-67ba14c1ca25,Retail,Headsets,Wireless Bluetooth Headphones,1,88.24,88.24
2025-11-16 15:12:37,e3522188-3ef6-488e-a960-c31aa510e249,Web,Keyboards,Mechanical Gaming Keyboard,1,139.62,139.62
2025-11-16 12:05:34,2faf9784-bbcd-40df-82d0-25b93df0dd5c,B2B,Storage,1TB NVMe SSD,1,95.91,95.91
2025-11-16 09:57:05,6d011b75-b849-4483-9daf-0a078ca1f6f9,Web,Keyboards,RGB Backlit Keyboard,1,65.15,65.15
2025-11-16 15:22:16,8c16ad72-2e0f-4b9e-8e9e-412772c9dce5,Retail,Headsets,USB Conference Headset,1,49.37,49.37
2025-11-16 16:20:23,48e4429a-f532-4f45-9ad2-687c64380f0f,Retail,Keyboards,Compact 60% Keyboard,1,65.74,65.74
2025-11-16 10:17:12,fbc5ee43-42eb-4768-bd6c-a1895da76e06,Retail,Headsets,Noise-Cancelling Gaming Headset,1,116.42,116.42
2025-11-16 14:29:45,18ea5c0f-2eae-4255-a3ec-259512d841b4,Web,Networking,USB Wi-Fi Adapter,1,40.49,40.49
2025-11-16 17:12:41,707def1c-49d7-4041-b009-f9f2596a1617,B2B,Headsets,USB Conference Headset,1,42.29,42.29
2025-11-16 19:15:21,54b734db-9451-4370-86ab-fcf206c179a9,Retail,Mice,Vertical Ergonomic Mouse,1,35.09,35.09
2025-11-16 19:13:51,81a3a86d-da22-4c17-a44f-6f6381452a90,B2B,Storage,128GB USB Flash Drive,1,23.38,23.38
2025-11-16 20:34:27,767ab5f9-6675-461c-91be-7fd42baea636,Web,Monitors,15.6-inch Portable USB-C Monitor,1,163.83,163.83
2025-11-16 19:24:57,b223ebcc-a40e-40e3-813c-230b542080a9,Web,Keyboards,Mechanical Gaming Keyboard,1,128.24,128.24
2025-11-17 11:37:12,7bb8ceed-7796-4bc0-9a68-aac9a1f5d008,B2B,Mice,Trackball Mouse,1,87.43,87.43
2025-11-17 15:33:55,4abf45d5-a49b-43e7-aadd-2eaf17d02cfa,Web,Mice,Vertical Ergonomic Mouse,1,53.3,53.3
2025-11-17 20:53:38,0e841376-6889-4528-894c-3f7a2609b2ab,Web,Networking,Wireless Mesh Router System,2,303.43,606.86
2025-11-17 09:08:41,a9c51ffc-486f-44ae-8aa4-c023d2307577,Retail,Networking,Powerline Ethernet Adapter,1,56.74,56.74
2025-11-17 18:20:54,4110f455-e32a-4077-9620-25370b6ec74a,B2B,Storage,1TB NVMe SSD,1,86.76,86.76
2025-11-17 12:34:42,f3a51637-4eb8-4e5a-9e18-1a4f4a9fabdb,Web,Headsets,Wireless Bluetooth Headphones,1,121.15,121.15
2025-11-17 14:40:04,4d1ee66a-c3e8-4178-9e11-4b248920bd5c,B2B,Headsets,In-Ear Gaming Earbuds,1,49.76,49.76
2025-11-17 14:46:50,8fdcb1db-b6c8-488d-b97f-882da8b1557a,Retail,Mice,Precision Laser Mouse,1,63.38,63.38
2025-11-17 09:06:25,39f481f4-f4f7-4f5d-a9fe-cbe487a33b57,Retail,Mice,Vertical Ergonomic Mouse,2,52.52,105.04
2025-11-17 18:13:43,09b0ea06-44ff-4839-9b4a-432e7af2018d,B2B,Mice,Vertical Ergonomic Mouse,2,52.83,105.66
2025-11-17 12:43:34,dec15690-c2dd-442d-9938-86f0db7caaac,Retail,Keyboards,RGB Backlit Keyboard,2,83.84,167.68
2025-11-17 09:41:31,422c8d4f-194e-4700-9d8e-06a9d0634ccb,B2B,Mice,Wireless Bluetooth Mouse,1,45.85,45.85
2025-11-17 11:03:09,5613dac6-d0a4-44f7-b5b4-da979be87658,B2B,Networking,Wireless Mesh Router System,1,265.99,265.99
2025-11-17 14:03:31,2ac47144-b07e-4d58-be0e-60df4c0e624b,Web,Mice,Wireless Bluetooth Mouse,1,43.76,43.76
2025-11-17 11:32:03,8ab759c0-8f9c-41d5-a382-91a65f5949ca,B2B,Storage,128GB USB Flash Drive,1,26.99,26.99
2025-11-17 16:01:08,90f5e05d-c359-4b1a-a878-aed8a49b2d12,Web,Mice,Optical Gaming Mouse,2,78.69,157.38
2025-11-17 09:29:30,ea1f3998-e513-4bca-9661-ed0283e15ff9,B2B,Keyboards,RGB Backlit Keyboard,2,91.21,182.42
2025-11-17 19:21:44,4835b554-2848-456a-bd91-9298768270e5,Web,Storage,1TB NVMe SSD,1,82.72,82.72
2025-11-17 15:22:21,243c9552-aa9c-4e39-a8aa-20c90b5a3c6f,Retail,Mice,Optical Gaming Mouse,2,54.86,109.72
2025-11-17 14:30:14,2eba1999-6123-4fb2-94e4-cc54f6289823,Retail,Mice,Vertical Ergonomic Mouse,1,46.44,46.44
2025-11-17 15:26:27,b02936b0-2c9c-48d2-8c2b-db4618cf2ccb,B2B,Keyboards,RGB Backlit Keyboard,2,80.89,161.78
2025-11-17 12:51:49,1b835681-3ab3-4e65-8335-147a1461a687,Web,Headsets,In-Ear Gaming Earbuds,1,44.71,44.71
2025-11-18 09:27:10,2d21b4e2-b64b-47b1-8192-405cb43ea3ec,B2B,Headsets,Wireless Bluetooth Headphones,1,76.32,76.32
2025-11-18 17:11:57,b142ecdf-9316-4260-8267-8ee4ddd63c72,Retail,Mice,Wireless Bluetooth Mouse,1,29.13,29.13
2025-11-18 18:04:53,05fc715f-763a-4ea4-8489-70085bad5078,B2B,Keyboards,Compact 60% Keyboard,1,74.05,74.05
2025-11-18 20:38:07,1dc631f5-7dc1-41ad-91a0-99e5947f2989,Retail,Keyboards,Compact 60% Keyboard,1,92.04,92.04
2025-11-18 12:36:44,073015f1-98a7-4895-a5b9-4c82650d463b,Retail,Storage,512GB Portable SSD,1,90.49,90.49
2025-11-18 10:50:47,7dc2ab71-f555-4cba-b01f-647f90e8f19f,B2B,Keyboards,RGB Backlit Keyboard,2,74.31,148.62
2025-11-18 11:02:53,f3e2cee1-d248-4105-bd20-f92fb97b4523,Retail,Networking,Gigabit Ethernet Switch,1,48.42,48.42
2025-11-18 10:02:00,7fad3ba8-f173-4b99-a0c6-584be31d2e04,Retail,Storage,1TB NVMe SSD,2,76.9,153.8
2025-11-18 12:25:17,f3409653-d20c-4a35-97bb-5e7630a1e9d3,Web,Mice,Wireless Bluetooth Mouse,1,27.99,27.99
2025-11-18 18:05:16,149cd0a8-73fa-41bb-b472-4f9a94d60e6e,B2B,Keyboards,Compact 60% Keyboard,1,63.09,63.09
2025-11-18 20:00:40,0ded6a23-19cb-4e49-be5c-5ed97a63cf29,B2B,Keyboards,Wireless Ergonomic Keyboard,2,116.42,232.84
2025-11-18 15:45:32,5c517a88-7350-4abf-9ccc-75edd3e7c9ad,Web,Mice,Optical Gaming Mouse,2,47.85,95.7
2025-11-18 19:32:57,827c6068-9e83-4b8d-bf77-3270a4a038e4,Retail,Networking,Wireless Mesh Router System,1,225.69,225.69
2025-11-18 09:38:58,31048566-2c2b-443e-93e7-f4dbb2f08711,B2B,Mice,Optical Gaming Mouse,1,70.39,70.39
2025-11-18 09:02:37,023584dc-ce69-4d8f-b5af-a9980c19d40e,Web,Keyboards,Mechanical Gaming Keyboard,1,139.72,139.72
2025-11-18 14:32:46,2bab3ff6-0e7d-4007-9550-db4c5d86ab89,B2B,Storage,4TB Desktop HDD,1,161.99,161.99
2025-11-18 14:18:25,eb28b830-44e7-4bd3-ba46-72d5538a1588,Retail,Mice,Precision Laser Mouse,2,53.1,106.2
2025-11-18 19:01:15,ca70c0e4-28d8-4409-a393-83c1c0ee77ec,Retail,Mice,Wireless Bluetooth Mouse,1,27.99,27.99
2025-11-18 20:18:52,a1766455-7a8d-4794-a8d2-7fe362fc4548,B2B,Mice,Precision Laser Mouse,1,49.51,49.51
2025-11-18 13:52:49,ea3edc60-28f9-42fe-8a92-065b9b72f828,Retail,Keyboards,Wireless Ergonomic Keyboard,1,102.43,102.43
2025-11-18 20:12:21,b81eb354-7e1d-4e50-9cf3-a4a7a7143749,Retail,Keyboards,RGB Backlit Keyboard,1,68.41,68.41
2025-11-19 20:52:36,59e0e1e3-7eac-43f6-a5b4-3019bce28d45,B2B,Mice,Vertical Ergonomic Mouse,1,63.99,63.99
2025-11-19 19:58:49,47f6ff7e-18ce-4b6e-956c-f4659c720cce,Web,Networking,Gigabit Ethernet Switch,1,51.38,51.38
2025-11-19 16:47:20,cb2f5636-c7b9-4d5b-bc5b-c004447f02f0,B2B,Keyboards,Membrane Office Keyboard,1,29.49,29.49
2025-11-19 19:08:05,dfe204f0-8398-4f35-91fd-15a377706a21,Web,Keyboards,Mechanical Gaming Keyboard,2,111.99,223.98
2025-11-19 11:20:05,50c4f159-4756-4efd-8c8e-7fbaf6620a48,Retail,Storage,2TB External HDD,1,64.7,64.7
2025-11-19 12:29:41,bc0d0e43-71ca-4386-a2c8-aacc171f1934,Retail,Keyboards,Compact 60% Keyboard,1,55.74,55.74
2025-11-19 09:17:04,6569c37b-6618-4619-a2a7-662b004bf193,Retail,Mice,Wireless Bluetooth Mouse,3,33.35,100.05
2025-11-19 17:04:14,478a62f1-176b-4135-b5cb-b8dcad799419,Web,Storage,512GB Portable SSD,2,60.78,121.56
2025-11-19 10:01:39,b4b460c7-c49d-42ec-9ed1-882401147d7b,Retail,Storage,512GB Portable SSD,1,83.96,83.96
2025-11-19 18:09:10,fe932cb5-5c45-4a19-b0c5-544ec69a4ff3,Retail,Monitors,34-inch Ultrawide Curved Monitor,1,425.38,425.38
2025-11-19 20:43:42,d160e4a3-4ab8-4f25-9a88-61d011a09342,Retail,Networking,USB Wi-Fi Adapter,1,36.12,36.12
2025-11-19 09:29:51,a5b9e55b-d41b-46eb-89d6-71d3707cf5f6,B2B,Headsets,Noise-Cancelling Gaming Headset,1,106.23,106.23
2025-11-19 14:12:38,f5492ee0-b485-4da0-be71-3727102d42cd,B2B,Keyboards,Wireless Ergonomic Keyboard,1,106.1,106.1
2025-11-19 19:18:48,8b059878-01d6-4398-9703-5ddab30e6a6b,Retail,Headsets,USB Conference Headset,1,45.25,45.25
2025-11-19 09:03:28,410bed9d-cf8a-48bb-a91c-2032bd8aeda1,Retail,Headsets,USB Conference Headset,1,42.75,42.75
2025-11-19 18:19:44,ee7e5d13-7253-436e-87f4-69ec58b117cf,Retail,Headsets,In-Ear Gaming Earbuds,1,42.93,42.93
2025-11-19 09:43:36,b3613163-5ea3-4b1d-999d-b07b04d21377,Web,Monitors,24-inch 144Hz Gaming Monitor,1,153.99,153.99
2025-11-19 20:22:57,1f049491-2868-44c1-83df-0ad5370618eb,B2B,Storage,1TB NVMe SSD,2,88.91,177.82
2025-11-19 14:50:40,f54d462f-2431-4218-b6ef-7512285c78c0,B2B,Headsets,Noise-Cancelling Gaming Headset,1,127.05,127.05
2025-11-19 11:13:51,2fff711e-8d44-40e1-a604-27ce371173b5,Web,Networking,Gigabit Ethernet Switch,1,58.95,58.95
2025-11-19 20:52:10,5bee1173-fe8e-4b88-9ce3-73b1551c081a,B2B,Headsets,USB Conference Headset,1,46.67,46.67
2025-11-19 17:52:45,46b9339c-af6b-46fe-b3c4-ed75bb39d315,Web,Monitors,34-inch Ultrawide Curved Monitor,1,349.99,349.99
2025-11-19 09:46:43,13cfa802-5327-4c76-bdb2-ac5226b964d7,Web,Mice,Wireless Bluetooth Mouse,2,40.64,81.28
2025-11-20 09:24:55,b2f69124-f272-430e-9632-be847891f972,Web,Headsets,USB Conference Headset,1,37.15,37.15
2025-11-20 20:33:44,5e441219-470e-403a-8a9d-5828f4607cad,Retail,Headsets,Surround Sound Headphones,1,129.8,129.8
2025-11-20 18:10:17,fb43796f-36e8-4bda-ab54-a55efd36355b,B2B,Networking,Network Attached Storage (NAS),1,399.52,399.52
2025-11-20 12:43:59,24d23922-efdf-4f11-b437-080c34d83d2d,B2B,Storage,512GB Portable SSD,1,72.34,72.34
2025-11-20 10:33:27,cc7f49cc-85f7-4656-80d1-68f98441f0e9,Retail,Monitors,34-inch Ultrawide Curved Monitor,1,601.5,601.5
2025-11-20 13:03:54,48d4eaa3-23a6-46de-9b2c-3dde9a499f1d,B2B,Headsets,In-Ear Gaming Earbuds,2,45.37,90.74
2025-11-20 19:15:55,fa36e5ad-e0d5-4e9d-a7b2-5b717ef36a59,Web,Keyboards,RGB Backlit Keyboard,1,89.51,89.51
2025-11-20 12:17:30,83388730-a375-4aed-9805-058a03c66e4a,Web,Headsets,Noise-Cancelling Gaming Headset,1,136.35,136.35
2025-11-20 19:53:50,e4780b74-ac53-494a-a28f-9bda48c6a429,Retail,Networking,Gigabit Ethernet Switch,1,35.97,35.97
2025-11-20 19:39:35,8a1585da-c1df-4494-9006-aaaee936e383,Web,Storage,128GB USB Flash Drive,1,15.78,15.78
2025-11-20 11:59:51,2b9f797f-f44f-4074-b314-727d83f27943,Retail,Keyboards,Mechanical Gaming Keyboard,2,115.64,231.28
2025-11-20 09:00:40,5fec9f7f-e5d6-44d1-ac41-54869e935d9d,B2B,Keyboards,Membrane Office Keyboard,2,29.95,59.9
2025-11-20 11:13:04,1b18d474-4727-45d2-b3df-c2d02a40bc30,Web,Networking,Gigabit Ethernet Switch,1,36.64,36.64
2025-11-20 12:43:04,134aaadf-4dd5-4dd1-b902-40af29d6d7d3,Web,Mice,Wireless Bluetooth Mouse,1,48.27,48.27
2025-11-20 11:31:02,c11d3554-8051-4dfb-8e40-ff070de68d27,Web,Keyboards,Membrane Office Keyboard,1,34.94,34.94
2025-11-20 09:53:07,9801b040-a585-48da-8f7e-63326950a17f,Retail,Keyboards,Membrane Office Keyboard,1,27.07,27.07
2025-11-20 12:06:42,be05744f-6b89-4d37-80bd-18285948fcd2,Retail,Storage,512GB Portable SSD,1,53.66,53.66
2025-11-20 09:44:00,8464460b-d126-4b07-9c17-40ef149820c7,B2B,Storage,1TB NVMe SSD,1,79.54,79.54
2025-11-20 20:05:29,f043ec58-cad0-428a-af5e-aad860183a65,Retail,Mice,Precision Laser Mouse,1,73.19,73.19
2025-11-20 13:54:19,97878bbe-e467-4ec1-8986-966bcfd1c158,Retail,Headsets,Surround Sound Headphones,1,128.82,128.82
2025-11-20 17:58:49,c677d094-fd13-42ae-91a7-4362251f05e5,Retail,Headsets,Wireless Bluetooth Headphones,1,90.83,90.83
2025-11-20 13:27:39,1a4f2e5d-96c4-46c7-a271-6fcf1b2f762d,Retail,Keyboards,RGB Backlit Keyboard,1,94.7,94.7
2025-11-20 09:57:45,d4137c6a-faca-404c-9590-addec19e0f7d,Retail,Storage,1TB NVMe SSD,2,80.56,161.12
2025-11-21 19:45:36,8bc30af4-0d66-4778-a519-05cf1b390a2e,Web,Monitors,24-inch 144Hz Gaming Monitor,1,239.33,239.33
2025-11-21 19:00:01,5d81ca49-0a23-4038-a969-7802b80ce0f2,B2B,Mice,Precision Laser Mouse,1,80.2,80.2
2025-11-21 13:44:04,2e105ecf-2f9d-4009-beee-0d48ea0310f4,Web,Headsets,In-Ear Gaming Earbuds,1,40.11,40.11
2025-11-21 16:24:10,5dc88ed3-9287-4e73-b286-e6b6586957a3,B2B,Mice,Vertical Ergonomic Mouse,1,44.85,44.85
2025-11-21 10:14:07,8cc24c40-0ce5-43ea-8cba-8f8e2a31932b,Retail,Keyboards,RGB Backlit Keyboard,1,79.07,79.07
2025-11-21 20:13:10,9142b6ed-d795-486a-af20-47d486b3e243,Retail,Networking,Wireless Mesh Router System,1,220.26,220.26
2025-11-21 10:47:48,c374bbfa-d422-4af9-8130-fb4cd32eed7c,Retail,Keyboards,Wireless Ergonomic Keyboard,1,99.69,99.69
2025-11-21 16:50:53,013f3908-17f5-430a-acda-a5e140ace636,Retail,Storage,2TB External HDD,1,88.32,88.32
2025-11-21 09:11:20,6ff6c9dc-f79b-406f-8e56-2623864f9b12,Web,Keyboards,RGB Backlit Keyboard,1,91.81,91.81
2025-11-21 15:28:14,cec7a047-b3c1-4fe8-aae9-22c7e703e354,Web,Storage,512GB Portable SSD,2,55.75,111.5
2025-11-21 13:05:30,c6219b44-697f-4eac-ab5d-b5085fa601bb,Retail,Storage,1TB NVMe SSD,2,85.38,170.76
2025-11-21 14:50:12,55465441-a85f-42f7-bad2-82f93bdfc57a,B2B,Keyboards,Wireless Ergonomic Keyboard,1,107.57,107.57
2025-11-21 10:03:42,a469d98c-2f90-43f3-bc32-9e90ab54f537,Retail,Mice,Vertical Ergonomic Mouse,2,40.69,81.38
2025-11-21 11:35:18,20b73d24-1bea-485a-93a8-6c3e20d10e65,Retail,Headsets,Noise-Cancelling Gaming Headset,1,116.32,116.32
2025-11-21 12:50:31,ea59935e-2be8-4f7f-8715-3618bfd2bfc0,Retail,Headsets,USB Conference Headset,1,36.99,36.99
2025-11-21 17:41:46,f2a0f8ec-b72f-4e2c-9bed-34f9cf1701c1,Web,Mice,Optical Gaming Mouse,1,60.79,60.79
2025-11-21 19:18:53,5be43995-bc37-4c5e-9b7b-639b53bff035,B2B,Keyboards,Mechanical Gaming Keyboard,2,115.03,230.06
2025-11-21 10:31:57,1066480a-26ce-445c-8a3f-1e2ddac6a7f8,Web,Keyboards,Membrane Office Keyboard,1,39.38,39.38
2025-11-21 18:28:15,4733f70e-e3c7-4921-bbfd-cec13393c1ef,Web,Networking,USB Wi-Fi Adapter,1,27.23,27.23
2025-11-21 20:35:58,57530fcf-3d18-4e46-8f38-252f4f9b44a9,Web,Mice,Optical Gaming Mouse,2,58.01,116.02
2025-11-21 11:04:52,e5c492f1-5fa6-48ae-a33e-747076558d70,Web,Keyboards,Membrane Office Keyboard,1,31.64,31.64
2025-11-21 09:04:56,671341c9-c3ec-4ead-ba45-bc538dfb3d4e,Web,Monitors,34-inch Ultrawide Curved Monitor,1,574.08,574.08
2025-11-21 11:19:02,139d1ac2-cd06-4ea3-82d4-836dc9fc6dc4,Web,Mice,Trackball Mouse,2,77.8,155.6
2025-11-21 16:51:04,83adcccb-da0b-4e1d-9cb5-310c75b94330,Retail,Storage,1TB NVMe SSD,2,78.33,156.66
2025-11-21 17:22:51,eaed3b10-9c03-479b-95f7-4204d427b975,B2B,Storage,128GB USB Flash Drive,1,17.8,17.8
2025-11-22 09:19:40,00a8028c-9d81-4068-a5ac-492425f0d0dc,B2B,Mice,Wireless Bluetooth Mouse,2,49.64,99.28
2025-11-22 18:03:58,dfd440d8-586e-490d-b601-4347f3d4a3dd,Retail,Keyboards,Compact 60% Keyboard,1,68.67,68.67
2025-11-22 14:44:26,d0f9fa72-d800-45cf-8b08-266a691e6cb9,B2B,Headsets,USB Conference Headset,1,34.99,34.99
2025-11-22 18:55:21,327796ad-27d8-4b17-8dc5-d4175f1a6efc,B2B,Keyboards,Compact 60% Keyboard,1,78.06,78.06
2025-11-22 09:06:30,9472dcbc-f92c-432d-89ff-28dd3b6d8e5d,Web,Keyboards,Mechanical Gaming Keyboard,1,117.79,117.79
2025-11-22 10:59:57,f25ef0ab-e7b7-4a52-b361-d1127d75c02e,Retail,Headsets,Wireless Bluetooth Headphones,1,103.97,103.97
2025-11-22 09:08:56,8bf6da90-6580-4043-bc07-35e538e89aa4,Web,Keyboards,Membrane Office Keyboard,1,29.85,29.85
2025-11-22 12:19:28,e1a1f156-4701-4a1e-9978-7dbb8bb4d5cc,Web,Headsets,USB Conference Headset,1,67.49,67.49
2025-11-22 19:08:20,df5f39d6-a2ad-458d-89e9-268f983db997,B2B,Storage,4TB Desktop HDD,2,103.89,207.78
2025-11-22 20:11:34,5fd20f86-fae4-465f-b4c1-b2122d92f267,B2B,Mice,Optical Gaming Mouse,1,70.6,70.6
2025-11-22 14:45:32,d5cb1a54-98c8-41e4-aa8e-238d5dd92dcc,Retail,Headsets,USB Conference Headset,1,38.02,38.02
2025-11-22 12:13:40,3b4e4f65-378c-47a5-b46e-f522be736732,B2B,Storage,1TB NVMe SSD,1,69.08,69.08
2025-11-22 09:10:44,9b7b0826-1533-4d53-9d74-901dade188be,Web,Networking,Gigabit Ethernet Switch,1,40.03,40.03
2025-11-22 15:42:27,481c8c9f-9fe1-4ebc-8d33-e82b8f1438ab,B2B,Keyboards,Membrane Office Keyboard,1,25.74,25.74
2025-11-22 13:49:24,2b69396c-7d95-419e-9dff-384938e547b4,Retail,Mice,Wireless Bluetooth Mouse,2,40.09,80.18
2025-11-22 14:46:48,4c699952-1af9-4806-af20-3c1cf490e1cf,B2B,Mice,Trackball Mouse,2,95.31,190.62
2025-11-22 18:04:35,24e045c6-5dea-404e-8de0-59e1aedb2922,Retail,Storage,2TB External HDD,1,81.68,81.68
2025-11-22 12:21:55,01028946-4240-44c9-9728-a3c0c16de67c,Web,Mice,Optical Gaming Mouse,1,54.35,54.35
2025-11-22 15:40:10,934510b7-c51f-4de4-9a80-cf9235a24da3,Web,Keyboards,Wireless Ergonomic Keyboard,1,93.25,93.25
2025-11-22 09:07:16,24f74166-2287-4dad-8198-8aea332d2129,Web,Storage,1TB NVMe SSD,2,101.18,202.36
2025-11-22 12:16:56,ff240d36-3ec4-4de1-b773-e6af2b9df649,Retail,Storage,1TB NVMe SSD,2,92.18,184.36
2025-11-22 17:35:26,efe55c26-f4a7-4337-9813-1fb876fc002b,Web,Keyboards,Membrane Office Keyboard,2,32.97,65.94
2025-11-22 16:02:18,ca908fa7-0861-4d53-a10d-2e03e440b293,Retail,Mice,Wireless Bluetooth Mouse,1,38.97,38.97
2025-11-22 13:13:17,f23b1da9-8c4d-40c2-bdab-42ec4afcdb2a,Web,Storage,4TB Desktop HDD,2,83.99,167.98
2025-11-22 14:16:56,8447b72b-0d4a-4dee-ab99-faf129dd69bc,Retail,Headsets,In-Ear Gaming Earbuds,1,35.02,35.02
2025-11-22 11:48:52,21954461-ec6f-4ca4-881d-542f1327f600,B2B,Keyboards,Wireless Ergonomic Keyboard,1,104.92,104.92
2025-11-23 10:58:26,53bc9a00-0883-49d2-822e-956609dfa975,Retail,Mice,Wireless Bluetooth Mouse,1,39.38,39.38
2025-11-23 13:42:24,9a86dccc-d5da-4860-9952-892f052db435,B2B,Mice,Wireless Bluetooth Mouse,1,34.28,34.28
2025-11-23 20:13:20,3946d303-7eb5-421a-a573-18cbd7ef03e1,B2B,Mice,Optical Gaming Mouse,1,62.71,62.71
2025-11-23 14:48:41,6c1d2681-45ef-438f-95f8-0121076b3b64,Web,Headsets,In-Ear Gaming Earbuds,1,41.5,41.5
2025-11-23 14:51:07,89fda18b-9e9d-46e2-8ab7-4fdf678646d9,B2B,Mice,Optical Gaming Mouse,2,57.17,114.34
2025-11-23 13:30:56,e68b86f6-f8b8-4b35-a2bd-5d64621d153a,B2B,Headsets,In-Ear Gaming Earbuds,1,53.99,53.99
2025-11-23 17:10:16,e2a6ef77-6b7a-4ad7-bccc-591b1dca4ff0,Web,Mice,Wireless Bluetooth Mouse,2,46.06,92.12
2025-11-23 17:05:08,b421b63f-0d99-427d-89b7-af3fc730578f,Retail,Mice,Optical Gaming Mouse,1,45.83,45.83
2025-11-23 15:10:19,23e14846-e96a-4788-be60-53bb2b25e6cb,Web,Keyboards,Membrane Office Keyboard,1,30.96,30.96
2025-11-23 19:04:58,bf64e25d-9a1c-4011-bf5b-f06ce87779ea,Retail,Mice,Optical Gaming Mouse,2,59.58,119.16
2025-11-23 20:01:24,3707aedb-9457-43ba-9ee7-c75301ed74db,B2B,Storage,128GB USB Flash Drive,1,16.02,16.02
2025-11-23 16:58:19,3f79008b-dcbc-4955-ae8d-b53db927cbdb,Web,Monitors,34-inch Ultrawide Curved Monitor,1,527.46,527.46
2025-11-23 16:38:44,236fae72-75d9-42fc-9522-d28de1758676,Retail,Monitors,34-inch Ultrawide Curved Monitor,1,407.2,407.2
2025-11-23 15:04:54,1512e0d7-4e9b-4e9f-bed4-a7fe9d6cabaa,Retail,Storage,512GB Portable SSD,1,90.61,90.61
2025-11-24 12:05:26,45a88e10-861a-484b-a4c2-f194db28ac8a,Retail,Keyboards,Mechanical Gaming Keyboard,1,149.31,149.31
2025-11-24 11:58:30,347c0d3e-7feb-4e05-aa0c-c1997b633978,B2B,Keyboards,Membrane Office Keyboard,1,33.11,33.11
2025-11-24 17:14:40,ff4906e1-c6d0-47bd-b42c-c55d3c1010c8,Web,Keyboards,Compact 60% Keyboard,2,48.99,97.98
2025-11-24 15:56:05,9473e0fe-cfef-43ad-afe3-8a074c64493d,B2B,Mice,Optical Gaming Mouse,1,46.47,46.47
2025-11-24 18:25:48,bb6faa4e-57a1-4ba4-aa9c-db5bffa9d173,B2B,Mice,Precision Laser Mouse,1,86.85,86.85
2025-11-24 16:32:56,d8e87550-5e95-4a1d-ad9b-f5820fe56605,Web,Mice,Optical Gaming Mouse,1,58.18,58.18
2025-11-24 13:08:16,27013020-640b-4bb7-9d0d-e2ddfe25c25a,B2B,Mice,Trackball Mouse,1,89.44,89.44
2025-11-24 11:15:45,ec0ff6d9-8d6b-40ab-9595-84e36a97ab2b,Retail,Storage,128GB USB Flash Drive,2,17.84,35.68
2025-11-24 20:59:53,990419aa-6f57-4f7f-a95f-93211ff40df7,B2B,Mice,Wireless Bluetooth Mouse,1,37.67,37.67
2025-11-24 16:20:42,9bee1c10-3006-46a0-84ee-b9585f37b6cb,Retail,Headsets,Wireless Bluetooth Headphones,2,100.38,200.76
2025-11-24 18:32:10,1d3b9664-5514-4a33-932c-76156f83bf35,Web,Monitors,27-inch 4K IPS Monitor,1,280.4,280.4
2025-11-24 16:30:36,5d914256-1ac6-41c5-b8c4-a9c80628c8ab,B2B,Headsets,Wireless Bluetooth Headphones,1,105.95,105.95
2025-11-24 16:27:01,3b7b1762-3cd8-4015-9cc9-4f5e29358c11,B2B,Headsets,Wireless Bluetooth Headphones,1,91.63,91.63
2025-11-24 09:23:37,592c892b-ff14-4140-b421-8e2b96628847,Retail,Mice,Optical Gaming Mouse,1,53.02,53.02
2025-11-24 12:36:03,68ecdf72-f7cc-4736-a58f-c37eaed79434,Retail,Networking,Network Attached Storage (NAS),1,525.71,525.71
2025-11-24 15:47:01,50beb1ba-ed82-4ed8-b614-85e975cace25,B2B,Storage,4TB Desktop HDD,1,96.11,96.11
2025-11-24 15:27:45,ac3ef561-48c2-414b-bce2-748ac99d4a47,B2B,Keyboards,Mechanical Gaming Keyboard,1,141.39,141.39
2025-11-24 14:19:43,304c19e2-740a-4f16-8ca7-ac1b0efef2e3,Retail,Headsets,Wireless Bluetooth Headphones,2,71.12,142.24
2025-11-25 13:53:41,9bc2177c-dcb5-4a48-93b0-0e955090df5e,Web,Mice,Wireless Bluetooth Mouse,1,44.39,44.39
2025-11-25 18:18:03,15df7d8d-279d-4489-a526-d63d01e42dec,B2B,Headsets,USB Conference Headset,1,54.71,54.71
2025-11-25 14:25:23,48bff033-0527-482c-a75a-cb7cec7d2ec0,Web,Mice,Optical Gaming Mouse,1,49.19,49.19
2025-11-25 20:37:21,bebbfe7a-0eac-4184-9f67-94d43443cd3b,Retail,Keyboards,Mechanical Gaming Keyboard,1,133.01,133.01
2025-11-25 15:58:43,58cf7f70-dfb3-4cc5-84fd-18bf9812435e,Retail,Networking,Gigabit Ethernet Switch,1,53.37,53.37
2025-11-25 13:35:51,a937cef9-fb06-4a80-86d1-58ecd6ef443b,B2B,Storage,2TB External HDD,1,104.15,104.15
2025-11-25 11:21:04,3537ac56-6f8f-4edd-990a-6ce666a71931,Retail,Keyboards,Membrane Office Keyboard,1,29.66,29.66
2025-11-25 15:29:50,4777f74e-57d2-4d7a-b847-b62ceca6dbf3,B2B,Monitors,27-inch 4K IPS Monitor,1,244.99,244.99
2025-11-25 19:31:51,aac33d52-cba4-46de-92c5-cc2c151d24b2,Web,Mice,Wireless Bluetooth Mouse,1,30.37,30.37
2025-11-25 11:39:17,7e2e7534-f164-49a6-bdf2-b5c8dbac9168,Retail,Headsets,In-Ear Gaming Earbuds,1,34.72,34.72
2025-11-25 11:13:50,75a1ff4f-6bfc-44cb-a17d-248f22d377bd,Retail,Monitors,34-inch Ultrawide Curved Monitor,1,637.17,637.17
2025-11-25 18:39:03,a366589d-81f9-454f-877d-44d12bfc1126,Web,Keyboards,Compact 60% Keyboard,1,52.5,52.5
2025-11-25 14:17:02,9da0396a-acb5-4997-9503-8caed130e40e,Web,Headsets,Noise-Cancelling Gaming Headset,1,120.98,120.98
2025-11-25 20:05:08,36517037-9a11-4729-82ff-f8587b7c519e,Retail,Mice,Wireless Bluetooth Mouse,1,32.68,32.68
2025-11-25 14:14:53,4af33403-b1b3-464b-96e4-56e3fc3b7fbd,Retail,Storage,1TB NVMe SSD,2,80.75,161.5
2025-11-25 16:24:45,3728781d-ed1d-40af-aa1d-f3e8501e8639,Web,Mice,Optical Gaming Mouse,1,47.76,47.76
2025-11-25 13:08:46,08805dec-30a0-4cc7-b191-91d47020b1a6,Web,Headsets,Noise-Cancelling Gaming Headset,2,135.66,271.32
2025-11-26 16:12:28,48e91e8a-fac4-4f6a-bf86-68a40618a258,Web,Keyboards,Compact 60% Keyboard,1,94.49,94.49
2025-11-26 12:42:13,ca45d542-bf5e-4863-bb88-2880d3a93515,Web,Storage,1TB NVMe SSD,2,62.99,125.98
2025-11-26 18:04:30,33e06e22-c4c2-4a7e-8626-e773408105e2,Retail,Keyboards,Wireless Ergonomic Keyboard,2,91.04,182.08
2025-11-26 20:51:43,18eb988d-02d0-4a3f-b6e0-a36dc9369130,B2B,Mice,Optical Gaming Mouse,1,80.99,80.99
2025-11-26 10:33:41,431d3a12-0ea6-45e9-960e-5152205fd2cc,Retail,Mice,Wireless Bluetooth Mouse,1,44.75,44.75
2025-11-26 09:40:38,ff9e919b-af3f-4507-8cd2-33dfb721d34e,Web,Networking,Gigabit Ethernet Switch,2,52.1,104.2
2025-11-26 17:34:03,373f0b46-349e-4cf6-92ff-e11eb5fd3b9b,B2B,Storage,2TB External HDD,2,80.75,161.5
2025-11-26 20:46:59,486a4be8-3460-4bb8-93e7-4f8f59995cf3,Retail,Headsets,Noise-Cancelling Gaming Headset,1,138.61,138.61
2025-11-26 16:15:54,2a9d77e9-0d83-41cf-a294-fa86b41ddbd5,Retail,Headsets,Noise-Cancelling Gaming Headset,1,110.54,110.54
2025-11-26 18:56:03,61ac2a9a-1113-4962-be1a-9ac1cb6eb772,B2B,Mice,Optical Gaming Mouse,2,66.58,133.16
2025-11-26 20:16:12,bb4d5844-06f4-4250-b351-7ad71b06fc72,B2B,Mice,Vertical Ergonomic Mouse,1,57.44,57.44
2025-11-26 12:36:20,9880c8f4-051d-4613-8c7b-b8fb3d89d1fe,Web,Mice,Precision Laser Mouse,1,73.66,73.66
2025-11-26 20:48:08,b3fa40d7-179e-4c4c-a94c-437fc02518a0,Web,Keyboards,Membrane Office Keyboard,2,31.94,63.88
2025-11-26 14:43:47,8695ceb2-5163-47ee-86a1-f637e005e1e5,Retail,Networking,Powerline Ethernet Adapter,1,58.34,58.34
2025-11-26 17:20:21,e5535617-ea92-4bee-8cc3-4daec1703346,Web,Storage,2TB External HDD,1,79.96,79.96
2025-11-26 15:00:24,b8051d0b-be97-497b-8390-36c44659ae7f,B2B,Headsets,Noise-Cancelling Gaming Headset,2,139.14,278.28
2025-11-26 19:07:47,da970d2a-69d7-4c36-8b0d-d46cadb1731b,Retail,Storage,128GB USB Flash Drive,1,25.11,25.11
2025-11-26 15:18:35,7560d2d2-1b62-4dd8-9479-769be145f30b,B2B,Networking,Powerline Ethernet Adapter,1,80.99,80.99
2025-11-26 19:08:29,cb5c6617-1fa2-4f27-ba8a-a0c44fbbcc51,B2B,Storage,1TB NVMe SSD,2,85.67,171.34
2025-11-26 18:20:52,4391b345-7c8c-48f6-a3db-a3fba7b77ca7,Web,Headsets,Wireless Bluetooth Headphones,1,97.5,97.5
2025-11-26 19:02:10,802845bf-7a7e-43f8-9a63-51062e212d22,Retail,Mice,Optical Gaming Mouse,1,55.26,55.26
2025-11-26 14:34:11,45d4f75b-d6d2-483d-b389-beb033214a43,B2B,Headsets,Surround Sound Headphones,1,142.29,142.29
2025-11-26 17:38:57,40e2c964-60f0-41b1-9548-2698f0e1607a,B2B,Keyboards,Wireless Ergonomic Keyboard,1,84.11,84.11
2025-11-26 13:53:38,fe30aafb-913e-449d-b661-d81675b28a74,Web,Mice,Vertical Ergonomic Mouse,1,34.99,34.99
2025-11-26 18:37:04,ceb02934-3020-4b59-8a99-2376a3c29e41,B2B,Storage,2TB External HDD,1,87.11,87.11
2025-11-26 13:19:27,9f7f10f0-71f0-428f-bc83-ed0ae778eef8,Retail,Mice,Optical Gaming Mouse,2,46.62,93.24
2025-11-26 09:01:16,ec8c0737-ec60-48c0-bcd0-3957aa31e30d,Retail,Keyboards,Wireless Ergonomic Keyboard,2,113.18,226.36
2025-11-26 20:33:24,11c1a851-ead2-40e4-9583-f874c7b8190b,Retail,Headsets,USB Conference Headset,1,34.99,34.99
2025-11-26 16:56:00,2fa5123c-6df9-4e19-8f27-716350737da7,B2B,Storage,512GB Portable SSD,1,61.0,61.0
2025-11-26 09:07:57,a9405b47-94fc-4d10-bd35-0950d44cfcbe,Retail,Storage,1TB NVMe SSD,2,81.92,163.84
2025-11-26 18:43:48,0718f42a-eff0-4180-b8cf-ef3c89c47faa,Retail,Mice,Optical Gaming Mouse,2,58.32,116.64
2025-11-26 11:58:32,aa96cd0c-edaa-469a-bec8-eb35dfd8bf86,Web,Storage,1TB NVMe SSD,1,93.75,93.75
2025-11-26 10:29:30,f7050d19-8bb2-42f9-8efb-dfc8cc9ade6c,Web,Networking,Gigabit Ethernet Switch,1,42.06,42.06
2025-11-26 15:02:43,5b809f9a-1f96-4407-b800-a25e3da8fc83,Retail,Mice,Optical Gaming Mouse,2,60.22,120.44
2025-11-26 09:47:31,a9d7c2bf-dfd2-4264-8396-c9743febc9e9,Web,Monitors,27-inch 4K IPS Monitor,1,348.41,348.41
2025-11-26 13:22:30,0bc5f094-18e8-4899-958b-508bce7e4af6,Web,Mice,Wireless Bluetooth Mouse,1,32.1,32.1
2025-11-26 11:45:32,11a6e852-33d5-4667-bb99-8c7b998e3564,B2B,Storage,1TB NVMe SSD,1,91.61,91.61
2025-11-26 16:43:57,4508ad76-29ac-4cbc-a9b2-0f8043f03c10,Web,Headsets,USB Conference Headset,1,36.61,36.61
2025-11-26 19:03:27,01575a73-66a4-42ee-b545-6e0dccc41525,Retail,Networking,Gigabit Ethernet Switch,1,40.76,40.76
2025-11-27 17:37:57,b6caea77-2688-41c8-a075-56f746bdf541,Web,Mice,Wireless Bluetooth Mouse,1,39.8,39.8
2025-11-27 15:40:00,a957b8d1-a536-485e-8b59-10a88fb72ab9,Retail,Mice,Vertical Ergonomic Mouse,2,42.06,84.12
2025-11-27 10:55:58,2a5f8fd1-c1f6-42a9-bef7-3aa5c910dac2,Web,Keyboards,Wireless Ergonomic Keyboard,1,83.32,83.32
2025-11-27 11:16:58,5bdee77e-deef-45d8-ad2d-bc7f8364ed26,Web,Mice,Precision Laser Mouse,1,73.92,73.92
2025-11-27 18:25:04,d8c37c18-dd56-4f86-acdf-d1dc24dcc5ac,Web,Monitors,27-inch 4K IPS Monitor,2,309.84,619.68
2025-11-27 18:28:54,226d14f9-26c6-4aea-9860-8048437e4447,Retail,Storage,2TB External HDD,1,70.13,70.13
2025-11-27 15:37:31,2ffcfa5c-4e79-4860-9b48-ee8a1911af3e,B2B,Headsets,In-Ear Gaming Earbuds,1,40.18,40.18
2025-11-27 18:26:47,99d92f24-e2ff-4db2-990b-9d9990ee9623,B2B,Keyboards,Membrane Office Keyboard,1,24.04,24.04
2025-11-27 12:03:22,52323f3f-31b5-4616-bf3f-9c45117e80e7,B2B,Keyboards,Membrane Office Keyboard,2,28.71,57.42
2025-11-27 11:11:48,9a62b305-05ea-43f3-b554-f2139209ff3b,B2B,Mice,Vertical Ergonomic Mouse,1,42.32,42.32
2025-11-27 11:15:00,8a14434a-092b-4a70-8cdc-89b019e32bab,Web,Networking,USB Wi-Fi Adapter,1,20.99,20.99
2025-11-27 09:07:31,2bd2fbc5-b820-4a39-9f0b-03e86a52e5fe,Web,Mice,Precision Laser Mouse,2,84.98,169.96
2025-11-27 17:55:27,d4b4dbef-ee33-432d-912a-57b77cc6a49b,B2B,Mice,Optical Gaming Mouse,1,53.99,53.99
2025-11-27 15:00:26,5a0fd9ce-d419-456d-8499-fb10bbd305cb,Web,Storage,512GB Portable SSD,2,78.38,156.76
2025-11-27 14:26:30,d1bfa014-e5f7-4386-9990-59fb8c11029b,B2B,Keyboards,Membrane Office Keyboard,1,25.21,25.21
2025-11-27 20:18:10,31c5038a-056e-4a07-a315-49c39c3de274,B2B,Storage,512GB Portable SSD,3,73.34,220.02
2025-11-27 13:56:00,aa90314d-9c02-4217-8c26-f063d18777f7,B2B,Storage,128GB USB Flash Drive,2,21.44,42.88
2025-11-27 12:48:08,e476ccb0-bd52-42b3-80ea-4bafae9e82a5,B2B,Mice,Wireless Bluetooth Mouse,2,44.53,89.06
2025-11-27 20:24:13,846dbfde-6713-470d-9e76-4ed810bde284,Retail,Storage,2TB External HDD,2,85.28,170.56
2025-11-27 10:07:35,829b5edb-53a4-4b50-a2fa-0002158c8132,Web,Headsets,USB Conference Headset,2,35.11,70.22
2025-11-27 12:53:34,96513705-2eb8-4449-b908-4704d036c583,Retail,Keyboards,Mechanical Gaming Keyboard,1,118.81,118.81
2025-11-27 14:32:42,5136f562-8fa3-4d46-84e5-dfbce7f2111a,Web,Networking,Powerline Ethernet Adapter,1,43.07,43.07
2025-11-27 17:21:12,5f89a580-c89d-483d-a8f3-f704503b86ca,B2B,Networking,Gigabit Ethernet Switch,1,48.89,48.89
2025-11-27 11:32:48,8aeeaa16-0497-466d-80a4-30c183ba7f60,Retail,Keyboards,Wireless Ergonomic Keyboard,1,84.83,84.83
2025-11-27 09:51:13,3a694f20-841b-453f-bac7-21dae4f492cc,Retail,Monitors,24-inch 144Hz Gaming Monitor,1,227.79,227.79
2025-11-27 18:19:30,bcb53ad7-eac1-4873-b17b-8ce8846fea52,Web,Keyboards,Membrane Office Keyboard,1,37.18,37.18
2025-11-27 11:26:54,f7045f70-480d-415f-9471-3ef1c1bd7b86,B2B,Mice,Wireless Bluetooth Mouse,3,43.67,131.01
2025-11-27 18:03:45,2e05c6b9-1a2c-433e-a48a-62fcdd703d97,B2B,Keyboards,Membrane Office Keyboard,1,37.22,37.22
2025-11-27 09:53:14,93fe34b2-0671-41fe-8045-1f652b4762d6,Web,Headsets,USB Conference Headset,1,45.52,45.52
2025-11-28 20:21:26,65e3154c-9b53-4f6b-8f3c-449101bdf726,Web,Headsets,Wireless Bluetooth Headphones,1,84.93,84.93
2025-11-28 20:15:03,cee5882b-24b3-4aeb-8e26-f243357f40f1,B2B,Mice,Precision Laser Mouse,2,88.38,176.76
2025-11-28 10:08:44,becaf4dd-5862-459b-af8f-635e256fe9ad,Retail,Storage,128GB USB Flash Drive,2,22.02,44.04
2025-11-28 17:38:04,74c5b576-3b9d-482e-8056-04fd117f1b11,Web,Headsets,USB Conference Headset,1,44.72,44.72
2025-11-28 18:32:15,d1a78430-feb5-4675-9b0b-53b3ff0779a8,Web,Headsets,USB Conference Headset,1,52.6,52.6
2025-11-28 10:17:37,fa9c659a-6c2f-4492-88ef-fe32695fda28,Retail,Headsets,Wireless Bluetooth Headphones,1,96.75,96.75
2025-11-28 18:05:15,814e3c57-2818-44fb-b179-6f0609a47698,Web,Mice,Trackball Mouse,1,70.5,70.5
2025-11-28 17:57:10,ee44ac83-000a-4f22-802b-1441d25f0efd,B2B,Networking,USB Wi-Fi Adapter,1,32.84,32.84
2025-11-28 15:06:53,f82165de-2f66-406d-b31a-cacb8181769c,Retail,Headsets,In-Ear Gaming Earbuds,1,37.66,37.66
2025-11-28 09:56:54,3b474a7f-8709-4a48-aa18-8900b5ac4d4b,B2B,Networking,USB Wi-Fi Adapter,1,22.53,22.53
2025-11-28 13:37:49,4e060064-d877-454c-984f-06e67a421c03,B2B,Mice,Wireless Bluetooth Mouse,1,39.56,39.56
2025-11-28 16:53:51,f99f0882-8525-4ac9-8563-0a70939d724d,Retail,Networking,Powerline Ethernet Adapter,2,49.47,98.94
2025-11-28 12:58:34,8072afad-9253-4222-959a-39ef20198ab4,Retail,Headsets,Surround Sound Headphones,1,121.44,121.44
2025-11-28 09:45:57,9899610c-d61c-428d-bd66-489e8bbd57a0,Web,Monitors,27-inch 4K IPS Monitor,1,437.77,437.77
2025-11-28 18:22:46,921e8ba5-2b0e-46dd-af50-4dd5b5334c2a,Retail,Mice,Trackball Mouse,1,84.79,84.79
2025-11-28 20:50:48,2f4c69b2-1595-40e6-ba2e-9383d6a02bb0,B2B,Mice,Precision Laser Mouse,1,87.9,87.9
2025-11-28 09:59:07,60ef59a1-eaea-49a4-917e-7e2aef7b7fb0,Retail,Monitors,27-inch 4K IPS Monitor,1,340.23,340.23
2025-11-28 15:06:35,47d5fd11-3737-4898-ae46-095753c552ef,B2B,Storage,512GB Portable SSD,3,67.72,203.16
2025-11-28 17:31:34,fbd78b21-39b0-47d6-8b9b-817d70db70ef,Retail,Keyboards,Mechanical Gaming Keyboard,2,128.21,256.42
2025-11-29 15:54:30,afbd6c82-6a1c-4dc8-83c0-92ddfb057c76,Web,Headsets,Noise-Cancelling Gaming Headset,1,131.26,131.26
2025-11-29 16:14:18,67378522-1ac7-4537-ab21-c2fa18ec4bd9,B2B,Storage,512GB Portable SSD,2,67.24,134.48
2025-11-29 14:26:30,d50b85b9-3604-4bbf-91cb-34250db3ac9e,B2B,Keyboards,Mechanical Gaming Keyboard,2,129.26,258.52
2025-11-29 15:42:54,9020acae-6db0-4273-9e10-6303aea32296,Retail,Mice,Wireless Bluetooth Mouse,1,39.58,39.58
2025-11-29 18:26:31,eb13de03-b180-4ee2-9973-9358f77c213f,Retail,Headsets,Wireless Bluetooth Headphones,1,104.2,104.2
2025-11-29 12:04:25,9941338e-daaa-4cc6-9a98-c38dfdb13fb5,B2B,Mice,Optical Gaming Mouse,2,53.9,107.8
2025-11-29 14:17:27,2b51004b-3ea8-4795-8442-fb4f90db4e98,B2B,Networking,Wireless Mesh Router System,1,249.12,249.12
2025-11-29 19:03:48,513acacd-d5e8-471b-8f72-5830d4a21784,B2B,Mice,Vertical Ergonomic Mouse,1,44.05,44.05
2025-11-29 11:21:13,aac67cb4-c4a0-4713-99ef-ff094f917daa,Web,Networking,Powerline Ethernet Adapter,1,63.94,63.94
2025-11-29 15:08:20,d40efdfd-5147-4271-96c5-f0a34449d5d4,Retail,Mice,Wireless Bluetooth Mouse,1,32.03,32.03
2025-11-29 19:02:36,71b5f17c-51e4-4bb1-9e1a-afc976ab19be,Web,Mice,Wireless Bluetooth Mouse,2,41.45,82.9
2025-11-29 14:38:50,df775729-b798-4bd4-88cb-2a00b7e13850,B2B,Headsets,Wireless Bluetooth Headphones,2,85.43,170.86
2025-11-29 09:04:58,521a54d8-883d-4cb9-9643-e1dc8b56b407,Web,Monitors,27-inch 4K IPS Monitor,2,408.55,817.1
2025-11-29 17:32:20,94cb4510-d1b2-4784-ac3c-dba76b567999,Retail,Mice,Optical Gaming Mouse,1,55.03,55.03
2025-11-29 19:19:46,ab733b65-6a70-4f2a-9104-0b6a7a18c37c,Web,Headsets,USB Conference Headset,1,50.11,50.11
2025-11-29 18:40:02,b4f271ba-5838-4643-8a22-698aeea99396,Retail,Headsets,In-Ear Gaming Earbuds,2,34.91,69.82
2025-11-29 10:36:33,12476386-028a-4149-8cf0-9abe159c2c15,B2B,Mice,Wireless Bluetooth Mouse,2,40.73,81.46
2025-11-29 09:22:18,5f878d1d-be41-4476-bca1-0940841fa3c2,B2B,Keyboards,Compact 60% Keyboard,1,74.71,74.71
2025-11-29 13:41:50,020c0dfc-21af-4619-837a-a0952aaa216f,Retail,Storage,1TB NVMe SSD,1,109.39,109.39
2025-11-29 09:12:48,c7650431-7f5f-4def-bed3-9bbefc387b83,Retail,Mice,Vertical Ergonomic Mouse,2,47.78,95.56
2025-11-29 13:10:42,ab89daf5-b472-4db2-abb6-498235bf0d7c,Web,Headsets,In-Ear Gaming Earbuds,1,37.02,37.02
2025-11-29 18:47:52,5572068f-36be-42f2-8dfa-a1c19979b79c,B2B,Monitors,27-inch 4K IPS Monitor,1,410.3,410.3
2025-11-29 11:15:35,62f878e0-cca2-4c88-9469-5f4295b73b0b,Retail,Headsets,In-Ear Gaming Earbuds,1,46.92,46.92
2025-11-29 15:02:40,59c79601-ae05-4db7-ade6-c14ec6c30942,Web,Mice,Precision Laser Mouse,1,69.04,69.04
2025-11-29 14:57:53,8b6b5621-f550-4a72-9b96-1880fb161b44,Web,Keyboards,Wireless Ergonomic Keyboard,1,91.07,91.07
2025-11-29 12:36:39,9c44e040-b10a-478a-9346-5dc64fc58241,Retail,Storage,128GB USB Flash Drive,1,19.35,19.35
2025-11-29 13:18:42,c361e3ca-9aa7-4f77-9813-374948ebc849,Web,Storage,1TB NVMe SSD,3,93.64,280.92
2025-11-29 20:48:36,67426b0e-f1f1-40b0-9881-9bcbf7084626,B2B,Monitors,15.6-inch Portable USB-C Monitor,1,200.91,200.91
2025-11-29 19:52:28,0e121929-7163-4b7e-8850-3e6638626131,Web,Storage,1TB NVMe SSD,1,62.99,62.99
2025-11-29 16:07:22,50b3b072-6ba4-4eff-83a4-fa1cff865ac2,B2B,Networking,USB Wi-Fi Adapter,2,29.23,58.46
2025-11-29 14:07:14,c0cfe524-85c0-418d-b620-d2b63c4bd3be,Web,Mice,Optical Gaming Mouse,2,52.13,104.26
2025-11-29 16:25:53,6246f7ca-020c-4429-bc6b-90674e398807,Web,Headsets,Wireless Bluetooth Headphones,1,106.97,106.97
2025-11-29 20:50:55,0ce86e96-884c-4d98-a24c-6ab239d8d6b6,B2B,Storage,128GB USB Flash Drive,1,22.8,22.8
2025-11-29 11:33:28,6eafde9e-51a9-4498-9969-5669d7a5ceb3,Retail,Mice,Wireless Bluetooth Mouse,2,41.19,82.38
2025-11-29 18:48:58,8a9c35c0-95be-442b-9e40-c0f939cc93df,B2B,Keyboards,Membrane Office Keyboard,1,30.19,30.19
2025-11-29 16:31:33,adacb098-7544-49ec-a2d1-34ccf21169f6,B2B,Headsets,Wireless Bluetooth Headphones,1,102.33,102.33
2025-11-29 11:17:48,db0dc40f-56ef-4877-8b06-99994236ea1b,B2B,Monitors,27-inch 4K IPS Monitor,2,310.48,620.96
2025-11-29 16:04:12,b705f16c-629c-46ef-aa28-19e00974dc38,Retail,Networking,Gigabit Ethernet Switch,1,56.33,56.33
2025-11-29 15:30:16,402337d4-c4f8-4f19-8a95-f13bc23458ff,Web,Storage,1TB NVMe SSD,1,91.85,91.85
2025-11-29 11:22:28,e3412b4e-17b7-4e97-bc28-43fb30eb9521,Retail,Storage,1TB NVMe SSD,1,103.95,103.95
2025-11-29 17:34:09,a1b8b829-e851-444a-aff4-2ec7a0a7ce34,Retail,Networking,Powerline Ethernet Adapter,2,41.99,83.98
2025-11-29 18:36:03,44a9d27a-9232-4042-a71c-ea07997cde18,B2B,Storage,1TB NVMe SSD,1,104.03,104.03
2025-11-29 10:52:07,f445d660-86bf-486b-bf31-eb1eac10b315,Retail,Mice,Wireless Bluetooth Mouse,1,41.77,41.77
2025-11-29 10:20:29,c25f1696-1f18-4926-83c5-922e9811ad12,B2B,Headsets,Noise-Cancelling Gaming Headset,1,155.76,155.76
2025-11-29 09:41:23,01ca37d7-3b9e-4e7f-a3f8-144bc09db413,Retail,Keyboards,Wireless Ergonomic Keyboard,1,98.41,98.41
2025-11-29 18:34:12,eef9a379-8f5a-4bfe-befb-1977281a481b,Web,Headsets,USB Conference Headset,1,41.89,41.89
2025-11-29 18:14:16,f6a3396e-34da-4a69-b781-aa607a3ae358,B2B,Headsets,Noise-Cancelling Gaming Headset,2,120.92,241.84
2025-11-29 15:03:15,3934b493-cbee-487f-92a0-df83fce8a022,Retail,Networking,Gigabit Ethernet Switch,1,41.22,41.22
2025-11-29 14:24:12,0ac4d389-1bcf-49d0-8d64-172beaa510fd,Web,Storage,1TB NVMe SSD,1,90.75,90.75
2025-11-29 14:08:17,69716575-e1e4-427c-8259-ec5e8b29d9b0,Retail,Storage,512GB Portable SSD,3,86.76,260.28
2025-11-29 14:46:30,68f2b38f-e47b-4a3a-b214-967d370b03d0,B2B,Storage,128GB USB Flash Drive,2,13.99,27.98
2025-11-29 12:51:10,e9754268-9951-41d5-82a6-8129745adbd1,B2B,Networking,USB Wi-Fi Adapter,1,26.94,26.94
2025-11-29 11:29:05,b9acb2c5-5b7e-4596-92de-84e0ccfd9fbe,B2B,Mice,Precision Laser Mouse,1,72.72,72.72
2025-11-29 20:32:58,88bd1534-076e-4a52-be7e-f3a81400bfd9,B2B,Monitors,24-inch 144Hz Gaming Monitor,2,157.24,314.48
2025-11-30 20:11:26,da56b24c-b92f-495f-ba25-ffbd1c9898aa,B2B,Headsets,Surround Sound Headphones,1,139.57,139.57
2025-11-30 12:58:07,e9936bd2-3698-4d5d-8157-8f441cf5dfcc,Web,Storage,512GB Portable SSD,2,66.06,132.12
2025-11-30 20:11:59,5d985009-a1c2-42cb-805c-4d2e86390eb0,Web,Networking,USB Wi-Fi Adapter,2,40.12,80.24
2025-11-30 20:00:55,b36bda84-3911-4f31-a326-8955ef3ebcdc,Retail,Networking,USB Wi-Fi Adapter,2,30.45,60.9
2025-11-30 20:06:58,9c4b568d-fdbe-43ff-8ae4-d25f0abb04b7,Retail,Headsets,USB Conference Headset,1,60.51,60.51
2025-11-30 13:04:53,5a5f88de-a325-4aa7-8d19-42cdea42c360,Web,Headsets,In-Ear Gaming Earbuds,1,51.7,51.7
2025-11-30 12:05:16,4558bd16-cd41-4186-93b1-aff8e8df4280,Web,Storage,512GB Portable SSD,1,54.92,54.92
2025-11-30 12:01:12,b839003f-0f42-4dd8-8980-44df07296c85,Web,Networking,Gigabit Ethernet Switch,1,44.08,44.08
2025-11-30 19:19:55,d6e12843-92b8-411a-ad2c-9e80a22f77a3,Retail,Monitors,34-inch Ultrawide Curved Monitor,2,521.83,1043.66
2025-11-30 18:52:48,e1b464fa-3b51-4eb1-8ee9-f86c86a4d09d,Retail,Headsets,In-Ear Gaming Earbuds,1,50.61,50.61
2025-11-30 17:37:45,cc8706c1-0843-4a82-bf34-bd7aa1235b10,Web,Headsets,Noise-Cancelling Gaming Headset,2,139.9,279.8
2025-11-30 11:49:47,6412c02f-89db-4599-a8c6-0d754a18403f,Web,Storage,512GB Portable SSD,1,48.99,48.99
2025-11-30 14:24:18,d3460e51-995c-4926-bbce-c7e1e996b19b,Web,Networking,USB Wi-Fi Adapter,1,26.74,26.74
2025-11-30 15:03:43,71ef731e-55eb-4063-ab32-00d9798bace4,B2B,Monitors,15.6-inch Portable USB-C Monitor,1,198.16,198.16
2025-11-30 14:34:28,a4a7b3c8-dfa0-452d-8b37-11fee434876b,B2B,Keyboards,Membrane Office Keyboard,1,30.38,30.38
2025-11-30 19:18:25,aecb288b-1bfd-43be-9341-c4188e8fd523,B2B,Headsets,Wireless Bluetooth Headphones,2,103.8,207.6
2025-11-30 12:01:54,fb662497-2d84-45af-aa7d-d84d0212c253,Retail,Headsets,In-Ear Gaming Earbuds,2,46.8,93.6
2025-11-30 16:10:47,06f05d8d-39c5-41f3-b7d3-d911c45a15cd,Web,Mice,Trackball Mouse,2,97.52,195.04
2025-11-30 15:19:38,e3caa097-3503-4f67-8492-f39f4fdc5a4e,Retail,Keyboards,Wireless Ergonomic Keyboard,1,83.64,83.64
2025-11-30 19:31:18,5102e058-010d-40d1-a361-fba902149275,B2B,Headsets,In-Ear Gaming Earbuds,2,41.81,83.62
2025-11-30 19:45:14,05fae123-27f6-41ba-aa4a-66ba4e196de7,B2B,Storage,128GB USB Flash Drive,2,17.22,34.44
2025-11-30 09:45:44,2d74c100-fb21-40e2-aeb3-bc6b03331707,Retail,Keyboards,RGB Backlit Keyboard,2,75.54,151.08
2025-11-30 11:33:17,5cdecfa8-a0ce-4a4e-95f1-6b78ca00d55d,Retail,Mice,Vertical Ergonomic Mouse,2,53.53,107.06
2025-11-30 09:34:40,09b689f9-3a9a-4668-b624-bb881e4fe0ba,B2B,Mice,Vertical Ergonomic Mouse,1,46.55,46.55
2025-11-30 18:22:04,2fa0a35e-dfd5-45e0-8cc6-30ca1064d84e,Web,Storage,2TB External HDD,1,84.94,84.94
2025-11-30 17:27:05,fa389cbb-f03b-4e56-aab4-9cbe61ff8dce,B2B,Keyboards,Mechanical Gaming Keyboard,1,126.13,126.13
2025-11-30 19:50:03,c25230df-bd21-42b6-8e79-471ef8561b60,Retail,Keyboards,Membrane Office Keyboard,1,30.75,30.75
2025-11-30 13:26:37,57377e93-b07b-4201-8829-ba239c919ca4,Web,Keyboards,Mechanical Gaming Keyboard,1,119.68,119.68
2025-11-30 17:53:40,4e9d1f15-f30c-4ddd-a694-25fb508918a4,B2B,Monitors,34-inch Ultrawide Curved Monitor,1,453.02,453.02
2025-11-30 11:57:19,d169a156-1fc4-4f4f-8a64-86bbdcb8293f,Web,Mice,Wireless Bluetooth Mouse,1,33.67,33.67
2025-12-01 12:49:33,60a36701-7e9a-4462-86cf-d79fdd702be6,Retail,Headsets,In-Ear Gaming Earbuds,1,39.64,39.64
2025-12-01 16:04:51,f9131b6c-16c3-4f79-8c0b-ed7be1882af5,Web,Keyboards,Wireless Ergonomic Keyboard,1,112.78,112.78
2025-12-01 11:39:33,26addee7-2e88-4d57-8067-7935bbb7e8f5,Web,Mice,Precision Laser Mouse,2,87.08,174.16
2025-12-01 20:01:53,b65f549c-271a-4658-bfa8-71c10235d9eb,Retail,Headsets,Noise-Cancelling Gaming Headset,2,118.45,236.9
2025-12-01 17:21:14,52967e53-9dc9-4b0b-8502-b31316866433,B2B,Networking,USB Wi-Fi Adapter,2,37.33,74.66
2025-12-01 13:29:36,f88c1a98-fbfa-4bce-b618-0f7bb9f10880,Retail,Storage,2TB External HDD,2,94.14,188.28
2025-12-01 11:36:58,8e5e017a-6f72-4e6c-b670-f4cdcee93433,B2B,Storage,512GB Portable SSD,1,70.39,70.39
2025-12-01 09:52:50,ddb31114-b648-4447-b008-c0e60ee7f622,B2B,Keyboards,Membrane Office Keyboard,1,26.87,26.87
2025-12-01 10:22:50,190943a6-6667-49d7-a431-7c379fc47007,Web,Monitors,24-inch 144Hz Gaming Monitor,1,258.34,258.34
2025-12-01 11:07:54,c977d16b-f8c6-44a6-b752-436da88daaba,Retail,Headsets,Noise-Cancelling Gaming Headset,1,99.0,99.0
2025-12-01 10:52:10,106dba3e-b953-4b75-b460-1e5cc2aedd1d,Retail,Headsets,Noise-Cancelling Gaming Headset,2,154.26,308.52
2025-12-01 09:30:47,375406fe-5a6b-4d49-a312-5462f2569765,B2B,Mice,Optical Gaming Mouse,2,55.72,111.44
2025-12-01 18:04:14,d1d48dd0-5588-4f17-a5c9-05bfcb9e0a9c,Retail,Networking,Wireless Mesh Router System,2,252.37,504.74
2025-12-01 11:23:02,03084c1d-cb74-44d8-8e1b-2e7af5c15744,Web,Storage,2TB External HDD,1,107.99,107.99
2025-12-01 11:50:15,3ebf1a26-bde1-48d5-9c45-5739fc0f501d,B2B,Headsets,In-Ear Gaming Earbuds,1,36.65,36.65
2025-12-01 19:53:14,ff93c0f3-0509-4695-a490-8e2dac85ed20,Retail,Headsets,Wireless Bluetooth Headphones,1,124.25,124.25
2025-12-01 12:38:37,236e0f32-bfcc-4de9-aa51-b63cba3acc49,Web,Monitors,27-inch 4K IPS Monitor,1,297.9,297.9
2025-12-01 17:01:12,3b18529d-6397-4a70-a579-e8aaaa7603a2,Web,Mice,Optical Gaming Mouse,1,56.42,56.42
2025-12-01 10:18:35,bec56b98-7944-401c-8edf-35501c80edec,Web,Headsets,Noise-Cancelling Gaming Headset,1,115.3,115.3
2025-12-01 14:51:01,92a9c16e-5a95-49bf-8bde-6cd7e119e302,Web,Mice,Vertical Ergonomic Mouse,1,48.65,48.65
2025-12-01 19:32:54,20c802c3-b612-4546-984d-45ead396a291,Web,Headsets,USB Conference Headset,1,56.84,56.84
2025-12-01 17:08:58,dd91a460-7bc0-4f01-bbb3-1cc85c62fc16,Retail,Mice,Optical Gaming Mouse,3,61.5,184.5
2025-12-01 09:30:16,30189bb8-392c-4014-ae2f-8860fdce9d36,Retail,Mice,Wireless Bluetooth Mouse,1,42.4,42.4
2025-12-01 10:31:16,9738fd9a-524c-45f0-a7f9-8b46616d0e96,Web,Storage,128GB USB Flash Drive,2,20.95,41.9
2025-12-01 14:25:33,f2732444-2646-439e-a92b-796a73cb3570,B2B,Monitors,15.6-inch Portable USB-C Monitor,1,211.76,211.76
2025-12-01 14:43:59,cee1f140-35a7-46a5-a092-f0a97ca69f02,Web,Headsets,USB Conference Headset,1,45.01,45.01
2025-12-01 13:38:24,30b95c9a-cc67-4298-9acb-dc90ffb7aef5,Web,Mice,Trackball Mouse,1,76.99,76.99
2025-12-01 13:54:56,cc1a7264-9831-4793-ab46-31ec418bc317,Retail,Storage,512GB Portable SSD,3,72.86,218.58
2025-12-01 10:34:00,f8b3cdea-f3f0-47c3-ae76-40db7f8406d4,B2B,Keyboards,Membrane Office Keyboard,1,27.1,27.1
2025-12-01 11:50:34,25a4cd59-2148-44cb-80fb-1d0697f7aa42,B2B,Monitors,15.6-inch Portable USB-C Monitor,1,179.87,179.87
2025-12-02 16:23:08,85f1b9d7-2512-43d5-85b6-88122154fb4b,Retail,Storage,1TB NVMe SSD,1,91.71,91.71
2025-12-02 17:59:03,1888467b-ab40-4171-8b55-395aba91c10e,B2B,Mice,Optical Gaming Mouse,2,56.26,112.52
2025-12-02 14:09:16,5b429cf7-ee9d-4370-9aa9-551ece2c68e6,B2B,Storage,128GB USB Flash Drive,2,20.28,40.56
2025-12-02 16:24:56,88499812-0855-4c5a-b395-98ecd10416cc,B2B,Mice,Optical Gaming Mouse,1,61.71,61.71
2025-12-02 09:13:39,509a767c-1038-43a4-9679-ed55083a00db,Retail,Storage,2TB External HDD,2,96.4,192.8
2025-12-02 20:44:56,892ab1bb-df72-42c1-9e08-4d12cddfb0f5,Web,Storage,128GB USB Flash Drive,1,18.56,18.56
2025-12-02 17:53:29,69986a0d-102f-4bff-bab1-ae70510c738d,Retail,Networking,Wireless Mesh Router System,1,276.03,276.03
2025-12-02 09:05:05,00e6119e-9973-42fe-8ee0-f6a462e15101,B2B,Mice,Optical Gaming Mouse,1,51.41,51.41
2025-12-02 20:31:12,58716474-2025-4512-b3a0-8724ca67e49b,B2B,Monitors,15.6-inch Portable USB-C Monitor,1,187.42,187.42
2025-12-02 16:02:17,80122e3e-9534-47ed-9938-47f1747fb646,B2B,Storage,2TB External HDD,2,75.64,151.28
2025-12-02 13:23:52,c801ddfc-4226-4fae-8cf7-d0ab65283f80,Retail,Storage,512GB Portable SSD,1,71.14,71.14
2025-12-02 12:39:24,a56443c5-52ca-4f4d-a203-d28af2ba74e0,Web,Keyboards,RGB Backlit Keyboard,1,81.1,81.1
2025-12-02 14:30:13,1da04769-c604-40a6-9d2e-436d7b260711,Retail,Networking,Gigabit Ethernet Switch,1,42.47,42.47
2025-12-02 20:37:06,511ec61a-499a-465e-8e2d-eab9d4b4cdaa,B2B,Networking,Gigabit Ethernet Switch,1,67.49,67.49
2025-12-02 20:43:31,fd6269c4-0bb3-45c0-9482-c95abd0901e8,Retail,Networking,USB Wi-Fi Adapter,1,31.37,31.37
2025-12-02 19:17:56,65e91b14-f344-4194-bbe5-d210c051988a,Retail,Mice,Optical Gaming Mouse,1,67.24,67.24
2025-12-02 17:42:50,adf78c2a-f1d7-49fd-851a-00f6d019f3ae,B2B,Headsets,USB Conference Headset,1,34.99,34.99
2025-12-02 10:43:46,75025cd7-89b8-4397-8b09-9d478ddca7c9,B2B,Headsets,Noise-Cancelling Gaming Headset,1,103.75,103.75
2025-12-02 11:14:26,5e05957b-f10c-450e-99cf-0e608fbb1ee8,Web,Mice,Optical Gaming Mouse,2,67.72,135.44
2025-12-02 14:28:35,703493a2-8cde-409b-aca3-5822510d7997,Retail,Networking,Gigabit Ethernet Switch,1,67.49,67.49
2025-12-02 15:20:51,f924d6c7-cf8b-4dd7-9883-6c5b79f06543,Web,Headsets,Wireless Bluetooth Headphones,1,81.43,81.43
2025-12-02 10:35:09,69e57fde-8d43-4225-995f-77e106963172,B2B,Storage,128GB USB Flash Drive,1,14.86,14.86
2025-12-02 19:54:34,4b15507e-07b1-4a18-b9b5-3b56e8b28071,B2B,Headsets,USB Conference Headset,2,50.6,101.2
2025-12-02 18:43:37,a6f2ea52-5865-438e-ab70-db2e8b02352f,Retail,Keyboards,Wireless Ergonomic Keyboard,2,84.58,169.16
2025-12-02 20:22:43,f8774dd8-9920-439a-b8f2-68475b2ea1e4,Retail,Networking,Powerline Ethernet Adapter,1,58.96,58.96
2025-12-02 12:29:45,a395b1ea-9d55-43e8-ab4e-1e99c107e128,B2B,Mice,Optical Gaming Mouse,1,65.42,65.42
2025-12-02 17:20:23,54f2449c-9872-4375-ada2-3a75319d95e7,Retail,Headsets,In-Ear Gaming Earbuds,2,37.2,74.4
2025-12-02 10:27:48,bc79d116-2c64-465a-9950-d90ebcb85658,Retail,Monitors,34-inch Ultrawide Curved Monitor,1,461.4,461.4
2025-12-03 14:26:02,e3b70fe3-28f5-4384-aca5-615f06b517f5,Web,Keyboards,Compact 60% Keyboard,2,48.99,97.98
2025-12-03 09:28:49,013e1e23-b9f0-46b8-bd59-5eefb131438b,Retail,Networking,Powerline Ethernet Adapter,2,74.74,149.48
2025-12-03 15:33:47,81e139df-9d33-486f-ac1e-08ecb4e8ec8a,B2B,Keyboards,Membrane Office Keyboard,1,27.63,27.63
2025-12-03 13:09:29,22a71401-734a-452a-b42c-23be4da54552,B2B,Networking,Gigabit Ethernet Switch,1,42.38,42.38
2025-12-03 18:45:31,0e0d8a30-c6c1-4d90-9697-12b66fa8c44e,B2B,Headsets,In-Ear Gaming Earbuds,1,45.38,45.38
2025-12-03 19:58:38,287ee478-8ba7-4e7d-81dd-1238401bb6f0,Web,Headsets,Wireless Bluetooth Headphones,1,91.16,91.16
2025-12-03 15:40:52,d78eab93-09e4-4502-86e9-da6b0dfda8f5,Retail,Storage,4TB Desktop HDD,1,83.99,83.99
2025-12-03 17:44:42,de8d3e7f-1f13-43da-abfa-8d7c8cba0889,Web,Networking,USB Wi-Fi Adapter,1,29.36,29.36
2025-12-03 16:58:04,8cbd126c-2b22-4e09-b8cd-d5bddb1bdf6d,B2B,Networking,Gigabit Ethernet Switch,1,66.3,66.3
2025-12-03 11:22:41,893ee4e0-8dab-46c3-a1d1-5c0000e861c8,Web,Storage,1TB NVMe SSD,1,85.95,85.95
2025-12-03 16:29:07,f684d987-1248-47f2-b48c-c4081aca5b18,Web,Headsets,In-Ear Gaming Earbuds,1,49.93,49.93
2025-12-03 16:18:59,df825a98-ae70-4ceb-955b-92b8ae347675,Web,Mice,Optical Gaming Mouse,2,60.17,120.34
2025-12-03 11:22:24,b73bd35f-00da-4b9c-9a4e-dfdbfea83548,Web,Networking,USB Wi-Fi Adapter,2,39.33,78.66
2025-12-03 15:43:25,616dd25d-bc2d-4531-a14b-b3076528b661,Retail,Storage,128GB USB Flash Drive,1,25.91,25.91
2025-12-03 09:28:07,397c70bf-0e48-4c6a-8ba0-6cf525f6b642,Retail,Networking,Powerline Ethernet Adapter,1,55.06,55.06
2025-12-03 10:28:27,4f00811a-db10-4d82-a625-9ebb0c6ccae0,Retail,Mice,Optical Gaming Mouse,2,45.28,90.56
2025-12-03 13:11:44,18e97d51-816e-4510-879e-d7223b87cd67,B2B,Headsets,Wireless Bluetooth Headphones,1,119.81,119.81
2025-12-03 12:32:35,116e9cbb-b710-4dfd-84de-c085ddc0d536,Retail,Monitors,24-inch 144Hz Gaming Monitor,1,189.52,189.52
2025-12-04 11:54:56,85ab50cc-cb73-4b9a-a073-fb7939b29471,Web,Headsets,Noise-Cancelling Gaming Headset,1,103.21,103.21
2025-12-04 15:40:14,5abd8768-11d0-4a35-b2b0-14aa3aaed600,Retail,Headsets,In-Ear Gaming Earbuds,1,53.99,53.99
2025-12-04 15:17:56,0903c916-55cc-4fef-b923-ad868007cf5e,Retail,Headsets,Wireless Bluetooth Headphones,1,106.79,106.79
2025-12-04 16:57:32,b4d1d2f6-4865-47bb-a7de-ac615488c69b,B2B,Keyboards,Membrane Office Keyboard,2,25.62,51.24
2025-12-04 12:27:39,941201f3-7e39-48d9-a3c6-c9e69095eac7,B2B,Keyboards,Mechanical Gaming Keyboard,1,118.57,118.57
2025-12-04 14:02:42,14c9c43a-0c9b-4e4a-a5b9-a452d64272af,Retail,Storage,128GB USB Flash Drive,1,26.43,26.43
2025-12-04 09:44:39,fc602a7a-0498-4191-8f74-e5198496754d,Retail,Storage,4TB Desktop HDD,2,139.33,278.66
2025-12-04 09:52:52,05e013b7-cfbe-4aa3-a242-47802422d206,Retail,Storage,1TB NVMe SSD,1,111.26,111.26
2025-12-04 14:18:41,35476116-0342-42ab-8fdd-0f5bd34ed0e3,Web,Keyboards,Mechanical Gaming Keyboard,1,133.78,133.78
2025-12-04 19:07:44,393d6cba-8fcd-4d48-a1e4-09fb423ab2fe,B2B,Storage,4TB Desktop HDD,2,130.52,261.04
2025-12-04 20:10:32,c3b4fc41-2fa8-483e-819c-f406fdfbeee4,Web,Storage,2TB External HDD,1,63.25,63.25
2025-12-04 12:33:02,abb00001-5b0a-446f-aeec-904f394b2a11,Retail,Networking,USB Wi-Fi Adapter,2,39.4,78.8
2025-12-04 10:14:24,b1e0b694-ae74-4938-b175-f55dc72ccf41,Retail,Storage,512GB Portable SSD,1,83.11,83.11
2025-12-04 13:22:21,74bd5c00-b483-4f40-a88d-7e82cc3a2ed1,Web,Storage,128GB USB Flash Drive,1,17.31,17.31
2025-12-04 09:28:00,17d7f3c7-de2c-4537-89f3-aa061a5b5771,Retail,Networking,Powerline Ethernet Adapter,1,61.54,61.54
2025-12-04 11:39:23,952f1005-82f2-4a3c-8f15-7043f683faa2,Retail,Keyboards,Mechanical Gaming Keyboard,1,129.77,129.77
2025-12-04 13:18:05,a217c5e4-4746-424e-ae51-9b3a51e19ad6,Web,Keyboards,Compact 60% Keyboard,1,63.89,63.89
2025-12-04 20:34:37,d96be4e8-a5e0-4f37-bf4c-8e95ff1b7ed8,Web,Headsets,Noise-Cancelling Gaming Headset,1,98.88,98.88
2025-12-04 14:35:25,68d0f59f-6722-43e0-8099-145200a78f4a,Retail,Monitors,27-inch 4K IPS Monitor,1,335.46,335.46
2025-12-05 18:55:48,cc26f45f-e53c-47ec-a4f9-a1439f91f6cb,Retail,Headsets,Wireless Bluetooth Headphones,2,85.34,170.68
2025-12-05 17:16:37,0d170882-4ad8-4f85-be45-dbe517595aaf,Web,Mice,Vertical Ergonomic Mouse,1,45.37,45.37
2025-12-05 12:17:48,fd3d9f05-9a2a-49c0-bb76-a78d68d6b145,Retail,Storage,4TB Desktop HDD,2,161.99,323.98
2025-12-05 15:44:10,4278b71d-3d44-4b28-be6b-a43ede38990b,Retail,Keyboards,RGB Backlit Keyboard,1,92.82,92.82
2025-12-05 10:25:17,a062fce2-3da2-436b-acd7-fb1cc4acf401,Web,Monitors,15.6-inch Portable USB-C Monitor,1,230.2,230.2
2025-12-05 15:49:21,5173216b-df84-4f1c-a16b-94aff31544f5,Web,Mice,Optical Gaming Mouse,2,53.18,106.36
2025-12-05 13:57:56,8e885125-fd77-4f30-8c99-f70c43121280,Web,Storage,512GB Portable SSD,1,70.82,70.82
2025-12-05 13:33:44,666f7c56-a50d-4ca4-9798-4648aa670f20,B2B,Keyboards,RGB Backlit Keyboard,1,79.9,79.9
2025-12-05 10:39:35,e703d72f-8d1d-4c92-9f6f-7c39e97de6a9,Web,Headsets,Surround Sound Headphones,1,101.31,101.31
2025-12-05 19:16:15,362b8b45-143a-48fe-8a25-ab4896f73782,Retail,Headsets,Wireless Bluetooth Headphones,1,89.43,89.43
2025-12-05 19:46:52,12824973-9017-4f2c-8c1b-7ea94b1311b9,Web,Storage,2TB External HDD,1,66.18,66.18
2025-12-05 18:15:00,9cdb9e6c-3d38-46a6-83d1-f5f5faea907d,B2B,Storage,1TB NVMe SSD,1,88.32,88.32
2025-12-05 17:51:37,b940a115-2927-4458-b9ce-f7286094864a,Web,Monitors,34-inch Ultrawide Curved Monitor,1,363.83,363.83
2025-12-05 09:34:07,4818cd61-b89a-4860-b63a-aeb76d691e01,Web,Mice,Optical Gaming Mouse,2,41.99,83.98
2025-12-05 09:21:02,94f7a116-5ce4-484d-a2ec-708b5fb94235,B2B,Headsets,In-Ear Gaming Earbuds,2,39.6,79.2
2025-12-05 15:45:14,52fe4225-5922-4c07-8feb-18379c7e3ab3,B2B,Mice,Vertical Ergonomic Mouse,1,47.51,47.51
2025-12-06 15:01:56,6d77b410-8246-433a-a17b-81093d1a9e71,B2B,Keyboards,Compact 60% Keyboard,2,65.83,131.66
2025-12-06 13:57:27,8ae73f6d-1a58-499a-9a6f-7c6f2c11063d,Retail,Networking,USB Wi-Fi Adapter,1,31.82,31.82
2025-12-06 20:43:46,7cf32598-2e72-447d-b326-dc7b379f4ac4,B2B,Storage,1TB NVMe SSD,1,95.82,95.82
2025-12-06 11:03:29,bb959b21-5cff-4886-ae42-d94c923096c5,Retail,Storage,128GB USB Flash Drive,1,20.64,20.64
2025-12-06 20:46:20,2d790ba5-a3cc-43c9-9175-82756ba7222f,Web,Monitors,27-inch 4K IPS Monitor,1,304.1,304.1
2025-12-06 18:09:00,71c3643e-fb10-4a75-8541-bd73fa386147,Web,Mice,Optical Gaming Mouse,1,50.51,50.51
2025-12-06 19:22:31,ac6f5bed-0a2f-4f2b-8ce6-b9d094c3d7aa,Web,Storage,1TB NVMe SSD,1,96.38,96.38
2025-12-06 16:54:55,a9641db6-63fb-414e-8298-25d673474375,B2B,Networking,Gigabit Ethernet Switch,2,67.49,134.98
2025-12-06 18:22:54,ee3b3e63-871b-45b2-b9e1-5c8763a665aa,Web,Keyboards,Wireless Ergonomic Keyboard,1,94.76,94.76
2025-12-06 18:43:48,a14cef3e-7fd0-409f-8597-2b8b0331d7a2,B2B,Mice,Trackball Mouse,2,91.47,182.94
2025-12-06 20:45:59,548c84e9-d585-4747-9410-1f4f78e2782c,Retail,Headsets,In-Ear Gaming Earbuds,2,41.69,83.38
2025-12-06 11:49:08,4d0641bd-218d-4ede-81ab-e97ea95318a1,Web,Storage,128GB USB Flash Drive,1,19.13,19.13
2025-12-06 17:58:31,82c08f48-1f96-4cfd-8a6f-286683335e72,Web,Mice,Precision Laser Mouse,1,89.17,89.17
2025-12-06 12:42:55,c0fe48d8-3f55-494b-a652-5e5062c267d9,Retail,Headsets,In-Ear Gaming Earbuds,1,36.97,36.97
2025-12-06 17:47:00,99105cde-787c-48c8-baab-3748ce7d8b24,B2B,Storage,1TB NVMe SSD,2,103.61,207.22
2025-12-06 09:33:14,096e0cff-2b67-4af2-b1ee-f6f66ab759fd,B2B,Mice,Precision Laser Mouse,1,80.85,80.85
2025-12-06 17:33:22,bdb321f0-c8fa-4afe-a09d-2b341bc01d2e,B2B,Headsets,In-Ear Gaming Earbuds,2,47.72,95.44
2025-12-06 11:00:27,679de8bc-dc02-4e82-9a2b-82c84990b3c9,Retail,Monitors,34-inch Ultrawide Curved Monitor,1,525.54,525.54
2025-12-06 18:26:51,e1afefb7-5dff-4e29-9c80-c8f8cf40e730,Retail,Keyboards,Compact 60% Keyboard,1,79.06,79.06
2025-12-06 11:08:15,98bf519e-9f54-41f7-b489-6469287abe8e,Web,Headsets,Noise-Cancelling Gaming Headset,2,127.54,255.08
2025-12-06 13:07:34,da96cb12-2ccf-4d2c-ae03-b74642a4bf57,B2B,Keyboards,Membrane Office Keyboard,1,34.04,34.04
2025-12-06 14:21:40,c91be566-d85e-4385-886b-8b2583c5971c,B2B,Networking,Powerline Ethernet Adapter,1,60.55,60.55
2025-12-06 11:57:32,ca0bccb1-9085-477e-9fcb-abdf003a93c9,Retail,Keyboards,Mechanical Gaming Keyboard,1,126.19,126.19
2025-12-06 19:01:26,18735b04-d63a-41f7-8b1c-51a9dbd8ab2a,Retail,Keyboards,Compact 60% Keyboard,1,74.58,74.58
2025-12-06 15:42:48,e61a70b0-a454-4d9b-89e8-b50fd916cf42,Retail,Headsets,In-Ear Gaming Earbuds,1,38.07,38.07
2025-12-06 14:42:13,0b422213-7438-41da-b07d-cb937519401e,B2B,Mice,Wireless Bluetooth Mouse,2,51.81,103.62
2025-12-06 11:15:47,bd7c27b5-1a10-4f41-8b09-34928906096c,B2B,Storage,1TB NVMe SSD,1,100.97,100.97
2025-12-06 15:29:54,479e9d4b-bb01-4b1e-9f89-54a675ad5c00,Web,Headsets,In-Ear Gaming Earbuds,1,32.86,32.86
2025-12-06 20:16:30,26bb0bef-218e-441f-b9bd-218ea8405b21,B2B,Headsets,Wireless Bluetooth Headphones,1,108.14,108.14
2025-12-07 17:16:15,8dfd7595-0800-4ef9-a880-051bf878b264,B2B,Storage,2TB External HDD,3,92.98,278.94
2025-12-07 16:45:30,873adea8-80e4-49fb-9a17-05fb5c2bed7f,Retail,Storage,512GB Portable SSD,1,77.66,77.66
2025-12-07 20:59:18,0131d868-ccb2-4ce6-8857-f264477c1008,Retail,Keyboards,Compact 60% Keyboard,2,72.07,144.14
2025-12-07 11:16:08,2bbd8ce4-8c58-4075-aea6-dd72989e5125,Retail,Mice,Vertical Ergonomic Mouse,1,60.93,60.93
2025-12-07 16:29:16,e091e761-42f1-4159-a10d-67c4e830e8a4,B2B,Mice,Vertical Ergonomic Mouse,2,61.32,122.64
2025-12-07 17:56:22,5967828a-5950-49bd-b8eb-70cc5fe32ff6,Web,Keyboards,Membrane Office Keyboard,1,35.6,35.6
2025-12-07 13:33:19,9857c741-5c91-4b79-b14b-5bfea9acf36d,Web,Headsets,Noise-Cancelling Gaming Headset,2,103.98,207.96
2025-12-07 18:52:25,8e41df4e-9aee-4b3f-a981-b280bb4d1c3d,B2B,Storage,1TB NVMe SSD,1,102.76,102.76
2025-12-07 13:11:51,3f982746-bfb8-483a-87a5-302079626b4a,B2B,Storage,512GB Portable SSD,1,61.04,61.04
2025-12-07 20:56:37,58e717b2-59e8-4308-bae9-519dc403cb92,Web,Storage,512GB Portable SSD,1,85.97,85.97
2025-12-07 18:19:28,6b603c49-0e06-4119-8a4c-ecd09fa508be,Web,Storage,2TB External HDD,1,101.55,101.55
2025-12-07 19:37:11,4100b8ad-6af1-45f5-b864-3c649aea8301,Web,Headsets,Surround Sound Headphones,2,128.86,257.72
2025-12-07 19:03:09,8e7f8464-01cc-4c60-9c16-96d44904d16a,Retail,Networking,Powerline Ethernet Adapter,1,70.91,70.91
2025-12-07 19:45:41,155f4cde-ea34-4053-83f1-4292efd579d9,Retail,Headsets,Wireless Bluetooth Headphones,1,107.63,107.63
2025-12-07 16:41:28,035aa586-ad17-4660-a615-5bc6fdc34942,Web,Headsets,Surround Sound Headphones,1,141.76,141.76
2025-12-07 15:13:45,6d2de27b-2818-47f0-9af0-e8f0a149ffae,Web,Headsets,Noise-Cancelling Gaming Headset,1,98.34,98.34
2025-12-07 18:20:39,5ad7ba8f-bcd7-42f9-a9d9-6dbe7f8123b5,B2B,Storage,1TB NVMe SSD,2,116.55,233.1
2025-12-07 10:45:35,50a4275d-6ca2-4732-94a9-ce96eeb8fbba,Retail,Mice,Vertical Ergonomic Mouse,1,66.07,66.07
2025-12-08 10:39:17,e8458da3-1b7e-4e6d-a410-ca3b17119bcb,Retail,Headsets,Wireless Bluetooth Headphones,1,86.57,86.57
2025-12-08 12:32:58,62785cda-885e-43c4-a926-9c360e602708,Retail,Storage,512GB Portable SSD,1,75.67,75.67
2025-12-08 18:39:56,4b59d5a7-e819-4272-936f-85c51deeadae,Retail,Headsets,USB Conference Headset,1,47.34,47.34
2025-12-08 19:09:51,f17a89c2-a553-4dd5-b48b-ce80cb0c6470,Web,Storage,4TB Desktop HDD,2,95.46,190.92
2025-12-08 19:07:01,c3b65233-3049-4653-8731-12f4597f7eb5,Web,Storage,512GB Portable SSD,1,77.27,77.27
2025-12-08 18:03:25,497037fa-af27-4c90-a1d4-774d21a4f6e1,Web,Keyboards,Membrane Office Keyboard,1,23.21,23.21
2025-12-08 14:37:21,e846d7d0-8cf9-49cb-9369-12e6e2fd2ca0,B2B,Keyboards,RGB Backlit Keyboard,1,80.89,80.89
2025-12-08 15:28:06,a13912a4-e393-4a29-a44f-3425715e9799,B2B,Monitors,24-inch 144Hz Gaming Monitor,2,168.5,337.0
2025-12-08 09:42:32,6e8c07ad-f909-425c-9064-1989774e4343,B2B,Keyboards,Mechanical Gaming Keyboard,1,146.77,146.77
2025-12-08 16:57:11,a2ded923-0589-4358-a4f0-616c2e59f977,B2B,Mice,Wireless Bluetooth Mouse,2,36.45,72.9
2025-12-08 19:18:56,3a62afb7-6ef7-4a0d-a74b-aabdacd6997f,B2B,Networking,Network Attached Storage (NAS),1,341.63,341.63
2025-12-08 19:08:39,fddc3c32-cd2d-4472-b816-85037eded8b9,B2B,Mice,Wireless Bluetooth Mouse,3,44.57,133.71
2025-12-08 14:07:29,a110f3e6-6199-4896-b754-991b8137b705,Retail,Keyboards,Compact 60% Keyboard,2,66.89,133.78
2025-12-08 12:55:58,0dc96d8e-aa57-49fa-b45c-b4ea6b37c701,Web,Mice,Optical Gaming Mouse,2,65.48,130.96
2025-12-08 16:23:43,bcf244f2-3633-444f-a71f-5e1c15f88ba3,Retail,Headsets,Wireless Bluetooth Headphones,1,107.52,107.52
2025-12-08 11:24:51,f99dac9f-fd2a-4f86-805b-8d56721908b7,Retail,Storage,128GB USB Flash Drive,1,26.99,26.99
2025-12-09 16:04:40,8f2e7f80-4350-4b58-a99d-e3a67078fc32,B2B,Networking,Gigabit Ethernet Switch,2,42.72,85.44
2025-12-09 17:01:50,05056bb3-2123-4080-b95c-23adf9e49516,B2B,Headsets,Noise-Cancelling Gaming Headset,1,103.03,103.03
2025-12-09 13:25:25,6395f27d-1b38-4cdf-80a0-9ba565daabd7,Retail,Networking,Wireless Mesh Router System,1,217.39,217.39
2025-12-09 16:53:42,0fac70ad-326a-4d43-b499-bac99a8fe979,Web,Mice,Wireless Bluetooth Mouse,1,39.99,39.99
2025-12-09 11:18:49,9ae639dd-93d3-4e39-9ad8-6504110848c1,Retail,Mice,Optical Gaming Mouse,1,48.9,48.9
2025-12-09 12:50:47,48f6e74b-26cf-4b61-bc9e-89297d8f61bd,Web,Keyboards,Wireless Ergonomic Keyboard,1,99.01,99.01
2025-12-09 18:23:45,15b98fee-0718-4739-a3d7-6c67f0a98172,Retail,Keyboards,Compact 60% Keyboard,1,91.81,91.81
2025-12-09 16:46:47,28ffa029-915c-45a6-af47-0c13a2915ce4,Retail,Networking,Wireless Mesh Router System,2,242.63,485.26
2025-12-09 17:48:05,28c28ebb-0fd4-49c4-90f7-6057d2c2c742,B2B,Storage,2TB External HDD,1,66.49,66.49
2025-12-09 12:41:38,558de038-126c-4b22-a648-1cc28a54fd81,Retail,Mice,Wireless Bluetooth Mouse,1,37.99,37.99
2025-12-09 10:11:43,7febdb1c-6750-4115-839c-2587a3cdb522,Retail,Mice,Precision Laser Mouse,1,50.26,50.26
2025-12-09 18:13:42,74c2bd8a-fca1-45f4-b011-eefc1bedde2e,Web,Mice,Trackball Mouse,2,93.74,187.48
2025-12-09 16:21:25,83932e5b-6526-4b55-9c8f-bf1d0fefa615,Retail,Storage,1TB NVMe SSD,2,121.49,242.98
2025-12-09 09:37:20,73b53c2e-6287-40ae-bec3-666142218506,B2B,Keyboards,Wireless Ergonomic Keyboard,1,62.99,62.99
2025-12-10 09:22:43,c38c93f7-110e-4e2a-82f4-c9330311562e,Retail,Keyboards,Wireless Ergonomic Keyboard,2,65.8,131.6
2025-12-10 20:54:41,e808b7a0-cbcc-4b96-b94e-786740d77fbd,Retail,Keyboards,Wireless Ergonomic Keyboard,1,88.4,88.4
2025-12-10 17:06:05,6e6ab06e-5c42-40f2-9759-bd41aa09f0e8,B2B,Keyboards,Membrane Office Keyboard,1,35.47,35.47
2025-12-10 20:46:30,d017ffc6-0f45-49ec-a7c0-3b7707c35a37,B2B,Storage,2TB External HDD,1,64.8,64.8
2025-12-10 14:59:10,718825e5-8e7e-4e72-8baa-1b10ba6d2007,B2B,Headsets,Wireless Bluetooth Headphones,1,101.94,101.94
2025-12-10 18:47:34,b2def54c-a3d1-4151-87cd-703722c75866,Retail,Mice,Trackball Mouse,2,63.92,127.84
2025-12-10 14:19:33,3a863d0e-ea06-41e7-90d7-ee55d44a5fa3,B2B,Monitors,27-inch 4K IPS Monitor,1,244.99,244.99
2025-12-10 20:37:58,08cbdcc1-62e9-401e-b868-b075c4a891e5,B2B,Monitors,27-inch 4K IPS Monitor,1,378.21,378.21
2025-12-10 10:20:18,70ef4371-d210-461c-adf2-681512ffe1f5,Web,Storage,1TB NVMe SSD,1,111.89,111.89
2025-12-10 18:15:13,9c2d3fd6-e437-4742-9ec1-32bea4f148dc,Web,Storage,512GB Portable SSD,2,71.03,142.06
2025-12-10 17:36:12,38b1d6ce-37c1-4ef0-ab90-e53b8ebe86bf,Retail,Headsets,Wireless Bluetooth Headphones,1,106.29,106.29
2025-12-10 17:54:34,1342ff34-a958-4da7-9b6c-2ad861ab0a6d,Retail,Mice,Wireless Bluetooth Mouse,2,45.04,90.08
2025-12-10 11:47:38,c1846c71-a8a9-45a7-b78e-fadc7f6ab029,B2B,Networking,Powerline Ethernet Adapter,1,54.68,54.68
2025-12-10 10:46:37,6de3243d-2986-4ef2-acf3-5d3be5c4e720,Retail,Mice,Vertical Ergonomic Mouse,1,39.01,39.01
2025-12-10 19:58:23,098c1f1f-7b5d-4c53-b0ea-6c4414c3688b,B2B,Mice,Vertical Ergonomic Mouse,2,38.75,77.5
2025-12-10 20:34:20,bc6387bd-da6e-43a6-974f-12fda5b403b0,B2B,Headsets,In-Ear Gaming Earbuds,2,50.65,101.3
2025-12-10 15:12:00,625cd0de-f45f-44eb-a628-66bab3157f9b,Web,Storage,512GB Portable SSD,1,75.11,75.11
2025-12-10 12:51:15,fc56df13-de7d-4ce5-904d-3dab9ff9f640,Web,Mice,Vertical Ergonomic Mouse,1,46.34,46.34
2025-12-10 18:31:06,21d8679d-33b9-4944-9ee9-62a4cb94ef74,Web,Mice,Precision Laser Mouse,1,63.97,63.97
2025-12-10 11:26:33,fe49c9cc-14ae-4200-ba4d-f87455c51c27,B2B,Monitors,15.6-inch Portable USB-C Monitor,1,159.58,159.58
2025-12-10 15:17:43,6b7cb77e-c751-4759-a0fb-89c8052f5008,Web,Mice,Vertical Ergonomic Mouse,1,46.29,46.29
2025-12-10 09:59:07,ae1f6357-7a8d-43e9-8c1e-84afd01a139d,Retail,Networking,Powerline Ethernet Adapter,1,59.29,59.29
2025-12-10 09:33:34,fcfd3000-7237-4fba-9544-103b6e628826,B2B,Keyboards,Wireless Ergonomic Keyboard,1,81.5,81.5
2025-12-10 14:48:01,c6c0fd7c-6f54-4490-8fb3-8e0b56de7baa,Retail,Storage,2TB External HDD,1,85.91,85.91
2025-12-10 14:33:00,1d18cbdd-f13f-4a28-8de1-8033544ebf9a,B2B,Keyboards,RGB Backlit Keyboard,1,65.81,65.81
2025-12-10 15:31:38,9abf04ed-2ca4-4acf-a2ca-4db5b8b62a41,Retail,Headsets,USB Conference Headset,1,45.82,45.82
2025-12-10 15:05:37,51a1850f-69a7-437d-a00c-b7c0bd2eb334,B2B,Mice,Optical Gaming Mouse,1,69.33,69.33
2025-12-10 15:50:40,183f30b0-651a-458d-af6d-30e5a5d0188d,Retail,Mice,Wireless Bluetooth Mouse,1,37.81,37.81
2025-12-11 13:47:36,9c5ec6a7-a88c-49ce-91f5-5f8126e14bb2,Web,Headsets,Noise-Cancelling Gaming Headset,2,83.99,167.98
2025-12-11 11:09:50,da6ca14f-91cf-4743-b025-41c7d6141dfc,B2B,Storage,4TB Desktop HDD,1,125.43,125.43
2025-12-11 17:07:39,d4e56d5f-d0e1-4cb6-ae36-6ef4766e2bad,Retail,Networking,Gigabit Ethernet Switch,2,51.61,103.22
2025-12-11 17:56:40,744e05c1-6c00-4c56-b3ac-7c8a950b590d,Retail,Headsets,USB Conference Headset,1,56.48,56.48
2025-12-11 09:20:10,4b7a1eb2-410a-413b-b830-f038e163313b,Retail,Keyboards,RGB Backlit Keyboard,2,80.73,161.46
2025-12-11 16:08:48,c877fd0d-4b44-412a-9064-ee7c751882a1,B2B,Headsets,Noise-Cancelling Gaming Headset,1,119.12,119.12
2025-12-11 19:36:27,76309093-8842-4dc5-9589-8744486d46ef,Web,Keyboards,Membrane Office Keyboard,1,35.48,35.48
2025-12-11 12:26:24,2d4d2b4b-8caf-4687-9128-692e7ecef17f,B2B,Keyboards,Mechanical Gaming Keyboard,1,124.58,124.58
2025-12-11 14:37:07,b8578160-cdd7-4209-9488-f4ae2fc1a2b8,Web,Monitors,34-inch Ultrawide Curved Monitor,1,434.67,434.67
2025-12-11 12:24:27,6daa93ac-e153-4b52-91ed-4de1c322031f,B2B,Mice,Precision Laser Mouse,1,94.49,94.49
2025-12-11 14:33:28,45f62a4a-dd68-499a-8c20-8202980adddd,B2B,Storage,128GB USB Flash Drive,1,16.67,16.67
2025-12-11 14:28:07,6e7767e2-c440-4be7-9c10-afd25abc6d2d,B2B,Mice,Optical Gaming Mouse,1,71.98,71.98
2025-12-11 13:16:50,4f23a1c8-2b36-4c2f-a778-6431f4cb1080,Retail,Storage,1TB NVMe SSD,2,97.35,194.7
2025-12-11 14:30:16,879c43a4-a158-41be-84f4-10f4b96201dd,Retail,Headsets,Wireless Bluetooth Headphones,1,89.06,89.06
2025-12-11 16:40:10,b6b4a35e-4ecf-4a9a-8606-5f0a5842a2ff,Web,Keyboards,Wireless Ergonomic Keyboard,1,77.04,77.04
2025-12-11 15:57:52,e3d255a4-52b0-4476-a041-e289c36e0a6a,B2B,Keyboards,Wireless Ergonomic Keyboard,2,88.75,177.5
2025-12-11 17:48:36,d063b59d-bd71-4a7f-a8de-5b04f2a6a26f,Retail,Storage,128GB USB Flash Drive,2,23.4,46.8
2025-12-11 12:08:46,4bdb6c41-d86f-4090-a833-d92a3ef5c685,B2B,Keyboards,Membrane Office Keyboard,1,25.47,25.47
2025-12-12 16:14:24,e3fabf6e-a601-419c-95ea-1a2c486303c8,Retail,Mice,Wireless Bluetooth Mouse,2,30.49,60.98
2025-12-12 13:19:59,e8252c00-3bf8-4666-9804-643c2421c48e,Retail,Keyboards,Membrane Office Keyboard,2,27.32,54.64
2025-12-12 19:47:55,85201830-754e-4579-996d-3559fd9d09ea,Web,Headsets,Wireless Bluetooth Headphones,2,103.47,206.94
2025-12-12 09:49:48,1ffb7841-f35c-4afb-9ddc-ed1bb8cd61b0,Web,Headsets,Noise-Cancelling Gaming Headset,2,161.99,323.98
2025-12-12 12:56:45,84295cff-ce1b-485b-8292-2b36138effb0,Retail,Mice,Precision Laser Mouse,2,57.1,114.2
2025-12-12 18:25:51,8d19e152-a8e9-461e-a260-bf37e7b6d90e,Web,Keyboards,Membrane Office Keyboard,1,26.8,26.8
2025-12-12 10:38:25,7d8849d1-5197-41bc-89fc-e7e5791487a5,B2B,Networking,Gigabit Ethernet Switch,1,35.94,35.94
2025-12-12 19:30:32,06ac803f-444a-4db6-a660-9274496f7ab3,B2B,Monitors,24-inch 144Hz Gaming Monitor,1,223.95,223.95
2025-12-12 20:50:30,899014eb-fd1b-4329-a0b2-db272e985325,Retail,Networking,Powerline Ethernet Adapter,1,56.66,56.66
2025-12-12 16:29:14,688d88a5-d9eb-4d9e-9af3-76baecb74ff6,B2B,Monitors,27-inch 4K IPS Monitor,1,358.49,358.49
2025-12-12 15:54:24,8d4990b7-66d5-4c1e-abd9-992c7a8f981c,B2B,Headsets,Noise-Cancelling Gaming Headset,1,100.82,100.82
2025-12-13 11:38:25,582e9c89-223a-4a39-8048-e12a3d0ffe4d,B2B,Keyboards,Membrane Office Keyboard,1,28.27,28.27
2025-12-13 20:01:43,c7f53e24-3897-463a-be57-5914b1a2c178,Retail,Keyboards,Wireless Ergonomic Keyboard,1,62.99,62.99
2025-12-13 20:11:44,275801ff-09f9-4f96-992e-7eae7f140975,Retail,Networking,USB Wi-Fi Adapter,1,26.65,26.65
2025-12-13 13:24:15,e60a60ed-f57f-45b2-aef3-2941cf223041,B2B,Keyboards,Mechanical Gaming Keyboard,1,132.78,132.78
2025-12-13 10:47:22,decade48-8e28-4ad4-aaa1-916124d8685a,Web,Headsets,Noise-Cancelling Gaming Headset,2,108.65,217.3
2025-12-13 17:53:49,128e8e79-8f65-463e-a8b0-bf3676e68642,Retail,Networking,USB Wi-Fi Adapter,2,31.43,62.86
2025-12-13 19:20:35,0ff483e6-073e-49c1-abd2-1c91aaa35493,B2B,Keyboards,RGB Backlit Keyboard,1,86.37,86.37
2025-12-13 09:32:42,0df972bc-e283-40b1-887a-54f116c89de1,Web,Headsets,USB Conference Headset,1,42.72,42.72
2025-12-13 20:20:48,c9b69ca8-d310-449a-8015-e73c4ffde464,B2B,Keyboards,Membrane Office Keyboard,1,24.57,24.57
2025-12-13 14:39:40,b3cd3846-83a0-4ee5-9c0e-7f307baa5c2b,Retail,Headsets,Wireless Bluetooth Headphones,1,118.55,118.55
2025-12-13 18:23:02,a6cc229f-dc87-473b-af4e-b3c11ca61b12,B2B,Storage,512GB Portable SSD,2,76.76,153.52
2025-12-13 09:26:38,d747c237-c558-4fe1-972a-58bf7c01b9d6,Web,Headsets,Noise-Cancelling Gaming Headset,2,125.75,251.5
2025-12-13 11:34:06,6e753085-35cb-4557-9027-154e58926a7d,B2B,Mice,Wireless Bluetooth Mouse,2,53.99,107.98
2025-12-13 16:55:33,dc856b0b-b50f-4812-9ddb-f906f92aecf4,Web,Networking,USB Wi-Fi Adapter,1,32.43,32.43
2025-12-13 17:49:09,7cf5ba0e-6767-42d7-9453-7361f4d1df3e,B2B,Keyboards,RGB Backlit Keyboard,1,77.37,77.37
2025-12-13 10:30:15,db511947-7933-4076-bcc3-3c6f421eaf22,Retail,Keyboards,Mechanical Gaming Keyboard,1,139.89,139.89
2025-12-13 18:02:53,dc8f582d-a4d5-43e6-8400-60c0af252a69,Retail,Networking,USB Wi-Fi Adapter,1,37.5,37.5
2025-12-13 19:58:32,d3b94c32-9a43-46b6-9ff3-26b17dbf86d7,Retail,Keyboards,Membrane Office Keyboard,1,31.32,31.32
2025-12-13 17:59:07,81c08121-9d28-496c-b141-f9cf251fec96,Web,Headsets,Noise-Cancelling Gaming Headset,2,107.14,214.28
2025-12-13 15:02:59,6204d5c6-12eb-4ab4-9205-3e50732ed91f,Retail,Mice,Trackball Mouse,1,86.66,86.66
2025-12-13 18:22:28,7efa9218-3d4c-4920-99b2-cda08119dadd,B2B,Storage,512GB Portable SSD,1,64.46,64.46
2025-12-13 14:47:48,2269daaa-71a8-424e-98bc-62a8b584b99b,Retail,Monitors,24-inch 144Hz Gaming Monitor,1,290.63,290.63
2025-12-13 19:08:22,b3662bb3-928c-46c4-babd-da76091fe3ce,Retail,Networking,Powerline Ethernet Adapter,2,49.42,98.84
2025-12-13 20:34:41,530fba42-fe5f-4af8-9197-a31f47e484ef,B2B,Monitors,34-inch Ultrawide Curved Monitor,1,631.7,631.7
2025-12-13 09:40:34,6e835a12-e085-47c4-8100-0fbeed8775fe,Retail,Networking,Gigabit Ethernet Switch,1,55.32,55.32
2025-12-14 10:01:50,a5f82515-927b-455f-8de6-02238025758f,Retail,Mice,Wireless Bluetooth Mouse,2,52.89,105.78
2025-12-14 18:15:07,2afd90f1-92ea-4ebc-aba4-ce3e4ee731b3,Web,Mice,Trackball Mouse,1,73.7,73.7
2025-12-14 19:52:07,3a1ddbf2-e6eb-4498-bcf2-0e304f1deafe,B2B,Keyboards,RGB Backlit Keyboard,1,72.07,72.07
2025-12-14 12:41:18,3998235a-7c6c-4a51-b342-c4cd006c5087,Retail,Keyboards,Mechanical Gaming Keyboard,1,140.81,140.81
2025-12-14 19:22:02,ae15b039-a2ff-415a-b8d3-6f7c345139b6,Retail,Keyboards,Mechanical Gaming Keyboard,1,118.49,118.49
2025-12-14 17:37:08,1e640ac3-d49b-47ff-8bc8-d74e14a85b20,Retail,Keyboards,Compact 60% Keyboard,2,93.15,186.3
2025-12-14 18:39:43,e615bdec-fafb-441d-848b-0c1631e4acfe,B2B,Keyboards,Mechanical Gaming Keyboard,1,119.92,119.92
2025-12-14 12:21:27,70010764-76de-4965-91be-60583f26799e,B2B,Monitors,24-inch 144Hz Gaming Monitor,1,198.63,198.63
2025-12-14 19:52:32,f0c9385c-17d6-4ef6-97f4-b884d84c1771,B2B,Networking,USB Wi-Fi Adapter,2,27.68,55.36
2025-12-14 12:25:18,58e33c79-7439-4035-928f-1cf6db05f74d,Web,Headsets,USB Conference Headset,1,45.42,45.42
2025-12-14 14:49:32,a3aa8145-529f-4545-b6a8-1aed7418ae3d,Web,Networking,Gigabit Ethernet Switch,1,43.0,43.0
2025-12-14 14:04:50,401515cf-6133-48dc-8378-df35206eaafd,Retail,Storage,2TB External HDD,1,78.72,78.72
2025-12-14 13:17:41,60c61ffc-4b9c-4900-be2d-2ba4781e72b4,B2B,Monitors,24-inch 144Hz Gaming Monitor,1,209.96,209.96
2025-12-14 12:42:38,e21e40fd-b628-49d8-bd94-2f486baa88e6,Web,Keyboards,Mechanical Gaming Keyboard,1,115.27,115.27
2025-12-14 13:22:13,209ea4eb-d1a9-45b9-aaab-9d0baaa15f77,B2B,Monitors,27-inch 4K IPS Monitor,1,326.55,326.55
2025-12-14 20:35:55,be0afb94-4e5f-4ebd-9a47-1e9eafc74f65,B2B,Storage,2TB External HDD,1,107.99,107.99
2025-12-15 12:04:31,44f0f7e1-ae26-465e-a32a-ee2e7e1f704e,B2B,Storage,128GB USB Flash Drive,1,18.7,18.7
2025-12-15 15:26:34,677374da-f40d-465c-b34c-0932640440e1,Web,Networking,Gigabit Ethernet Switch,2,67.49,134.98
2025-12-15 17:18:24,9c20e7b2-4aa9-4c86-acbd-13d870629466,B2B,Monitors,27-inch 4K IPS Monitor,1,363.23,363.23
2025-12-15 10:23:03,87b143b9-da71-4fc3-b7a2-675663d1926b,Retail,Keyboards,RGB Backlit Keyboard,1,88.85,88.85
2025-12-15 11:23:28,5a97039b-627a-45cf-80a1-7675210e29b8,Web,Mice,Optical Gaming Mouse,1,55.65,55.65
2025-12-15 10:08:28,68342124-c765-4d93-93e5-f5a06dcaba43,B2B,Mice,Trackball Mouse,1,94.13,94.13
2025-12-15 18:22:59,57f2757d-0ed8-4d39-9ca4-2ddc235ccf7a,B2B,Headsets,USB Conference Headset,1,39.56,39.56
2025-12-15 13:31:17,0c83e1c1-e625-4bc6-be6a-34db6de758ae,B2B,Mice,Precision Laser Mouse,2,49.01,98.02
2025-12-15 10:29:57,c2e8cc4f-d0b9-4411-b5db-69de3c73bd2b,Web,Mice,Optical Gaming Mouse,2,59.37,118.74
2025-12-15 16:06:59,dba2f3ec-4dc7-4c07-ad9c-bb38e20a9024,Retail,Headsets,Noise-Cancelling Gaming Headset,2,151.17,302.34
2025-12-15 13:53:58,f685b130-1678-48f1-bbb9-3d35f9bf92d6,Retail,Storage,512GB Portable SSD,2,61.43,122.86
2025-12-15 09:54:16,25582f1e-f98c-4c06-bb9c-2e6d17f79f2d,Web,Mice,Optical Gaming Mouse,1,58.04,58.04
2025-12-15 19:32:47,d05eaab3-e4b1-446f-a1be-074f0c0b7ca8,B2B,Monitors,24-inch 144Hz Gaming Monitor,2,255.95,511.9
2025-12-15 15:47:38,92c80c75-e888-468b-babb-bbc0e755b9ff,Retail,Mice,Wireless Bluetooth Mouse,2,47.6,95.2
2025-12-15 10:53:14,58271972-2e22-4446-9e0d-1e4462e0f29a,Retail,Networking,USB Wi-Fi Adapter,1,20.99,20.99
2025-12-15 13:38:32,233ad52a-06fe-4c27-898f-72798b8cf6ca,Retail,Headsets,USB Conference Headset,2,38.34,76.68
2025-12-15 12:28:15,2357d740-6f44-4b87-be0c-e0c6df016b5b,Retail,Monitors,27-inch 4K IPS Monitor,1,284.03,284.03
2025-12-15 13:57:11,afbc37dc-bd66-4c42-8d60-843591740a08,B2B,Storage,128GB USB Flash Drive,1,14.14,14.14
2025-12-15 10:19:27,b84cd738-67d7-448b-ba5d-2f265297d292,Retail,Mice,Optical Gaming Mouse,2,61.29,122.58
2025-12-15 20:07:12,c30ad807-1910-4f7f-bd7d-1d6a5665fc2b,Retail,Mice,Vertical Ergonomic Mouse,2,42.32,84.64
2025-12-15 11:52:27,ec1f083e-ffc3-4a3a-ba7d-95eac0994865,Web,Storage,1TB NVMe SSD,2,102.61,205.22
2025-12-15 10:55:44,689488b4-fd7c-4400-a1c4-aacfa3beade4,Web,Mice,Vertical Ergonomic Mouse,1,39.01,39.01
2025-12-15 19:23:49,b2518092-02e1-4ac7-8500-c6da644e46f4,Retail,Keyboards,Compact 60% Keyboard,1,88.5,88.5
2025-12-15 14:25:57,55a23f1b-6cbb-48c2-bc56-548845f4b058,B2B,Headsets,In-Ear Gaming Earbuds,2,48.34,96.68
2025-12-15 17:59:11,3671eb60-e77e-4498-93cb-458865bf1acb,Retail,Storage,1TB NVMe SSD,3,77.79,233.37
2025-12-15 15:12:13,386055d8-dccf-4f2d-84ec-b3fff2ef0988,B2B,Mice,Wireless Bluetooth Mouse,1,42.32,42.32
2025-12-15 10:46:50,fae0b5ba-fd55-4b83-915d-fb3bdc354a52,Retail,Mice,Optical Gaming Mouse,1,71.92,71.92
2025-12-15 12:09:56,2b01b78e-852c-4cc7-8e86-aed9db47153d,Retail,Headsets,Noise-Cancelling Gaming Headset,1,116.48,116.48
2025-12-15 15:56:39,a53d3925-323c-42ef-aaf7-6b1609a72f80,B2B,Mice,Vertical Ergonomic Mouse,1,41.53,41.53
2025-12-15 18:40:54,42cef03d-dfe8-4ec9-a058-0e165aed76b3,Retail,Mice,Wireless Bluetooth Mouse,1,36.37,36.37
2025-12-15 18:43:09,2e214c31-9a69-4c61-94a5-bfdc22e09a63,Retail,Networking,Network Attached Storage (NAS),1,279.99,279.99
2025-12-15 18:12:50,5eb4c605-9f23-45da-9e3f-696f23688e16,Retail,Keyboards,Wireless Ergonomic Keyboard,1,80.86,80.86
2025-12-15 20:48:56,493a4b76-6b22-4653-96a8-be114227dd3e,B2B,Mice,Trackball Mouse,2,69.34,138.68
2025-12-15 09:58:43,66181453-c0cc-4423-882c-30dd9a59ac30,Retail,Mice,Vertical Ergonomic Mouse,1,46.66,46.66
2025-12-15 11:02:12,dbb739b3-fb05-4385-8359-5c3017cd2f75,Web,Keyboards,Wireless Ergonomic Keyboard,1,83.46,83.46
2025-12-15 20:49:13,130f7aac-13ab-438b-afe7-74ec014f3f33,Retail,Storage,4TB Desktop HDD,2,120.23,240.46
2025-12-16 19:56:46,6a00270e-830a-4f6d-a43b-8509c2e460ee,Web,Keyboards,RGB Backlit Keyboard,2,69.77,139.54
2025-12-16 09:10:15,b9c7cd21-f0ce-4db4-a506-0a8b728785ff,B2B,Headsets,Noise-Cancelling Gaming Headset,2,132.86,265.72
2025-12-16 10:55:38,cfbfca36-5893-49aa-8920-7a6d222c9d28,B2B,Mice,Optical Gaming Mouse,1,44.71,44.71
2025-12-16 12:04:07,7ff1c4c8-7bad-4c65-af57-539b4dad53d8,B2B,Mice,Vertical Ergonomic Mouse,1,39.27,39.27
2025-12-16 17:58:06,4def6e1b-2c11-48b3-86d9-afd4a6eb7259,Web,Mice,Vertical Ergonomic Mouse,3,44.05,132.15
2025-12-16 09:43:24,a0e5ebc8-c4d1-450d-a861-be72743ed5cc,Web,Storage,512GB Portable SSD,1,89.72,89.72
2025-12-16 12:45:24,0130c726-4f17-46da-a652-7d3b564f4fb9,Retail,Mice,Vertical Ergonomic Mouse,1,34.99,34.99
2025-12-16 11:51:09,ed88ef87-9fe5-4af7-abbd-472ce5d31d65,Retail,Mice,Wireless Bluetooth Mouse,1,52.8,52.8
2025-12-16 11:59:59,1509fa20-277d-46f7-9038-1b3e3966b162,Web,Networking,USB Wi-Fi Adapter,1,21.18,21.18
2025-12-16 15:41:06,387ed268-ffdb-4edf-a01a-e41a4684ba5c,Web,Networking,USB Wi-Fi Adapter,1,27.11,27.11
2025-12-16 15:08:04,c3e914e1-3c91-44cb-b9db-0b55a3edbfad,Retail,Keyboards,Wireless Ergonomic Keyboard,2,83.91,167.82
2025-12-16 18:56:37,3e18e480-1ff7-445f-aa8d-5db141c8faf7,B2B,Headsets,USB Conference Headset,2,58.19,116.38
2025-12-16 11:45:39,0bf02b6f-3ad6-4fd0-8e11-35236330b378,Web,Networking,Wireless Mesh Router System,2,306.97,613.94
2025-12-16 14:11:55,7387472d-8496-4379-b805-cbc3306e49ec,B2B,Networking,USB Wi-Fi Adapter,1,29.94,29.94
2025-12-16 14:03:34,5f38d00a-f3a0-45ff-815c-f0a94ae3ed66,B2B,Mice,Optical Gaming Mouse,2,73.53,147.06
2025-12-16 11:07:18,477cfddd-cb7f-4ac4-a99a-bd8f8b1a123f,Web,Keyboards,Mechanical Gaming Keyboard,1,120.43,120.43
2025-12-16 12:03:33,2040380a-4ea4-4b72-9a88-9737b34bd457,Retail,Storage,1TB NVMe SSD,2,90.91,181.82
2025-12-16 18:00:38,5db83546-fbf1-4e14-b40b-1dd622df19eb,Web,Networking,Wireless Mesh Router System,2,258.98,517.96
2025-12-16 09:21:54,5ac0a693-f2e9-4c26-975a-6588fae9febb,B2B,Storage,512GB Portable SSD,1,71.4,71.4
2025-12-16 11:41:59,0bfe4dca-2590-44b0-a41f-26607f3b5772,Retail,Mice,Wireless Bluetooth Mouse,1,40.23,40.23
2025-12-16 19:28:39,dc1692c6-2ec5-40df-a8df-3491e3c9379d,B2B,Headsets,Surround Sound Headphones,1,134.6,134.6
2025-12-16 11:29:14,52f4ebc4-593d-4b21-940f-834b3652edbf,Retail,Headsets,Surround Sound Headphones,1,135.18,135.18
2025-12-16 11:38:50,51d8f60b-a710-4134-b005-5d9b199e7eed,Web,Storage,128GB USB Flash Drive,2,15.54,31.08
2025-12-16 14:16:02,909d3cc4-a308-4aaa-baa2-a265456da207,B2B,Keyboards,RGB Backlit Keyboard,1,56.72,56.72
2025-12-16 19:15:35,98dfc6a1-ff35-4ae4-8305-84ea8e70b8f1,Retail,Storage,1TB NVMe SSD,1,84.44,84.44
2025-12-16 17:34:25,7244ac50-358f-45f3-9fa5-abb8273d7b28,Retail,Storage,512GB Portable SSD,1,86.58,86.58
2025-12-16 09:03:30,4dbf9848-025f-4f33-805b-369ca5dd5a76,B2B,Storage,128GB USB Flash Drive,2,20.05,40.1
2025-12-17 14:41:01,2c99de0a-d3f2-4cf8-99fe-328956d39e7a,Retail,Mice,Wireless Bluetooth Mouse,1,39.14,39.14
2025-12-17 20:31:47,65ccbef3-dd17-43fa-97e8-e87d48e761ee,Web,Headsets,Wireless Bluetooth Headphones,1,101.89,101.89
2025-12-17 09:46:12,57ac011a-b8c6-4de1-9e88-2902a60cd94e,Web,Keyboards,RGB Backlit Keyboard,2,92.85,185.7
2025-12-17 14:37:45,3e9c8a10-1aad-4b48-b483-81cc6b2c8082,Retail,Headsets,USB Conference Headset,2,40.18,80.36
2025-12-17 12:07:51,98377340-0708-4991-8c16-56044c81d4f6,B2B,Storage,2TB External HDD,1,83.76,83.76
2025-12-17 13:25:01,073717c0-877a-440b-b702-feb7b1429e60,B2B,Keyboards,RGB Backlit Keyboard,1,80.35,80.35
2025-12-17 12:20:11,f1356d3b-1cbc-4979-872d-9ab280908732,Retail,Keyboards,Mechanical Gaming Keyboard,2,148.37,296.74
2025-12-17 09:43:36,6042bb4a-aa7f-43b1-9486-39845608700d,Retail,Mice,Optical Gaming Mouse,1,80.99,80.99
2025-12-17 15:25:53,45d9ee08-87c1-4150-b977-8117c8b2d72f,Web,Networking,USB Wi-Fi Adapter,2,31.62,63.24
2025-12-17 17:09:12,535fdfc8-ad72-4c89-b146-c156f988aef5,Web,Keyboards,RGB Backlit Keyboard,1,81.83,81.83
2025-12-17 20:28:07,0784bf5e-e1f8-4fc5-b5e9-1f4bc8f58ef7,B2B,Monitors,27-inch 4K IPS Monitor,1,254.07,254.07
2025-12-17 09:21:48,107d5803-dca3-4f85-b3a3-2ebf9b7dd277,B2B,Keyboards,RGB Backlit Keyboard,1,83.55,83.55
2025-12-17 14:01:35,7bc15cfc-5ba1-4ac7-919a-e8be1008100b,B2B,Keyboards,Wireless Ergonomic Keyboard,2,100.97,201.94
2025-12-17 14:26:49,c5e33b9b-6968-4ae4-944a-0de62f41c314,Web,Headsets,Noise-Cancelling Gaming Headset,1,94.58,94.58
2025-12-17 11:51:26,972e9fd8-c614-4a47-9708-e8075c8869dd,Retail,Networking,Powerline Ethernet Adapter,1,78.37,78.37
2025-12-17 12:23:11,f6df4dec-5f3d-4c1d-b90f-199525fa19a0,Web,Mice,Optical Gaming Mouse,2,69.32,138.64
2025-12-17 20:11:51,7db4bbab-084f-40d5-8dbd-e2eb85189a54,B2B,Networking,Gigabit Ethernet Switch,1,34.99,34.99
2025-12-17 09:25:26,f08235b3-e892-477b-9c2f-94f980156ade,Retail,Mice,Wireless Bluetooth Mouse,2,53.99,107.98
2025-12-18 16:21:12,91caca49-ed22-48ec-82f0-fde17bff74e0,B2B,Keyboards,Compact 60% Keyboard,1,74.12,74.12
2025-12-18 19:39:59,c0a3dfc7-031c-451e-a6a8-bf4455f7f763,Retail,Monitors,34-inch Ultrawide Curved Monitor,1,467.52,467.52
2025-12-18 15:07:20,571cae24-0880-4f0e-838d-2ffb9c11c43d,B2B,Headsets,Surround Sound Headphones,1,123.37,123.37
2025-12-18 17:38:51,983063ba-1317-4c4a-bff7-6cb387153463,Retail,Storage,1TB NVMe SSD,1,90.07,90.07
2025-12-18 10:20:55,3b345400-1839-442e-a05a-42706ab9fd75,Web,Networking,USB Wi-Fi Adapter,2,36.82,73.64
2025-12-18 11:46:16,08221b81-d45d-4f60-9694-b3943a0d45ab,Retail,Keyboards,RGB Backlit Keyboard,1,55.99,55.99
2025-12-18 13:26:28,f0079223-d625-4919-98a5-cca6c33cb8e2,B2B,Mice,Optical Gaming Mouse,1,59.84,59.84
2025-12-18 20:30:57,d0334747-8db4-4380-8dcc-9ec05a8b86cb,B2B,Storage,128GB USB Flash Drive,2,25.34,50.68
2025-12-18 15:38:20,3bd13ef5-3a01-450c-b344-c6fa60e8422b,Retail,Mice,Wireless Bluetooth Mouse,1,34.29,34.29
2025-12-18 16:47:52,43d81de0-e7ac-4bc1-983b-947a4e363998,Retail,Keyboards,Mechanical Gaming Keyboard,2,160.26,320.52
2025-12-18 10:59:31,998b902c-a463-4220-bc7d-580bdb6cd337,Web,Mice,Trackball Mouse,1,103.38,103.38
2025-12-18 12:41:56,933ee7ee-90f6-4e6d-821a-e7b986c95d4f,Web,Keyboards,Mechanical Gaming Keyboard,1,112.34,112.34
2025-12-19 15:22:53,8bf26807-867a-445a-9dc7-04627331b64e,Web,Headsets,Noise-Cancelling Gaming Headset,2,95.86,191.72
2025-12-19 19:59:47,13b6b2cd-db90-492c-aeaa-e1b900e75f57,Retail,Networking,Gigabit Ethernet Switch,1,43.71,43.71
2025-12-19 15:46:03,a80bd8b4-52ca-4388-b401-8368ffc2d7c3,Retail,Storage,1TB NVMe SSD,1,93.53,93.53
2025-12-19 15:55:17,6d5ec3ae-7d2a-4abb-9f57-240682b2d410,B2B,Keyboards,Membrane Office Keyboard,2,28.4,56.8
2025-12-19 19:45:53,4a352af5-38e9-4d17-b65d-dcdef88f31cb,Web,Keyboards,Wireless Ergonomic Keyboard,1,100.47,100.47
2025-12-19 13:42:25,606329e3-5d9c-4608-8a20-00a5fea0c98f,Web,Networking,USB Wi-Fi Adapter,1,29.94,29.94
2025-12-19 17:09:08,49f1622b-e277-411f-8686-041d8973da08,Web,Mice,Optical Gaming Mouse,1,63.83,63.83
2025-12-19 10:50:05,3ae1ed54-b4e3-4b3c-afa9-0f5a3e0e4696,B2B,Headsets,Noise-Cancelling Gaming Headset,1,113.69,113.69
2025-12-19 09:14:33,1733c6c9-e7a4-441c-aefa-edfb3a3220d7,B2B,Storage,128GB USB Flash Drive,2,18.34,36.68
2025-12-19 12:17:58,70f66d3a-9d49-4acb-b3a9-e29d44f7e0c4,Retail,Storage,1TB NVMe SSD,3,70.26,210.78
2025-12-19 16:18:27,4161b6bb-8d3f-4f1a-8ae9-a64a6ab7f122,Web,Mice,Optical Gaming Mouse,1,75.76,75.76
2025-12-19 13:37:50,a7bbe0df-97e4-42be-a089-f32e66e030f9,Retail,Mice,Wireless Bluetooth Mouse,2,35.59,71.18
2025-12-19 13:06:06,c1e46651-1cd5-41b0-b129-eba61ab46548,Web,Storage,1TB NVMe SSD,1,70.16,70.16
2025-12-19 19:43:18,0d55dc96-3fc8-4262-a94d-9b332fbff6b0,B2B,Monitors,24-inch 144Hz Gaming Monitor,2,153.99,307.98
2025-12-19 12:40:06,cc1145be-0382-4733-8a54-55214ebb9e17,Web,Storage,2TB External HDD,1,82.1,82.1
2025-12-19 16:34:27,5d4de6e8-89f0-432a-87b5-961e5beecb62,B2B,Headsets,In-Ear Gaming Earbuds,1,38.24,38.24
2025-12-19 16:47:24,3a39e620-f133-46b8-ac48-d25d9790fb56,B2B,Keyboards,Wireless Ergonomic Keyboard,1,62.99,62.99
2025-12-19 13:06:44,e07b2a24-d0c2-425f-a169-d2fb9ad3565b,B2B,Monitors,15.6-inch Portable USB-C Monitor,2,165.49,330.98
2025-12-19 13:40:18,4ba72be7-2fd5-4d91-9154-5a86c6bc4f9c,Retail,Headsets,USB Conference Headset,2,49.37,98.74
2025-12-19 19:53:41,4c8f1c80-9c1e-400d-9e0c-fa451c460ffc,Retail,Storage,128GB USB Flash Drive,2,22.81,45.62
2025-12-19 16:02:06,9ac5ace1-77a1-483f-b4c4-d33fa36fecfb,B2B,Monitors,15.6-inch Portable USB-C Monitor,1,220.95,220.95
2025-12-19 12:04:42,eca2da12-884e-4368-b349-0f81fe31b5aa,B2B,Storage,128GB USB Flash Drive,1,26.99,26.99
2025-12-19 09:16:00,8f50fd75-a7ca-4dfe-8f6c-4b8556dd9b94,Web,Storage,512GB Portable SSD,2,69.77,139.54
2025-12-19 18:25:35,5fe968b1-7f23-4c8e-b8a0-61c42108c936,Retail,Headsets,In-Ear Gaming Earbuds,1,31.53,31.53
2025-12-19 09:47:39,21b6b283-dc4f-40c7-8de0-a8510d4c256e,B2B,Mice,Vertical Ergonomic Mouse,2,45.87,91.74
2025-12-19 18:22:30,456a4050-0ecd-44cc-8e01-7dc20b3716e2,Web,Networking,Gigabit Ethernet Switch,1,42.18,42.18
2025-12-19 17:17:28,74c6de5e-03a9-4bfc-a5a8-f9585ea9a2a4,Retail,Storage,1TB NVMe SSD,2,113.26,226.52
2025-12-19 18:38:40,53e384dd-09c6-44f3-9d2d-1e00c69a74fc,Retail,Networking,Wireless Mesh Router System,2,222.8,445.6
2025-12-20 16:32:41,38cd98cf-9db0-41fd-88ac-51d9e14db66a,B2B,Networking,Wireless Mesh Router System,2,175.43,350.86
2025-12-20 17:47:47,21836cad-8431-4958-951a-149473ae49e6,Retail,Monitors,24-inch 144Hz Gaming Monitor,1,240.38,240.38
2025-12-20 11:42:52,4c354b1b-b7f3-4f83-8844-9a93ac997c30,B2B,Keyboards,RGB Backlit Keyboard,1,96.15,96.15
2025-12-20 11:56:35,43fb5521-0b49-42c6-b273-c41b22319980,Web,Keyboards,Compact 60% Keyboard,2,76.15,152.3
2025-12-20 15:31:31,8e93159b-2e2a-4d9a-baae-f2d1031f4e6b,Web,Keyboards,Compact 60% Keyboard,1,68.23,68.23
2025-12-20 20:53:13,227876f7-6183-4797-9e3a-f381cc2c9c4a,Retail,Headsets,Surround Sound Headphones,1,147.97,147.97
2025-12-20 11:44:29,6b30c2a0-8aed-4b67-a87e-2323165a5bc6,Retail,Storage,1TB NVMe SSD,2,85.16,170.32
2025-12-20 11:31:41,6a09ad3f-f444-4b17-8141-7704dbf9204f,Web,Storage,1TB NVMe SSD,2,66.76,133.52
2025-12-20 13:11:58,c55e4917-145e-474a-84f1-c648bcb5c876,B2B,Storage,512GB Portable SSD,1,70.94,70.94
2025-12-20 09:38:16,3088a89f-d80f-429c-99c0-9374c300f618,Retail,Keyboards,Membrane Office Keyboard,1,33.08,33.08
2025-12-20 14:41:32,2e596c8e-9ab4-4ef7-85ca-81c7192f7cb3,B2B,Headsets,Wireless Bluetooth Headphones,1,92.92,92.92
2025-12-20 13:09:21,a020bae8-5bed-4fb0-abe3-cad163f06d55,B2B,Keyboards,Wireless Ergonomic Keyboard,1,73.82,73.82
2025-12-20 14:14:55,5df143ad-9fcc-4fcd-86cf-3c3b2da61546,Web,Networking,Gigabit Ethernet Switch,1,44.0,44.0
2025-12-20 18:23:22,3f3399db-c4b3-4303-bdb0-97da56870737,B2B,Storage,1TB NVMe SSD,1,62.99,62.99
2025-12-20 18:14:25,e557c396-394e-4964-9bfd-bda6afbd1024,Web,Mice,Wireless Bluetooth Mouse,1,27.99,27.99
2025-12-20 14:29:09,c3ecdfab-cb7e-4e57-afbd-065a719f5df5,B2B,Mice,Optical Gaming Mouse,1,50.89,50.89
2025-12-20 11:37:09,4e49427a-0cf7-4205-b7dd-774243392227,Retail,Keyboards,Wireless Ergonomic Keyboard,2,66.39,132.78
2025-12-20 19:56:40,e78cd689-3701-46fd-a76c-814784e30bcd,B2B,Keyboards,Wireless Ergonomic Keyboard,2,100.66,201.32
2025-12-20 12:23:48,05956274-ac44-4c8a-bece-9a10651e45d7,Web,Monitors,15.6-inch Portable USB-C Monitor,2,201.2,402.4
2025-12-20 15:36:17,cac4a23b-b899-4bd6-b89e-9196f3074874,Retail,Networking,USB Wi-Fi Adapter,1,32.61,32.61
2025-12-20 11:52:46,64c50c64-63b6-409f-a4e6-0da7991962e5,Web,Keyboards,Compact 60% Keyboard,1,65.72,65.72
2025-12-20 09:35:30,ad97ef83-2bb5-4a31-85b3-95f416f60887,B2B,Storage,512GB Portable SSD,1,78.67,78.67
2025-12-20 20:36:19,c90f8846-934f-47b1-95f6-8fcde41405dc,Web,Mice,Optical Gaming Mouse,3,51.25,153.75
2025-12-20 17:22:35,5fd05512-6858-4249-8219-6e32d8de6b36,B2B,Storage,4TB Desktop HDD,2,154.83,309.66
2025-12-21 09:39:51,76b52956-bfde-4e56-8771-b39e15ad2ce1,Retail,Monitors,27-inch 4K IPS Monitor,1,384.14,384.14
2025-12-21 16:53:34,49c00097-0d70-4589-91b6-3094c25e03b7,B2B,Mice,Wireless Bluetooth Mouse,1,43.6,43.6
2025-12-21 12:34:00,3b773315-9906-476a-a12e-a113176f1878,B2B,Keyboards,Membrane Office Keyboard,1,23.84,23.84
2025-12-21 12:34:07,9c66dde9-820a-45f2-828f-b3729fa06475,Web,Keyboards,RGB Backlit Keyboard,1,63.06,63.06
2025-12-21 19:16:36,d9e8eca4-bacb-4d59-b43b-b4288fb91083,Web,Mice,Optical Gaming Mouse,2,56.12,112.24
2025-12-21 16:56:00,9c928768-23f1-492d-8ba1-3bb0f5822433,Web,Keyboards,Mechanical Gaming Keyboard,1,145.05,145.05
2025-12-21 14:41:32,dc596141-373c-4235-a653-fc0a1d4e8b79,Web,Headsets,Surround Sound Headphones,1,131.24,131.24
2025-12-21 10:49:32,c90704e9-fff6-4e11-bb39-96bc02f39507,B2B,Keyboards,Mechanical Gaming Keyboard,1,127.78,127.78
2025-12-21 18:41:47,6b10aead-8f21-4310-aa74-a7d4ff1e3d35,Retail,Mice,Optical Gaming Mouse,2,58.37,116.74
2025-12-21 16:30:37,f25f495a-427f-47d7-865b-f7b5ad4475ca,Web,Networking,Network Attached Storage (NAS),1,301.84,301.84
2025-12-21 17:31:47,211ad9c2-63e1-4ec0-962b-152ba877aa41,Retail,Mice,Vertical Ergonomic Mouse,2,50.45,100.9
2025-12-21 12:13:47,f36eec40-dae5-40f5-a28b-83d04e1838b0,Web,Keyboards,Mechanical Gaming Keyboard,1,123.15,123.15
2025-12-21 15:43:57,6e7b04ca-b427-453e-86ad-c19c89996cb8,B2B,Headsets,USB Conference Headset,1,48.22,48.22
2025-12-21 12:05:06,ce36671f-b102-4999-84b9-05ed89a42ccd,Web,Headsets,In-Ear Gaming Earbuds,1,35.4,35.4
2025-12-21 20:05:06,87724d6c-fed3-4507-8fc0-e68ca0a55383,B2B,Networking,Powerline Ethernet Adapter,1,59.88,59.88
2025-12-21 12:31:13,9245f5ef-123f-45e6-9f25-43729b911c25,Web,Storage,1TB NVMe SSD,3,86.58,259.74
2025-12-21 16:31:39,225c527b-7266-4537-a8b0-8a87ba647275,Retail,Keyboards,Wireless Ergonomic Keyboard,2,103.09,206.18
2025-12-21 19:41:13,44bbd16b-9c3a-42af-90a0-e59a8c9efe4a,Web,Keyboards,Mechanical Gaming Keyboard,1,124.43,124.43
2025-12-21 18:08:56,2d92a847-134a-40ca-8f39-99c5bd011b84,Web,Keyboards,Wireless Ergonomic Keyboard,1,102.66,102.66
2025-12-21 09:30:09,33aaeb18-3bfc-4d2c-98f9-22ad61b2e949,Retail,Storage,128GB USB Flash Drive,2,17.65,35.3
2025-12-21 20:19:08,17dd0400-9e65-4251-98a4-87c3d57a4b72,B2B,Mice,Wireless Bluetooth Mouse,1,49.87,49.87
2025-12-22 11:36:42,bc7cd0d1-2e93-4820-bb8d-a065d67175ad,Retail,Monitors,34-inch Ultrawide Curved Monitor,1,631.45,631.45
2025-12-22 12:24:51,2156d7e7-5f07-4abb-b079-de59ef85dcd1,Retail,Networking,Gigabit Ethernet Switch,1,51.61,51.61
2025-12-22 16:10:58,97dae2c0-5316-4f89-b98d-108b1259cb49,B2B,Networking,Gigabit Ethernet Switch,2,51.5,103.0
2025-12-22 14:30:35,27db0b34-f423-4c59-b688-fc847cea8833,B2B,Storage,128GB USB Flash Drive,2,17.89,35.78
2025-12-22 09:58:34,68b82c56-ab54-44e1-adeb-5d13d4fa08d3,B2B,Keyboards,RGB Backlit Keyboard,1,65.34,65.34
2025-12-22 15:34:55,c1986068-7eaf-4de8-8e75-b5fdca1f39b4,B2B,Storage,512GB Portable SSD,2,61.32,122.64
2025-12-22 20:44:46,d2fc1942-a1f5-4510-a3cf-329116bb7c83,Web,Headsets,Surround Sound Headphones,1,167.65,167.65
2025-12-22 16:16:18,a750a141-ee6d-4368-b796-c72507951f29,Web,Networking,Powerline Ethernet Adapter,1,58.22,58.22
2025-12-22 19:23:57,4231a38f-befb-42af-ac6a-0226d30ef585,Retail,Keyboards,Wireless Ergonomic Keyboard,1,117.36,117.36
2025-12-22 19:20:26,3a834509-8e6e-4b17-aa76-2d90744a543b,Retail,Headsets,Wireless Bluetooth Headphones,2,101.08,202.16
2025-12-22 20:25:41,2a576c5a-035c-4396-817f-db8f8ef1b8f2,Retail,Headsets,USB Conference Headset,1,47.54,47.54
2025-12-22 18:43:15,be406160-71b1-40fe-ac35-3a5af2de98b0,Web,Keyboards,Mechanical Gaming Keyboard,2,152.38,304.76
2025-12-22 10:19:55,f5600f03-3d5d-4b2f-b982-144de6060d0f,B2B,Keyboards,Mechanical Gaming Keyboard,1,110.07,110.07
2025-12-22 09:24:40,409a09ce-f79b-4437-91c6-0b1eb8ff50f4,B2B,Headsets,Wireless Bluetooth Headphones,2,99.19,198.38
2025-12-23 15:16:54,7377cdce-bf56-4c77-ab57-a94c131b5fcc,B2B,Mice,Vertical Ergonomic Mouse,1,53.13,53.13
2025-12-23 17:51:28,a0b24fe6-4ce4-4885-b24b-6ca139b72636,Retail,Mice,Vertical Ergonomic Mouse,1,62.58,62.58
2025-12-23 17:37:38,20fb7f05-5f8c-496c-9b28-3457e382c07e,Retail,Keyboards,Compact 60% Keyboard,1,77.17,77.17
2025-12-23 09:05:12,ca98124d-d282-447b-8162-fcb525113caa,B2B,Headsets,Surround Sound Headphones,1,156.19,156.19
2025-12-23 14:47:05,2aa9d301-9f1a-4971-9dbc-338b0d12fbb3,B2B,Keyboards,RGB Backlit Keyboard,2,77.64,155.28
2025-12-23 15:22:11,31186b55-20bf-430e-ac11-b6f533edb0f7,Retail,Monitors,15.6-inch Portable USB-C Monitor,1,167.6,167.6
2025-12-23 19:07:23,0dc33abf-e122-4017-9b4d-3dd7502c537d,B2B,Headsets,In-Ear Gaming Earbuds,2,40.38,80.76
2025-12-23 09:28:55,4ff80fc0-e1e8-4a7b-a6e4-f4b89d076b44,Web,Storage,128GB USB Flash Drive,1,23.62,23.62
2025-12-23 19:27:43,3725b3c6-e727-40fd-9b6e-38a2df540f0f,Retail,Mice,Wireless Bluetooth Mouse,1,31.31,31.31
2025-12-23 10:40:02,c33afe34-67fc-4f72-9783-8a41e1c81d63,Web,Storage,1TB NVMe SSD,1,63.87,63.87
2025-12-23 12:07:37,7fc5ff8b-e53a-453d-9d2b-2466affb6716,Retail,Headsets,Wireless Bluetooth Headphones,2,74.98,149.96
2025-12-23 10:26:32,6fcc8c8f-5415-42a4-b80a-1cd672720ed5,Retail,Mice,Optical Gaming Mouse,2,79.58,159.16
2025-12-23 13:23:48,ec96a798-f1a1-46b5-a326-4bf78f92af8f,B2B,Networking,USB Wi-Fi Adapter,1,30.25,30.25
2025-12-23 13:05:42,f8c484b5-db51-4a8c-9980-8a5a445782e1,Web,Headsets,In-Ear Gaming Earbuds,1,34.67,34.67
2025-12-23 10:55:05,5fd5beb7-46fc-40d6-94c8-953da1431b22,Web,Storage,128GB USB Flash Drive,1,19.08,19.08
2025-12-23 19:17:49,89152d84-a48b-4f1a-aafc-979b2cbb2ad8,B2B,Headsets,USB Conference Headset,1,63.11,63.11
2025-12-23 20:10:49,ed09427a-5c6d-4483-a932-6b4022dbfe79,B2B,Monitors,27-inch 4K IPS Monitor,1,376.17,376.17
2025-12-23 13:58:53,ec9b3f25-7777-4871-819e-51ea05a972fb,B2B,Mice,Wireless Bluetooth Mouse,1,39.53,39.53
2025-12-23 13:01:56,c583c613-6391-42e8-afa5-5979ec973b06,B2B,Keyboards,Mechanical Gaming Keyboard,1,116.43,116.43
2025-12-24 17:31:35,458c3cd5-6c00-4697-a5aa-6a1b1bed702f,Retail,Keyboards,Mechanical Gaming Keyboard,1,107.98,107.98
2025-12-24 19:51:30,4260deba-5b79-44a4-a338-74eb0634a87b,Retail,Headsets,Noise-Cancelling Gaming Headset,1,123.59,123.59
2025-12-24 16:59:13,061a14c2-be3b-44ad-91e3-8f498cf7224e,Web,Headsets,Wireless Bluetooth Headphones,1,98.7,98.7
2025-12-24 10:36:06,60f49be0-5cab-43f6-a5ce-082c1309e5b9,Retail,Storage,128GB USB Flash Drive,2,22.23,44.46
2025-12-24 17:36:28,7683a793-6976-407c-ae73-dba25c604c2f,Retail,Mice,Wireless Bluetooth Mouse,1,37.21,37.21
2025-12-24 09:44:39,c2aa02c7-0407-444c-9b1c-66c6a0ef676e,Web,Keyboards,Wireless Ergonomic Keyboard,1,78.59,78.59
2025-12-24 14:10:24,0d87d79e-c759-43bb-89d0-979285aa53a8,Web,Storage,128GB USB Flash Drive,2,18.49,36.98
2025-12-24 15:55:37,c3deb989-6c9a-4bc4-8876-1799a6f42f07,Web,Headsets,USB Conference Headset,1,47.47,47.47
2025-12-24 14:26:48,951a7e53-62ce-4265-a550-b0c0b9c0af06,Retail,Storage,128GB USB Flash Drive,2,15.88,31.76
2025-12-24 20:50:13,6cd0a410-87a3-4479-81b5-418137391ae8,B2B,Storage,512GB Portable SSD,1,82.35,82.35
2025-12-24 15:31:02,fc901fcb-e3f5-48fb-b17a-948b1936f7f2,Retail,Monitors,32-inch 8K Professional Monitor,1,1129.83,1129.83
2025-12-24 10:17:02,35feff89-21af-4486-bda8-791af9c7e4b8,Retail,Mice,Vertical Ergonomic Mouse,1,51.28,51.28
2025-12-24 09:08:23,c3aa1573-b54a-419a-87c6-54260d562be2,B2B,Networking,Powerline Ethernet Adapter,2,69.87,139.74
2025-12-24 13:16:39,b48942a8-da72-4657-9fee-790fc6eaa290,B2B,Mice,Wireless Bluetooth Mouse,1,43.92,43.92
2025-12-24 18:56:34,0bbc4027-af4b-4cd6-8170-d08767b312d4,Retail,Mice,Wireless Bluetooth Mouse,2,33.63,67.26
2025-12-24 13:59:47,888e71c4-5a84-49d1-82b5-6d81bf6ffda4,Retail,Headsets,In-Ear Gaming Earbuds,1,34.07,34.07
2025-12-24 14:45:42,42c8313a-e4b7-4e6b-bbf8-227f05536abf,Retail,Monitors,24-inch 144Hz Gaming Monitor,2,275.54,551.08
2025-12-24 12:15:52,7e0c81cc-ca57-4762-bbcd-3425866a5647,Retail,Mice,Vertical Ergonomic Mouse,2,45.55,91.1
2025-12-24 14:01:36,c59b85f3-08be-4cc5-90e0-f97075bc4b54,Web,Networking,Gigabit Ethernet Switch,1,47.67,47.67
2025-12-25 14:43:32,510f1968-f465-4fd0-8352-a4e57a59abf9,Retail,Networking,Wireless Mesh Router System,2,236.57,473.14
2025-12-25 13:53:55,34578a2c-6a87-4b32-a089-f8fdb8d35d85,B2B,Keyboards,Membrane Office Keyboard,1,23.53,23.53
2025-12-25 15:01:15,450cbbf8-bee7-4248-a16b-4b8ed2d43d16,Retail,Headsets,Noise-Cancelling Gaming Headset,1,89.3,89.3
2025-12-25 11:49:29,4fe6e78a-5789-4f56-9584-abf836ae0de6,Retail,Headsets,Noise-Cancelling Gaming Headset,1,112.05,112.05
2025-12-25 11:41:57,6f5c5e8a-b5c0-4d90-a221-b9905165a7e9,Retail,Storage,512GB Portable SSD,2,82.89,165.78
2025-12-25 15:51:06,a379ea3e-6cf2-42f0-a85e-2b19fd1387c0,Web,Headsets,Noise-Cancelling Gaming Headset,1,127.18,127.18
2025-12-25 16:43:33,7e231490-aed6-4882-80d7-51d629a80e6f,Retail,Mice,Optical Gaming Mouse,1,52.31,52.31
2025-12-25 18:07:24,861faf5c-2883-479f-8b66-35459f78658d,B2B,Keyboards,Membrane Office Keyboard,1,40.49,40.49
2025-12-25 14:01:54,1a952586-d395-40d1-b88d-1e2f17c7d578,Retail,Storage,128GB USB Flash Drive,1,20.48,20.48
2025-12-25 15:38:04,447b1c18-9ef3-43c4-b1ad-c5f18c73fafe,B2B,Mice,Vertical Ergonomic Mouse,2,51.93,103.86
2025-12-25 18:32:09,c5a91ca7-9325-4160-b505-d0b39d2a52fd,Retail,Mice,Optical Gaming Mouse,2,66.42,132.84
2025-12-25 20:19:52,db2e5028-0bbb-4c07-80c0-1bd345225e75,Web,Storage,2TB External HDD,2,83.23,166.46
2025-12-25 16:19:14,fc71de9d-0ddb-4138-af2d-d7e77076c5fd,Retail,Keyboards,Membrane Office Keyboard,1,28.21,28.21
2025-12-25 13:39:18,7c9f0a6f-02d4-40d1-8b2e-13c2fff5f00d,Web,Keyboards,RGB Backlit Keyboard,2,63.53,127.06
2025-12-25 15:43:36,754c2b0d-8d7d-4a7a-88d7-f0e16510acd7,B2B,Monitors,24-inch 144Hz Gaming Monitor,1,265.41,265.41
2025-12-26 18:57:06,471bede1-4b58-440e-8138-c2c3919678a2,Retail,Mice,Optical Gaming Mouse,2,64.86,129.72
2025-12-26 12:52:14,6b3c0a49-9f41-4fac-ad52-69e61ca18002,B2B,Headsets,In-Ear Gaming Earbuds,1,41.92,41.92
2025-12-26 14:38:24,872fb403-ec9e-4520-9c12-890ae2a2e28a,B2B,Networking,Powerline Ethernet Adapter,1,53.9,53.9
2025-12-26 18:59:18,b9733e8f-a885-47c2-b6b8-d169a4be0a7c,B2B,Storage,128GB USB Flash Drive,1,18.88,18.88
2025-12-26 14:56:55,c4ff15c9-abd6-4632-9061-95f527cad706,Retail,Monitors,15.6-inch Portable USB-C Monitor,2,155.1,310.2
2025-12-26 12:30:46,9a61aade-a951-4bbf-b229-36fb17e3b180,Retail,Headsets,Wireless Bluetooth Headphones,1,97.62,97.62
2025-12-26 19:49:20,cd9b7fe6-e5bb-4d76-8b39-107a8aa16363,Web,Keyboards,Wireless Ergonomic Keyboard,2,97.48,194.96
2025-12-26 16:30:50,4e54fcae-c0ef-4353-9b85-f722faf1367b,Web,Keyboards,Compact 60% Keyboard,1,69.25,69.25
2025-12-26 18:13:52,ca3351fb-c958-42f1-bd15-f46c6a930cb3,Web,Keyboards,Wireless Ergonomic Keyboard,1,100.18,100.18
2025-12-26 12:10:27,410ac092-51e9-4013-916a-67966e508f7d,B2B,Headsets,Wireless Bluetooth Headphones,2,95.74,191.48
2025-12-26 19:40:19,425baa49-9e3d-40c8-9c60-6a77c0bc52c7,B2B,Monitors,15.6-inch Portable USB-C Monitor,1,173.94,173.94
2025-12-26 17:45:29,feeaa063-bbb6-4d87-b6c8-5e25d3907601,Retail,Storage,2TB External HDD,1,73.76,73.76
2025-12-26 17:56:42,3fd10188-cd9b-4588-b603-587534b70d84,Retail,Headsets,Surround Sound Headphones,1,150.77,150.77
2025-12-26 17:27:28,05a26d68-47af-4d6a-af80-27851bfe7da1,Retail,Keyboards,Membrane Office Keyboard,1,31.45,31.45
2025-12-26 16:50:34,bced9bd3-a447-46e0-a80c-168d2e862f7f,B2B,Mice,Precision Laser Mouse,2,52.43,104.86
2025-12-26 11:38:24,6db5d3b1-769f-4591-bad4-f3e24e564685,Retail,Storage,4TB Desktop HDD,1,130.92,130.92
2025-12-27 16:14:04,c9538551-2da0-4942-9fcd-00c367950e56,Web,Monitors,15.6-inch Portable USB-C Monitor,1,174.77,174.77
2025-12-27 20:57:00,de6667e5-c770-4012-be32-835ff4453f0c,Web,Headsets,Wireless Bluetooth Headphones,1,111.44,111.44
2025-12-27 11:38:49,82ef516d-a934-4bc5-9425-d6567242177f,Web,Storage,512GB Portable SSD,1,94.49,94.49
2025-12-27 15:23:28,a3d35026-9239-4abe-992b-6ecaa11ea02c,Web,Headsets,Surround Sound Headphones,1,155.78,155.78
2025-12-27 15:14:51,2318cfbb-9893-42bb-99a0-030213ee26f2,Web,Mice,Vertical Ergonomic Mouse,2,50.73,101.46
2025-12-27 10:01:56,2c57ca51-21f7-4d13-94ab-92de7b4a146c,Retail,Keyboards,RGB Backlit Keyboard,1,83.48,83.48
2025-12-27 14:25:28,accfa12f-5815-4e7a-b495-5014c2320b16,Web,Storage,128GB USB Flash Drive,1,17.79,17.79
2025-12-27 20:04:42,784da0bd-bae2-44dd-be7e-633daaf2fc74,Retail,Storage,1TB NVMe SSD,2,67.38,134.76
2025-12-27 16:23:26,86095039-3707-4c88-b99e-7592d7c16275,Retail,Networking,USB Wi-Fi Adapter,1,40.49,40.49
2025-12-27 20:59:44,a8692696-9ee6-4cde-af54-09969ae541be,Retail,Networking,Powerline Ethernet Adapter,2,61.22,122.44
2025-12-27 12:15:53,a3ad2ed7-93fd-4b45-a921-f77f97ccbddc,B2B,Monitors,27-inch 4K IPS Monitor,1,458.16,458.16
2025-12-27 09:06:42,99e4331a-16e9-4191-aef9-ab244a7e6269,Retail,Networking,Wireless Mesh Router System,1,302.11,302.11
2025-12-27 15:10:04,b840b250-f351-4de4-9ae6-d92058aa0807,B2B,Storage,128GB USB Flash Drive,1,26.45,26.45
2025-12-28 13:54:44,dbd2de91-fb94-40e9-922e-563158a42942,Retail,Monitors,27-inch 4K IPS Monitor,1,394.84,394.84
2025-12-28 10:17:15,784cfe42-773d-413d-9b26-82b23a824b1c,B2B,Mice,Vertical Ergonomic Mouse,2,46.48,92.96
2025-12-28 16:05:04,e7ef2cf6-234c-4d35-8d6c-c1f991494b8d,B2B,Storage,128GB USB Flash Drive,1,23.32,23.32
2025-12-28 09:05:57,9e518ae0-3283-4315-b602-916b3dbd144e,Web,Mice,Wireless Bluetooth Mouse,1,41.37,41.37
2025-12-28 18:20:39,d86e4bbd-f581-461d-93e0-aad9ddbbb107,B2B,Networking,USB Wi-Fi Adapter,1,31.65,31.65
2025-12-28 15:38:49,7952572c-3246-4315-9250-5defabbd80dc,B2B,Keyboards,Membrane Office Keyboard,1,27.49,27.49
2025-12-28 16:31:38,dbc22b36-9804-4d91-98b0-1c1e08151bb0,Web,Headsets,Noise-Cancelling Gaming Headset,1,119.1,119.1
2025-12-28 14:24:09,99582068-fb80-4e3a-a384-8466d03cd4eb,Retail,Mice,Wireless Bluetooth Mouse,2,49.43,98.86
2025-12-28 11:19:25,6cbb7300-4aa4-428f-9cd8-8155f2da89d5,Web,Storage,4TB Desktop HDD,1,104.02,104.02
2025-12-28 15:48:07,4503fcf6-d5e8-4791-9842-fff2cf4d5eab,Retail,Storage,512GB Portable SSD,2,54.26,108.52
2025-12-28 10:47:33,1e405cf4-9ee7-43b1-adaf-e3249213835f,Retail,Keyboards,Membrane Office Keyboard,2,34.79,69.58
2025-12-28 10:24:03,caeac88d-59d5-479c-b661-f3ae37b53054,B2B,Mice,Precision Laser Mouse,3,80.24,240.72
2025-12-28 16:42:50,92f0a349-d6c0-40ef-8599-f0b6e06b3d46,Retail,Storage,4TB Desktop HDD,2,131.15,262.3
2025-12-28 17:24:54,f68a1a0f-f707-44ec-b36e-6e229b55e2f5,Web,Networking,USB Wi-Fi Adapter,1,36.12,36.12
2025-12-28 20:18:05,95d6aded-e647-4fdf-b808-ebc4bde71f6e,Retail,Networking,Gigabit Ethernet Switch,1,34.99,34.99
2025-12-28 11:47:25,6a5cf042-fc68-4a38-af3e-2f884591f9e2,B2B,Headsets,USB Conference Headset,2,37.21,74.42
2025-12-28 17:03:44,7b0948e3-2b70-4ea2-b526-034ff6743770,Web,Mice,Vertical Ergonomic Mouse,2,51.68,103.36
2025-12-28 19:26:49,0b6bc2ac-9c16-403d-a27c-67c6dc0d1d13,Retail,Networking,Wireless Mesh Router System,1,323.6,323.6
2025-12-28 18:28:02,9af67748-855e-4092-9049-2e222138d919,Retail,Mice,Wireless Bluetooth Mouse,1,37.97,37.97
2025-12-29 19:00:02,7a2c60b4-de3a-4668-a53e-e09fca72aac3,Web,Headsets,Noise-Cancelling Gaming Headset,1,112.27,112.27
2025-12-29 12:27:23,0e2a50ea-b6ec-4484-aed8-3ee26ffc1a31,Web,Headsets,In-Ear Gaming Earbuds,1,41.76,41.76
2025-12-29 16:25:26,410326ff-89fa-44d2-95b4-515b834ffeac,B2B,Storage,2TB External HDD,2,99.69,199.38
2025-12-29 16:50:05,2c5dca9b-3ad5-43d4-8c94-f052c94f586b,Web,Mice,Wireless Bluetooth Mouse,1,53.21,53.21
2025-12-29 16:22:48,9849f8e2-1808-4a22-b499-7933c572b9d5,B2B,Networking,USB Wi-Fi Adapter,1,35.47,35.47
2025-12-29 09:00:57,d3a4004e-3d57-49b5-9266-67f0d4401aca,Retail,Headsets,Wireless Bluetooth Headphones,1,105.28,105.28
2025-12-29 14:23:29,2e47a201-a940-4cfa-990d-46b30b0e400d,B2B,Headsets,Noise-Cancelling Gaming Headset,1,133.26,133.26
2025-12-29 16:30:51,e5b76fe2-06f6-482f-9e5e-3ed9a93915c6,Retail,Keyboards,Mechanical Gaming Keyboard,1,122.24,122.24
2025-12-29 11:51:52,2a9f3a97-c442-4db6-8389-3c7e0f001615,Web,Keyboards,Membrane Office Keyboard,1,23.69,23.69
2025-12-29 10:16:13,6a5e6a24-c806-4a42-99b6-0da05d049b22,B2B,Keyboards,Mechanical Gaming Keyboard,1,138.28,138.28
2025-12-29 16:11:47,1e0b6ecc-cc58-4934-ad14-30b2889c9be6,Retail,Mice,Precision Laser Mouse,1,79.24,79.24
2025-12-29 16:58:17,3a790f0f-deee-49d2-81c5-7db5db62d11a,Web,Storage,512GB Portable SSD,1,84.63,84.63
2025-12-29 09:22:37,e5991697-eccb-4386-a126-28f6029b255a,Retail,Monitors,27-inch 4K IPS Monitor,1,404.79,404.79
2025-12-29 20:29:40,aa7fc9b4-ebe8-4e4f-a58d-c42e74028d2b,Retail,Storage,4TB Desktop HDD,1,144.84,144.84
2025-12-29 10:11:42,8b5dde55-da06-4756-80f0-78f036644278,Retail,Storage,512GB Portable SSD,1,68.95,68.95
2025-12-29 09:34:13,caa3a066-6362-415e-8e3f-653e52cae199,B2B,Headsets,Noise-Cancelling Gaming Headset,2,115.31,230.62
2025-12-29 14:31:52,c3056239-dc25-4184-b15a-0792096af74f,Web,Monitors,24-inch 144Hz Gaming Monitor,1,215.92,215.92
2025-12-29 19:10:45,a8512c72-019c-4b1a-8f05-12b4b4cca31a,B2B,Keyboards,Wireless Ergonomic Keyboard,1,90.23,90.23
2025-12-30 15:48:04,a3a8502a-b6ce-4fcc-a9b4-957b1fa92c27,Retail,Headsets,Noise-Cancelling Gaming Headset,2,86.97,173.94
2025-12-30 14:34:55,44b324e7-3439-4254-9cc8-903d474241c0,B2B,Mice,Trackball Mouse,2,69.2,138.4
2025-12-30 09:08:49,36ac7a21-61cb-4a99-ab4f-9d2fcd6cb071,Retail,Mice,Vertical Ergonomic Mouse,1,51.73,51.73
2025-12-30 11:11:20,d4b2888c-3e49-4d67-bd25-c94e466118e6,Retail,Storage,4TB Desktop HDD,2,125.56,251.12
2025-12-30 09:24:39,a041142e-e392-4705-8cb4-ea3ece43256a,B2B,Mice,Optical Gaming Mouse,1,53.41,53.41
2025-12-30 19:55:35,444c1369-3a5a-477c-86a8-dd6dbc08e3e3,Web,Headsets,USB Conference Headset,1,51.23,51.23
2025-12-30 17:58:12,c09eb69a-50fd-48c8-9f33-e4572f870722,Retail,Monitors,24-inch 144Hz Gaming Monitor,2,223.32,446.64
2025-12-30 19:00:27,adb531e9-5313-4cd6-aed0-3d53f219bba9,B2B,Mice,Precision Laser Mouse,2,48.99,97.98
2025-12-30 12:54:45,010f0c18-ef69-49a2-8edd-7c5c55874d73,B2B,Storage,2TB External HDD,3,92.72,278.16
2025-12-30 12:44:51,027adf75-3f78-4323-af8e-f9d0ab94b52e,B2B,Mice,Wireless Bluetooth Mouse,2,40.3,80.6
2025-12-30 17:38:44,a64f4a60-48df-4c62-8340-4c27cce96e39,B2B,Storage,128GB USB Flash Drive,2,18.7,37.4
2025-12-30 19:15:30,907c30e8-3107-462b-931d-0105bf73ec70,Web,Mice,Precision Laser Mouse,2,93.57,187.14
2025-12-30 18:03:40,6a255afa-88d7-4da4-9ab5-24d61f662bee,Retail,Storage,128GB USB Flash Drive,1,24.2,24.2
2025-12-31 10:12:00,252b55fe-eac7-4a25-a268-48b8e0b2c7aa,Web,Storage,1TB NVMe SSD,2,117.99,235.98
2025-12-31 18:34:59,ae586d76-e62b-4586-9bf0-51263da6b99e,Retail,Networking,USB Wi-Fi Adapter,1,33.62,33.62
2025-12-31 16:13:57,f39eae92-07f0-4ced-b5e3-7bb7aa64773f,Web,Headsets,In-Ear Gaming Earbuds,1,42.55,42.55
2025-12-31 15:10:32,aee33ad7-6daa-4c04-ac16-d7be917b0d04,Retail,Keyboards,Membrane Office Keyboard,1,33.87,33.87
2025-12-31 16:10:22,e9dfb733-c15b-4e39-8df2-5d4594749c2d,Web,Mice,Wireless Bluetooth Mouse,2,47.34,94.68
2025-12-31 14:53:23,714f722b-0c55-4022-9113-fba7d1dac1b8,Web,Networking,Gigabit Ethernet Switch,2,47.76,95.52
2025-12-31 11:16:29,19972e0c-6559-48e6-8f37-069e7613a8ec,Retail,Keyboards,Wireless Ergonomic Keyboard,1,69.96,69.96
2025-12-31 14:00:46,3a6cfce3-52b7-469c-b8d9-c9cad01155d2,Web,Mice,Vertical Ergonomic Mouse,1,52.19,52.19
2025-12-31 20:07:56,686d49a4-6fcc-4f00-b693-6eb9da87ac33,Retail,Headsets,Surround Sound Headphones,2,172.83,345.66
2025-12-31 13:06:08,73440884-563f-4397-bce7-0efb32c52f21,B2B,Keyboards,Mechanical Gaming Keyboard,1,133.81,133.81
2025-12-31 09:31:16,de6b1f0c-6df5-430f-910e-6b7e6b111edf,Web,Monitors,24-inch 144Hz Gaming Monitor,2,216.34,432.68
2025-12-31 14:27:37,b4045478-aa3d-4b41-8878-4e0f96024e2c,Web,Monitors,27-inch 4K IPS Monitor,1,292.21,292.21
2025-12-31 11:30:26,cbc91bb6-5c3c-49ec-8393-0831ce26edc8,Web,Storage,1TB NVMe SSD,1,62.99,62.99
2025-12-31 13:28:14,e9d324cf-d7fe-4a3f-a602-00463676df5f,B2B,Headsets,USB Conference Headset,2,42.21,84.42
2025-12-31 18:59:09,41765908-b992-4de3-aa7e-9abdfb9ac726,Web,Monitors,15.6-inch Portable USB-C Monitor,2,156.74,313.48
2025-12-31 09:23:26,3e389d92-31a4-4ae0-bae2-59c5d3f5d0e4,Web,Keyboards,Membrane Office Keyboard,1,27.07,27.07
2025-12-31 11:19:53,83ad7704-501d-4ac4-a121-5c4011c65979,Web,Storage,128GB USB Flash Drive,2,23.11,46.22
